C:\Users\iamsa\Documents\ISAB-r\.venv\Lib\site-packages\tabpfn\scripts\transformer_prediction_interface.py:530: FutureWarning: `torch.cuda.amp.autocast(args...)` is deprecated. Please use `torch.amp.autocast('cuda', args...)` instead.
  with torch.cuda.amp.autocast(enabled=fp16_inference):
C:\Users\iamsa\Documents\ISAB-r\.venv\Lib\site-packages\torch\_dynamo\eval_frame.py:632: UserWarning: torch.utils.checkpoint: the use_reentrant parameter should be passed explicitly. In version 2.5 we will raise an exception if use_reentrant is not passed. use_reentrant=False is recommended, but if you need to preserve the current default behavior, you can pass use_reentrant=True. Refer to docs for more details on the differences between the two variants.
  return fn(*args, **kwargs)
C:\Users\iamsa\Documents\ISAB-r\.venv\Lib\site-packages\tabpfn\scripts\transformer_prediction_interface.py:530: FutureWarning: `torch.cuda.amp.autocast(args...)` is deprecated. Please use `torch.amp.autocast('cuda', args...)` instead.
  with torch.cuda.amp.autocast(enabled=fp16_inference):
C:\Users\iamsa\Documents\ISAB-r\.venv\Lib\site-packages\torch\_dynamo\eval_frame.py:632: UserWarning: torch.utils.checkpoint: the use_reentrant parameter should be passed explicitly. In version 2.5 we will raise an exception if use_reentrant is not passed. use_reentrant=False is recommended, but if you need to preserve the current default behavior, you can pass use_reentrant=True. Refer to docs for more details on the differences between the two variants.
  return fn(*args, **kwargs)
C:\Users\iamsa\Documents\ISAB-r\.venv\Lib\site-packages\tabpfn\scripts\transformer_prediction_interface.py:530: FutureWarning: `torch.cuda.amp.autocast(args...)` is deprecated. Please use `torch.amp.autocast('cuda', args...)` instead.
  with torch.cuda.amp.autocast(enabled=fp16_inference):
C:\Users\iamsa\Documents\ISAB-r\.venv\Lib\site-packages\torch\_dynamo\eval_frame.py:632: UserWarning: torch.utils.checkpoint: the use_reentrant parameter should be passed explicitly. In version 2.5 we will raise an exception if use_reentrant is not passed. use_reentrant=False is recommended, but if you need to preserve the current default behavior, you can pass use_reentrant=True. Refer to docs for more details on the differences between the two variants.
  return fn(*args, **kwargs)
C:\Users\iamsa\Documents\ISAB-r\.venv\Lib\site-packages\tabpfn\scripts\transformer_prediction_interface.py:530: FutureWarning: `torch.cuda.amp.autocast(args...)` is deprecated. Please use `torch.amp.autocast('cuda', args...)` instead.
  with torch.cuda.amp.autocast(enabled=fp16_inference):
C:\Users\iamsa\Documents\ISAB-r\.venv\Lib\site-packages\torch\_dynamo\eval_frame.py:632: UserWarning: torch.utils.checkpoint: the use_reentrant parameter should be passed explicitly. In version 2.5 we will raise an exception if use_reentrant is not passed. use_reentrant=False is recommended, but if you need to preserve the current default behavior, you can pass use_reentrant=True. Refer to docs for more details on the differences between the two variants.
  return fn(*args, **kwargs)
C:\Users\iamsa\Documents\ISAB-r\.venv\Lib\site-packages\tabpfn\scripts\transformer_prediction_interface.py:530: FutureWarning: `torch.cuda.amp.autocast(args...)` is deprecated. Please use `torch.amp.autocast('cuda', args...)` instead.
  with torch.cuda.amp.autocast(enabled=fp16_inference):
C:\Users\iamsa\Documents\ISAB-r\.venv\Lib\site-packages\torch\_dynamo\eval_frame.py:632: UserWarning: torch.utils.checkpoint: the use_reentrant parameter should be passed explicitly. In version 2.5 we will raise an exception if use_reentrant is not passed. use_reentrant=False is recommended, but if you need to preserve the current default behavior, you can pass use_reentrant=True. Refer to docs for more details on the differences between the two variants.
  return fn(*args, **kwargs)
C:\Users\iamsa\Documents\ISAB-r\.venv\Lib\site-packages\tabpfn\scripts\transformer_prediction_interface.py:530: FutureWarning: `torch.cuda.amp.autocast(args...)` is deprecated. Please use `torch.amp.autocast('cuda', args...)` instead.
  with torch.cuda.amp.autocast(enabled=fp16_inference):
C:\Users\iamsa\Documents\ISAB-r\.venv\Lib\site-packages\torch\_dynamo\eval_frame.py:632: UserWarning: torch.utils.checkpoint: the use_reentrant parameter should be passed explicitly. In version 2.5 we will raise an exception if use_reentrant is not passed. use_reentrant=False is recommended, but if you need to preserve the current default behavior, you can pass use_reentrant=True. Refer to docs for more details on the differences between the two variants.
  return fn(*args, **kwargs)
C:\Users\iamsa\Documents\ISAB-r\.venv\Lib\site-packages\tabpfn\scripts\transformer_prediction_interface.py:530: FutureWarning: `torch.cuda.amp.autocast(args...)` is deprecated. Please use `torch.amp.autocast('cuda', args...)` instead.
  with torch.cuda.amp.autocast(enabled=fp16_inference):
C:\Users\iamsa\Documents\ISAB-r\.venv\Lib\site-packages\torch\_dynamo\eval_frame.py:632: UserWarning: torch.utils.checkpoint: the use_reentrant parameter should be passed explicitly. In version 2.5 we will raise an exception if use_reentrant is not passed. use_reentrant=False is recommended, but if you need to preserve the current default behavior, you can pass use_reentrant=True. Refer to docs for more details on the differences between the two variants.
  return fn(*args, **kwargs)
C:\Users\iamsa\Documents\ISAB-r\.venv\Lib\site-packages\tabpfn\scripts\transformer_prediction_interface.py:530: FutureWarning: `torch.cuda.amp.autocast(args...)` is deprecated. Please use `torch.amp.autocast('cuda', args...)` instead.
  with torch.cuda.amp.autocast(enabled=fp16_inference):
C:\Users\iamsa\Documents\ISAB-r\.venv\Lib\site-packages\torch\_dynamo\eval_frame.py:632: UserWarning: torch.utils.checkpoint: the use_reentrant parameter should be passed explicitly. In version 2.5 we will raise an exception if use_reentrant is not passed. use_reentrant=False is recommended, but if you need to preserve the current default behavior, you can pass use_reentrant=True. Refer to docs for more details on the differences between the two variants.
  return fn(*args, **kwargs)
C:\Users\iamsa\Documents\ISAB-r\.venv\Lib\site-packages\tabpfn\scripts\transformer_prediction_interface.py:530: FutureWarning: `torch.cuda.amp.autocast(args...)` is deprecated. Please use `torch.amp.autocast('cuda', args...)` instead.
  with torch.cuda.amp.autocast(enabled=fp16_inference):
C:\Users\iamsa\Documents\ISAB-r\.venv\Lib\site-packages\torch\_dynamo\eval_frame.py:632: UserWarning: torch.utils.checkpoint: the use_reentrant parameter should be passed explicitly. In version 2.5 we will raise an exception if use_reentrant is not passed. use_reentrant=False is recommended, but if you need to preserve the current default behavior, you can pass use_reentrant=True. Refer to docs for more details on the differences between the two variants.
  return fn(*args, **kwargs)
C:\Users\iamsa\Documents\ISAB-r\.venv\Lib\site-packages\tabpfn\scripts\transformer_prediction_interface.py:530: FutureWarning: `torch.cuda.amp.autocast(args...)` is deprecated. Please use `torch.amp.autocast('cuda', args...)` instead.
  with torch.cuda.amp.autocast(enabled=fp16_inference):
C:\Users\iamsa\Documents\ISAB-r\.venv\Lib\site-packages\torch\_dynamo\eval_frame.py:632: UserWarning: torch.utils.checkpoint: the use_reentrant parameter should be passed explicitly. In version 2.5 we will raise an exception if use_reentrant is not passed. use_reentrant=False is recommended, but if you need to preserve the current default behavior, you can pass use_reentrant=True. Refer to docs for more details on the differences between the two variants.
  return fn(*args, **kwargs)
C:\Users\iamsa\Documents\ISAB-r\.venv\Lib\site-packages\tabpfn\scripts\transformer_prediction_interface.py:530: FutureWarning: `torch.cuda.amp.autocast(args...)` is deprecated. Please use `torch.amp.autocast('cuda', args...)` instead.
  with torch.cuda.amp.autocast(enabled=fp16_inference):
C:\Users\iamsa\Documents\ISAB-r\.venv\Lib\site-packages\torch\_dynamo\eval_frame.py:632: UserWarning: torch.utils.checkpoint: the use_reentrant parameter should be passed explicitly. In version 2.5 we will raise an exception if use_reentrant is not passed. use_reentrant=False is recommended, but if you need to preserve the current default behavior, you can pass use_reentrant=True. Refer to docs for more details on the differences between the two variants.
  return fn(*args, **kwargs)
C:\Users\iamsa\Documents\ISAB-r\.venv\Lib\site-packages\tabpfn\scripts\transformer_prediction_interface.py:530: FutureWarning: `torch.cuda.amp.autocast(args...)` is deprecated. Please use `torch.amp.autocast('cuda', args...)` instead.
  with torch.cuda.amp.autocast(enabled=fp16_inference):
C:\Users\iamsa\Documents\ISAB-r\.venv\Lib\site-packages\torch\_dynamo\eval_frame.py:632: UserWarning: torch.utils.checkpoint: the use_reentrant parameter should be passed explicitly. In version 2.5 we will raise an exception if use_reentrant is not passed. use_reentrant=False is recommended, but if you need to preserve the current default behavior, you can pass use_reentrant=True. Refer to docs for more details on the differences between the two variants.
  return fn(*args, **kwargs)
C:\Users\iamsa\Documents\ISAB-r\.venv\Lib\site-packages\tabpfn\scripts\transformer_prediction_interface.py:530: FutureWarning: `torch.cuda.amp.autocast(args...)` is deprecated. Please use `torch.amp.autocast('cuda', args...)` instead.
  with torch.cuda.amp.autocast(enabled=fp16_inference):
C:\Users\iamsa\Documents\ISAB-r\.venv\Lib\site-packages\torch\_dynamo\eval_frame.py:632: UserWarning: torch.utils.checkpoint: the use_reentrant parameter should be passed explicitly. In version 2.5 we will raise an exception if use_reentrant is not passed. use_reentrant=False is recommended, but if you need to preserve the current default behavior, you can pass use_reentrant=True. Refer to docs for more details on the differences between the two variants.
  return fn(*args, **kwargs)
adult 0 N 3000 det 0.0 exact-vs-vanilla maxdiff [3.3974647521972656e-06]
C:\Users\iamsa\Documents\ISAB-r\.venv\Lib\site-packages\tabpfn\scripts\transformer_prediction_interface.py:530: FutureWarning: `torch.cuda.amp.autocast(args...)` is deprecated. Please use `torch.amp.autocast('cuda', args...)` instead.
  with torch.cuda.amp.autocast(enabled=fp16_inference):
C:\Users\iamsa\Documents\ISAB-r\.venv\Lib\site-packages\torch\_dynamo\eval_frame.py:632: UserWarning: torch.utils.checkpoint: the use_reentrant parameter should be passed explicitly. In version 2.5 we will raise an exception if use_reentrant is not passed. use_reentrant=False is recommended, but if you need to preserve the current default behavior, you can pass use_reentrant=True. Refer to docs for more details on the differences between the two variants.
  return fn(*args, **kwargs)
C:\Users\iamsa\Documents\ISAB-r\.venv\Lib\site-packages\tabpfn\scripts\transformer_prediction_interface.py:530: FutureWarning: `torch.cuda.amp.autocast(args...)` is deprecated. Please use `torch.amp.autocast('cuda', args...)` instead.
  with torch.cuda.amp.autocast(enabled=fp16_inference):
C:\Users\iamsa\Documents\ISAB-r\.venv\Lib\site-packages\torch\_dynamo\eval_frame.py:632: UserWarning: torch.utils.checkpoint: the use_reentrant parameter should be passed explicitly. In version 2.5 we will raise an exception if use_reentrant is not passed. use_reentrant=False is recommended, but if you need to preserve the current default behavior, you can pass use_reentrant=True. Refer to docs for more details on the differences between the two variants.
  return fn(*args, **kwargs)
C:\Users\iamsa\Documents\ISAB-r\.venv\Lib\site-packages\tabpfn\scripts\transformer_prediction_interface.py:530: FutureWarning: `torch.cuda.amp.autocast(args...)` is deprecated. Please use `torch.amp.autocast('cuda', args...)` instead.
  with torch.cuda.amp.autocast(enabled=fp16_inference):
C:\Users\iamsa\Documents\ISAB-r\.venv\Lib\site-packages\torch\_dynamo\eval_frame.py:632: UserWarning: torch.utils.checkpoint: the use_reentrant parameter should be passed explicitly. In version 2.5 we will raise an exception if use_reentrant is not passed. use_reentrant=False is recommended, but if you need to preserve the current default behavior, you can pass use_reentrant=True. Refer to docs for more details on the differences between the two variants.
  return fn(*args, **kwargs)
C:\Users\iamsa\Documents\ISAB-r\.venv\Lib\site-packages\tabpfn\scripts\transformer_prediction_interface.py:530: FutureWarning: `torch.cuda.amp.autocast(args...)` is deprecated. Please use `torch.amp.autocast('cuda', args...)` instead.
  with torch.cuda.amp.autocast(enabled=fp16_inference):
C:\Users\iamsa\Documents\ISAB-r\.venv\Lib\site-packages\torch\_dynamo\eval_frame.py:632: UserWarning: torch.utils.checkpoint: the use_reentrant parameter should be passed explicitly. In version 2.5 we will raise an exception if use_reentrant is not passed. use_reentrant=False is recommended, but if you need to preserve the current default behavior, you can pass use_reentrant=True. Refer to docs for more details on the differences between the two variants.
  return fn(*args, **kwargs)
C:\Users\iamsa\Documents\ISAB-r\.venv\Lib\site-packages\tabpfn\scripts\transformer_prediction_interface.py:530: FutureWarning: `torch.cuda.amp.autocast(args...)` is deprecated. Please use `torch.amp.autocast('cuda', args...)` instead.
  with torch.cuda.amp.autocast(enabled=fp16_inference):
C:\Users\iamsa\Documents\ISAB-r\.venv\Lib\site-packages\torch\_dynamo\eval_frame.py:632: UserWarning: torch.utils.checkpoint: the use_reentrant parameter should be passed explicitly. In version 2.5 we will raise an exception if use_reentrant is not passed. use_reentrant=False is recommended, but if you need to preserve the current default behavior, you can pass use_reentrant=True. Refer to docs for more details on the differences between the two variants.
  return fn(*args, **kwargs)
C:\Users\iamsa\Documents\ISAB-r\.venv\Lib\site-packages\tabpfn\scripts\transformer_prediction_interface.py:530: FutureWarning: `torch.cuda.amp.autocast(args...)` is deprecated. Please use `torch.amp.autocast('cuda', args...)` instead.
  with torch.cuda.amp.autocast(enabled=fp16_inference):
C:\Users\iamsa\Documents\ISAB-r\.venv\Lib\site-packages\torch\_dynamo\eval_frame.py:632: UserWarning: torch.utils.checkpoint: the use_reentrant parameter should be passed explicitly. In version 2.5 we will raise an exception if use_reentrant is not passed. use_reentrant=False is recommended, but if you need to preserve the current default behavior, you can pass use_reentrant=True. Refer to docs for more details on the differences between the two variants.
  return fn(*args, **kwargs)
C:\Users\iamsa\Documents\ISAB-r\.venv\Lib\site-packages\tabpfn\scripts\transformer_prediction_interface.py:530: FutureWarning: `torch.cuda.amp.autocast(args...)` is deprecated. Please use `torch.amp.autocast('cuda', args...)` instead.
  with torch.cuda.amp.autocast(enabled=fp16_inference):
C:\Users\iamsa\Documents\ISAB-r\.venv\Lib\site-packages\torch\_dynamo\eval_frame.py:632: UserWarning: torch.utils.checkpoint: the use_reentrant parameter should be passed explicitly. In version 2.5 we will raise an exception if use_reentrant is not passed. use_reentrant=False is recommended, but if you need to preserve the current default behavior, you can pass use_reentrant=True. Refer to docs for more details on the differences between the two variants.
  return fn(*args, **kwargs)
C:\Users\iamsa\Documents\ISAB-r\.venv\Lib\site-packages\tabpfn\scripts\transformer_prediction_interface.py:530: FutureWarning: `torch.cuda.amp.autocast(args...)` is deprecated. Please use `torch.amp.autocast('cuda', args...)` instead.
  with torch.cuda.amp.autocast(enabled=fp16_inference):
C:\Users\iamsa\Documents\ISAB-r\.venv\Lib\site-packages\torch\_dynamo\eval_frame.py:632: UserWarning: torch.utils.checkpoint: the use_reentrant parameter should be passed explicitly. In version 2.5 we will raise an exception if use_reentrant is not passed. use_reentrant=False is recommended, but if you need to preserve the current default behavior, you can pass use_reentrant=True. Refer to docs for more details on the differences between the two variants.
  return fn(*args, **kwargs)
C:\Users\iamsa\Documents\ISAB-r\.venv\Lib\site-packages\tabpfn\scripts\transformer_prediction_interface.py:530: FutureWarning: `torch.cuda.amp.autocast(args...)` is deprecated. Please use `torch.amp.autocast('cuda', args...)` instead.
  with torch.cuda.amp.autocast(enabled=fp16_inference):
C:\Users\iamsa\Documents\ISAB-r\.venv\Lib\site-packages\torch\_dynamo\eval_frame.py:632: UserWarning: torch.utils.checkpoint: the use_reentrant parameter should be passed explicitly. In version 2.5 we will raise an exception if use_reentrant is not passed. use_reentrant=False is recommended, but if you need to preserve the current default behavior, you can pass use_reentrant=True. Refer to docs for more details on the differences between the two variants.
  return fn(*args, **kwargs)
C:\Users\iamsa\Documents\ISAB-r\.venv\Lib\site-packages\tabpfn\scripts\transformer_prediction_interface.py:530: FutureWarning: `torch.cuda.amp.autocast(args...)` is deprecated. Please use `torch.amp.autocast('cuda', args...)` instead.
  with torch.cuda.amp.autocast(enabled=fp16_inference):
C:\Users\iamsa\Documents\ISAB-r\.venv\Lib\site-packages\torch\_dynamo\eval_frame.py:632: UserWarning: torch.utils.checkpoint: the use_reentrant parameter should be passed explicitly. In version 2.5 we will raise an exception if use_reentrant is not passed. use_reentrant=False is recommended, but if you need to preserve the current default behavior, you can pass use_reentrant=True. Refer to docs for more details on the differences between the two variants.
  return fn(*args, **kwargs)
C:\Users\iamsa\Documents\ISAB-r\.venv\Lib\site-packages\tabpfn\scripts\transformer_prediction_interface.py:530: FutureWarning: `torch.cuda.amp.autocast(args...)` is deprecated. Please use `torch.amp.autocast('cuda', args...)` instead.
  with torch.cuda.amp.autocast(enabled=fp16_inference):
C:\Users\iamsa\Documents\ISAB-r\.venv\Lib\site-packages\torch\_dynamo\eval_frame.py:632: UserWarning: torch.utils.checkpoint: the use_reentrant parameter should be passed explicitly. In version 2.5 we will raise an exception if use_reentrant is not passed. use_reentrant=False is recommended, but if you need to preserve the current default behavior, you can pass use_reentrant=True. Refer to docs for more details on the differences between the two variants.
  return fn(*args, **kwargs)
C:\Users\iamsa\Documents\ISAB-r\.venv\Lib\site-packages\tabpfn\scripts\transformer_prediction_interface.py:530: FutureWarning: `torch.cuda.amp.autocast(args...)` is deprecated. Please use `torch.amp.autocast('cuda', args...)` instead.
  with torch.cuda.amp.autocast(enabled=fp16_inference):
C:\Users\iamsa\Documents\ISAB-r\.venv\Lib\site-packages\torch\_dynamo\eval_frame.py:632: UserWarning: torch.utils.checkpoint: the use_reentrant parameter should be passed explicitly. In version 2.5 we will raise an exception if use_reentrant is not passed. use_reentrant=False is recommended, but if you need to preserve the current default behavior, you can pass use_reentrant=True. Refer to docs for more details on the differences between the two variants.
  return fn(*args, **kwargs)
C:\Users\iamsa\Documents\ISAB-r\.venv\Lib\site-packages\tabpfn\scripts\transformer_prediction_interface.py:530: FutureWarning: `torch.cuda.amp.autocast(args...)` is deprecated. Please use `torch.amp.autocast('cuda', args...)` instead.
  with torch.cuda.amp.autocast(enabled=fp16_inference):
C:\Users\iamsa\Documents\ISAB-r\.venv\Lib\site-packages\torch\_dynamo\eval_frame.py:632: UserWarning: torch.utils.checkpoint: the use_reentrant parameter should be passed explicitly. In version 2.5 we will raise an exception if use_reentrant is not passed. use_reentrant=False is recommended, but if you need to preserve the current default behavior, you can pass use_reentrant=True. Refer to docs for more details on the differences between the two variants.
  return fn(*args, **kwargs)
adult 1 N 3000 det 0.0 exact-vs-vanilla maxdiff [3.248453140258789e-06]
C:\Users\iamsa\Documents\ISAB-r\.venv\Lib\site-packages\tabpfn\scripts\transformer_prediction_interface.py:530: FutureWarning: `torch.cuda.amp.autocast(args...)` is deprecated. Please use `torch.amp.autocast('cuda', args...)` instead.
  with torch.cuda.amp.autocast(enabled=fp16_inference):
C:\Users\iamsa\Documents\ISAB-r\.venv\Lib\site-packages\torch\_dynamo\eval_frame.py:632: UserWarning: torch.utils.checkpoint: the use_reentrant parameter should be passed explicitly. In version 2.5 we will raise an exception if use_reentrant is not passed. use_reentrant=False is recommended, but if you need to preserve the current default behavior, you can pass use_reentrant=True. Refer to docs for more details on the differences between the two variants.
  return fn(*args, **kwargs)
C:\Users\iamsa\Documents\ISAB-r\.venv\Lib\site-packages\tabpfn\scripts\transformer_prediction_interface.py:530: FutureWarning: `torch.cuda.amp.autocast(args...)` is deprecated. Please use `torch.amp.autocast('cuda', args...)` instead.
  with torch.cuda.amp.autocast(enabled=fp16_inference):
C:\Users\iamsa\Documents\ISAB-r\.venv\Lib\site-packages\torch\_dynamo\eval_frame.py:632: UserWarning: torch.utils.checkpoint: the use_reentrant parameter should be passed explicitly. In version 2.5 we will raise an exception if use_reentrant is not passed. use_reentrant=False is recommended, but if you need to preserve the current default behavior, you can pass use_reentrant=True. Refer to docs for more details on the differences between the two variants.
  return fn(*args, **kwargs)
C:\Users\iamsa\Documents\ISAB-r\.venv\Lib\site-packages\tabpfn\scripts\transformer_prediction_interface.py:530: FutureWarning: `torch.cuda.amp.autocast(args...)` is deprecated. Please use `torch.amp.autocast('cuda', args...)` instead.
  with torch.cuda.amp.autocast(enabled=fp16_inference):
C:\Users\iamsa\Documents\ISAB-r\.venv\Lib\site-packages\torch\_dynamo\eval_frame.py:632: UserWarning: torch.utils.checkpoint: the use_reentrant parameter should be passed explicitly. In version 2.5 we will raise an exception if use_reentrant is not passed. use_reentrant=False is recommended, but if you need to preserve the current default behavior, you can pass use_reentrant=True. Refer to docs for more details on the differences between the two variants.
  return fn(*args, **kwargs)
C:\Users\iamsa\Documents\ISAB-r\.venv\Lib\site-packages\tabpfn\scripts\transformer_prediction_interface.py:530: FutureWarning: `torch.cuda.amp.autocast(args...)` is deprecated. Please use `torch.amp.autocast('cuda', args...)` instead.
  with torch.cuda.amp.autocast(enabled=fp16_inference):
C:\Users\iamsa\Documents\ISAB-r\.venv\Lib\site-packages\torch\_dynamo\eval_frame.py:632: UserWarning: torch.utils.checkpoint: the use_reentrant parameter should be passed explicitly. In version 2.5 we will raise an exception if use_reentrant is not passed. use_reentrant=False is recommended, but if you need to preserve the current default behavior, you can pass use_reentrant=True. Refer to docs for more details on the differences between the two variants.
  return fn(*args, **kwargs)
C:\Users\iamsa\Documents\ISAB-r\.venv\Lib\site-packages\tabpfn\scripts\transformer_prediction_interface.py:530: FutureWarning: `torch.cuda.amp.autocast(args...)` is deprecated. Please use `torch.amp.autocast('cuda', args...)` instead.
  with torch.cuda.amp.autocast(enabled=fp16_inference):
C:\Users\iamsa\Documents\ISAB-r\.venv\Lib\site-packages\torch\_dynamo\eval_frame.py:632: UserWarning: torch.utils.checkpoint: the use_reentrant parameter should be passed explicitly. In version 2.5 we will raise an exception if use_reentrant is not passed. use_reentrant=False is recommended, but if you need to preserve the current default behavior, you can pass use_reentrant=True. Refer to docs for more details on the differences between the two variants.
  return fn(*args, **kwargs)
C:\Users\iamsa\Documents\ISAB-r\.venv\Lib\site-packages\tabpfn\scripts\transformer_prediction_interface.py:530: FutureWarning: `torch.cuda.amp.autocast(args...)` is deprecated. Please use `torch.amp.autocast('cuda', args...)` instead.
  with torch.cuda.amp.autocast(enabled=fp16_inference):
C:\Users\iamsa\Documents\ISAB-r\.venv\Lib\site-packages\torch\_dynamo\eval_frame.py:632: UserWarning: torch.utils.checkpoint: the use_reentrant parameter should be passed explicitly. In version 2.5 we will raise an exception if use_reentrant is not passed. use_reentrant=False is recommended, but if you need to preserve the current default behavior, you can pass use_reentrant=True. Refer to docs for more details on the differences between the two variants.
  return fn(*args, **kwargs)
C:\Users\iamsa\Documents\ISAB-r\.venv\Lib\site-packages\tabpfn\scripts\transformer_prediction_interface.py:530: FutureWarning: `torch.cuda.amp.autocast(args...)` is deprecated. Please use `torch.amp.autocast('cuda', args...)` instead.
  with torch.cuda.amp.autocast(enabled=fp16_inference):
C:\Users\iamsa\Documents\ISAB-r\.venv\Lib\site-packages\torch\_dynamo\eval_frame.py:632: UserWarning: torch.utils.checkpoint: the use_reentrant parameter should be passed explicitly. In version 2.5 we will raise an exception if use_reentrant is not passed. use_reentrant=False is recommended, but if you need to preserve the current default behavior, you can pass use_reentrant=True. Refer to docs for more details on the differences between the two variants.
  return fn(*args, **kwargs)
C:\Users\iamsa\Documents\ISAB-r\.venv\Lib\site-packages\tabpfn\scripts\transformer_prediction_interface.py:530: FutureWarning: `torch.cuda.amp.autocast(args...)` is deprecated. Please use `torch.amp.autocast('cuda', args...)` instead.
  with torch.cuda.amp.autocast(enabled=fp16_inference):
C:\Users\iamsa\Documents\ISAB-r\.venv\Lib\site-packages\torch\_dynamo\eval_frame.py:632: UserWarning: torch.utils.checkpoint: the use_reentrant parameter should be passed explicitly. In version 2.5 we will raise an exception if use_reentrant is not passed. use_reentrant=False is recommended, but if you need to preserve the current default behavior, you can pass use_reentrant=True. Refer to docs for more details on the differences between the two variants.
  return fn(*args, **kwargs)
C:\Users\iamsa\Documents\ISAB-r\.venv\Lib\site-packages\tabpfn\scripts\transformer_prediction_interface.py:530: FutureWarning: `torch.cuda.amp.autocast(args...)` is deprecated. Please use `torch.amp.autocast('cuda', args...)` instead.
  with torch.cuda.amp.autocast(enabled=fp16_inference):
C:\Users\iamsa\Documents\ISAB-r\.venv\Lib\site-packages\torch\_dynamo\eval_frame.py:632: UserWarning: torch.utils.checkpoint: the use_reentrant parameter should be passed explicitly. In version 2.5 we will raise an exception if use_reentrant is not passed. use_reentrant=False is recommended, but if you need to preserve the current default behavior, you can pass use_reentrant=True. Refer to docs for more details on the differences between the two variants.
  return fn(*args, **kwargs)
C:\Users\iamsa\Documents\ISAB-r\.venv\Lib\site-packages\tabpfn\scripts\transformer_prediction_interface.py:530: FutureWarning: `torch.cuda.amp.autocast(args...)` is deprecated. Please use `torch.amp.autocast('cuda', args...)` instead.
  with torch.cuda.amp.autocast(enabled=fp16_inference):
C:\Users\iamsa\Documents\ISAB-r\.venv\Lib\site-packages\torch\_dynamo\eval_frame.py:632: UserWarning: torch.utils.checkpoint: the use_reentrant parameter should be passed explicitly. In version 2.5 we will raise an exception if use_reentrant is not passed. use_reentrant=False is recommended, but if you need to preserve the current default behavior, you can pass use_reentrant=True. Refer to docs for more details on the differences between the two variants.
  return fn(*args, **kwargs)
C:\Users\iamsa\Documents\ISAB-r\.venv\Lib\site-packages\tabpfn\scripts\transformer_prediction_interface.py:530: FutureWarning: `torch.cuda.amp.autocast(args...)` is deprecated. Please use `torch.amp.autocast('cuda', args...)` instead.
  with torch.cuda.amp.autocast(enabled=fp16_inference):
C:\Users\iamsa\Documents\ISAB-r\.venv\Lib\site-packages\torch\_dynamo\eval_frame.py:632: UserWarning: torch.utils.checkpoint: the use_reentrant parameter should be passed explicitly. In version 2.5 we will raise an exception if use_reentrant is not passed. use_reentrant=False is recommended, but if you need to preserve the current default behavior, you can pass use_reentrant=True. Refer to docs for more details on the differences between the two variants.
  return fn(*args, **kwargs)
C:\Users\iamsa\Documents\ISAB-r\.venv\Lib\site-packages\tabpfn\scripts\transformer_prediction_interface.py:530: FutureWarning: `torch.cuda.amp.autocast(args...)` is deprecated. Please use `torch.amp.autocast('cuda', args...)` instead.
  with torch.cuda.amp.autocast(enabled=fp16_inference):
C:\Users\iamsa\Documents\ISAB-r\.venv\Lib\site-packages\torch\_dynamo\eval_frame.py:632: UserWarning: torch.utils.checkpoint: the use_reentrant parameter should be passed explicitly. In version 2.5 we will raise an exception if use_reentrant is not passed. use_reentrant=False is recommended, but if you need to preserve the current default behavior, you can pass use_reentrant=True. Refer to docs for more details on the differences between the two variants.
  return fn(*args, **kwargs)
C:\Users\iamsa\Documents\ISAB-r\.venv\Lib\site-packages\tabpfn\scripts\transformer_prediction_interface.py:530: FutureWarning: `torch.cuda.amp.autocast(args...)` is deprecated. Please use `torch.amp.autocast('cuda', args...)` instead.
  with torch.cuda.amp.autocast(enabled=fp16_inference):
C:\Users\iamsa\Documents\ISAB-r\.venv\Lib\site-packages\torch\_dynamo\eval_frame.py:632: UserWarning: torch.utils.checkpoint: the use_reentrant parameter should be passed explicitly. In version 2.5 we will raise an exception if use_reentrant is not passed. use_reentrant=False is recommended, but if you need to preserve the current default behavior, you can pass use_reentrant=True. Refer to docs for more details on the differences between the two variants.
  return fn(*args, **kwargs)
bank-marketing 0 N 3000 det 0.0 exact-vs-vanilla maxdiff [2.562999725341797e-06]
C:\Users\iamsa\Documents\ISAB-r\.venv\Lib\site-packages\tabpfn\scripts\transformer_prediction_interface.py:530: FutureWarning: `torch.cuda.amp.autocast(args...)` is deprecated. Please use `torch.amp.autocast('cuda', args...)` instead.
  with torch.cuda.amp.autocast(enabled=fp16_inference):
C:\Users\iamsa\Documents\ISAB-r\.venv\Lib\site-packages\torch\_dynamo\eval_frame.py:632: UserWarning: torch.utils.checkpoint: the use_reentrant parameter should be passed explicitly. In version 2.5 we will raise an exception if use_reentrant is not passed. use_reentrant=False is recommended, but if you need to preserve the current default behavior, you can pass use_reentrant=True. Refer to docs for more details on the differences between the two variants.
  return fn(*args, **kwargs)
C:\Users\iamsa\Documents\ISAB-r\.venv\Lib\site-packages\tabpfn\scripts\transformer_prediction_interface.py:530: FutureWarning: `torch.cuda.amp.autocast(args...)` is deprecated. Please use `torch.amp.autocast('cuda', args...)` instead.
  with torch.cuda.amp.autocast(enabled=fp16_inference):
C:\Users\iamsa\Documents\ISAB-r\.venv\Lib\site-packages\torch\_dynamo\eval_frame.py:632: UserWarning: torch.utils.checkpoint: the use_reentrant parameter should be passed explicitly. In version 2.5 we will raise an exception if use_reentrant is not passed. use_reentrant=False is recommended, but if you need to preserve the current default behavior, you can pass use_reentrant=True. Refer to docs for more details on the differences between the two variants.
  return fn(*args, **kwargs)
C:\Users\iamsa\Documents\ISAB-r\.venv\Lib\site-packages\tabpfn\scripts\transformer_prediction_interface.py:530: FutureWarning: `torch.cuda.amp.autocast(args...)` is deprecated. Please use `torch.amp.autocast('cuda', args...)` instead.
  with torch.cuda.amp.autocast(enabled=fp16_inference):
C:\Users\iamsa\Documents\ISAB-r\.venv\Lib\site-packages\torch\_dynamo\eval_frame.py:632: UserWarning: torch.utils.checkpoint: the use_reentrant parameter should be passed explicitly. In version 2.5 we will raise an exception if use_reentrant is not passed. use_reentrant=False is recommended, but if you need to preserve the current default behavior, you can pass use_reentrant=True. Refer to docs for more details on the differences between the two variants.
  return fn(*args, **kwargs)
C:\Users\iamsa\Documents\ISAB-r\.venv\Lib\site-packages\tabpfn\scripts\transformer_prediction_interface.py:530: FutureWarning: `torch.cuda.amp.autocast(args...)` is deprecated. Please use `torch.amp.autocast('cuda', args...)` instead.
  with torch.cuda.amp.autocast(enabled=fp16_inference):
C:\Users\iamsa\Documents\ISAB-r\.venv\Lib\site-packages\torch\_dynamo\eval_frame.py:632: UserWarning: torch.utils.checkpoint: the use_reentrant parameter should be passed explicitly. In version 2.5 we will raise an exception if use_reentrant is not passed. use_reentrant=False is recommended, but if you need to preserve the current default behavior, you can pass use_reentrant=True. Refer to docs for more details on the differences between the two variants.
  return fn(*args, **kwargs)
C:\Users\iamsa\Documents\ISAB-r\.venv\Lib\site-packages\tabpfn\scripts\transformer_prediction_interface.py:530: FutureWarning: `torch.cuda.amp.autocast(args...)` is deprecated. Please use `torch.amp.autocast('cuda', args...)` instead.
  with torch.cuda.amp.autocast(enabled=fp16_inference):
C:\Users\iamsa\Documents\ISAB-r\.venv\Lib\site-packages\torch\_dynamo\eval_frame.py:632: UserWarning: torch.utils.checkpoint: the use_reentrant parameter should be passed explicitly. In version 2.5 we will raise an exception if use_reentrant is not passed. use_reentrant=False is recommended, but if you need to preserve the current default behavior, you can pass use_reentrant=True. Refer to docs for more details on the differences between the two variants.
  return fn(*args, **kwargs)
C:\Users\iamsa\Documents\ISAB-r\.venv\Lib\site-packages\tabpfn\scripts\transformer_prediction_interface.py:530: FutureWarning: `torch.cuda.amp.autocast(args...)` is deprecated. Please use `torch.amp.autocast('cuda', args...)` instead.
  with torch.cuda.amp.autocast(enabled=fp16_inference):
C:\Users\iamsa\Documents\ISAB-r\.venv\Lib\site-packages\torch\_dynamo\eval_frame.py:632: UserWarning: torch.utils.checkpoint: the use_reentrant parameter should be passed explicitly. In version 2.5 we will raise an exception if use_reentrant is not passed. use_reentrant=False is recommended, but if you need to preserve the current default behavior, you can pass use_reentrant=True. Refer to docs for more details on the differences between the two variants.
  return fn(*args, **kwargs)
C:\Users\iamsa\Documents\ISAB-r\.venv\Lib\site-packages\tabpfn\scripts\transformer_prediction_interface.py:530: FutureWarning: `torch.cuda.amp.autocast(args...)` is deprecated. Please use `torch.amp.autocast('cuda', args...)` instead.
  with torch.cuda.amp.autocast(enabled=fp16_inference):
C:\Users\iamsa\Documents\ISAB-r\.venv\Lib\site-packages\torch\_dynamo\eval_frame.py:632: UserWarning: torch.utils.checkpoint: the use_reentrant parameter should be passed explicitly. In version 2.5 we will raise an exception if use_reentrant is not passed. use_reentrant=False is recommended, but if you need to preserve the current default behavior, you can pass use_reentrant=True. Refer to docs for more details on the differences between the two variants.
  return fn(*args, **kwargs)
C:\Users\iamsa\Documents\ISAB-r\.venv\Lib\site-packages\tabpfn\scripts\transformer_prediction_interface.py:530: FutureWarning: `torch.cuda.amp.autocast(args...)` is deprecated. Please use `torch.amp.autocast('cuda', args...)` instead.
  with torch.cuda.amp.autocast(enabled=fp16_inference):
C:\Users\iamsa\Documents\ISAB-r\.venv\Lib\site-packages\torch\_dynamo\eval_frame.py:632: UserWarning: torch.utils.checkpoint: the use_reentrant parameter should be passed explicitly. In version 2.5 we will raise an exception if use_reentrant is not passed. use_reentrant=False is recommended, but if you need to preserve the current default behavior, you can pass use_reentrant=True. Refer to docs for more details on the differences between the two variants.
  return fn(*args, **kwargs)
C:\Users\iamsa\Documents\ISAB-r\.venv\Lib\site-packages\tabpfn\scripts\transformer_prediction_interface.py:530: FutureWarning: `torch.cuda.amp.autocast(args...)` is deprecated. Please use `torch.amp.autocast('cuda', args...)` instead.
  with torch.cuda.amp.autocast(enabled=fp16_inference):
C:\Users\iamsa\Documents\ISAB-r\.venv\Lib\site-packages\torch\_dynamo\eval_frame.py:632: UserWarning: torch.utils.checkpoint: the use_reentrant parameter should be passed explicitly. In version 2.5 we will raise an exception if use_reentrant is not passed. use_reentrant=False is recommended, but if you need to preserve the current default behavior, you can pass use_reentrant=True. Refer to docs for more details on the differences between the two variants.
  return fn(*args, **kwargs)
C:\Users\iamsa\Documents\ISAB-r\.venv\Lib\site-packages\tabpfn\scripts\transformer_prediction_interface.py:530: FutureWarning: `torch.cuda.amp.autocast(args...)` is deprecated. Please use `torch.amp.autocast('cuda', args...)` instead.
  with torch.cuda.amp.autocast(enabled=fp16_inference):
C:\Users\iamsa\Documents\ISAB-r\.venv\Lib\site-packages\torch\_dynamo\eval_frame.py:632: UserWarning: torch.utils.checkpoint: the use_reentrant parameter should be passed explicitly. In version 2.5 we will raise an exception if use_reentrant is not passed. use_reentrant=False is recommended, but if you need to preserve the current default behavior, you can pass use_reentrant=True. Refer to docs for more details on the differences between the two variants.
  return fn(*args, **kwargs)
C:\Users\iamsa\Documents\ISAB-r\.venv\Lib\site-packages\tabpfn\scripts\transformer_prediction_interface.py:530: FutureWarning: `torch.cuda.amp.autocast(args...)` is deprecated. Please use `torch.amp.autocast('cuda', args...)` instead.
  with torch.cuda.amp.autocast(enabled=fp16_inference):
C:\Users\iamsa\Documents\ISAB-r\.venv\Lib\site-packages\torch\_dynamo\eval_frame.py:632: UserWarning: torch.utils.checkpoint: the use_reentrant parameter should be passed explicitly. In version 2.5 we will raise an exception if use_reentrant is not passed. use_reentrant=False is recommended, but if you need to preserve the current default behavior, you can pass use_reentrant=True. Refer to docs for more details on the differences between the two variants.
  return fn(*args, **kwargs)
C:\Users\iamsa\Documents\ISAB-r\.venv\Lib\site-packages\tabpfn\scripts\transformer_prediction_interface.py:530: FutureWarning: `torch.cuda.amp.autocast(args...)` is deprecated. Please use `torch.amp.autocast('cuda', args...)` instead.
  with torch.cuda.amp.autocast(enabled=fp16_inference):
C:\Users\iamsa\Documents\ISAB-r\.venv\Lib\site-packages\torch\_dynamo\eval_frame.py:632: UserWarning: torch.utils.checkpoint: the use_reentrant parameter should be passed explicitly. In version 2.5 we will raise an exception if use_reentrant is not passed. use_reentrant=False is recommended, but if you need to preserve the current default behavior, you can pass use_reentrant=True. Refer to docs for more details on the differences between the two variants.
  return fn(*args, **kwargs)
C:\Users\iamsa\Documents\ISAB-r\.venv\Lib\site-packages\tabpfn\scripts\transformer_prediction_interface.py:530: FutureWarning: `torch.cuda.amp.autocast(args...)` is deprecated. Please use `torch.amp.autocast('cuda', args...)` instead.
  with torch.cuda.amp.autocast(enabled=fp16_inference):
C:\Users\iamsa\Documents\ISAB-r\.venv\Lib\site-packages\torch\_dynamo\eval_frame.py:632: UserWarning: torch.utils.checkpoint: the use_reentrant parameter should be passed explicitly. In version 2.5 we will raise an exception if use_reentrant is not passed. use_reentrant=False is recommended, but if you need to preserve the current default behavior, you can pass use_reentrant=True. Refer to docs for more details on the differences between the two variants.
  return fn(*args, **kwargs)
bank-marketing 1 N 3000 det 0.0 exact-vs-vanilla maxdiff [2.3543834686279297e-06]
C:\Users\iamsa\Documents\ISAB-r\.venv\Lib\site-packages\tabpfn\scripts\transformer_prediction_interface.py:530: FutureWarning: `torch.cuda.amp.autocast(args...)` is deprecated. Please use `torch.amp.autocast('cuda', args...)` instead.
  with torch.cuda.amp.autocast(enabled=fp16_inference):
C:\Users\iamsa\Documents\ISAB-r\.venv\Lib\site-packages\torch\_dynamo\eval_frame.py:632: UserWarning: torch.utils.checkpoint: the use_reentrant parameter should be passed explicitly. In version 2.5 we will raise an exception if use_reentrant is not passed. use_reentrant=False is recommended, but if you need to preserve the current default behavior, you can pass use_reentrant=True. Refer to docs for more details on the differences between the two variants.
  return fn(*args, **kwargs)
C:\Users\iamsa\Documents\ISAB-r\.venv\Lib\site-packages\tabpfn\scripts\transformer_prediction_interface.py:530: FutureWarning: `torch.cuda.amp.autocast(args...)` is deprecated. Please use `torch.amp.autocast('cuda', args...)` instead.
  with torch.cuda.amp.autocast(enabled=fp16_inference):
C:\Users\iamsa\Documents\ISAB-r\.venv\Lib\site-packages\torch\_dynamo\eval_frame.py:632: UserWarning: torch.utils.checkpoint: the use_reentrant parameter should be passed explicitly. In version 2.5 we will raise an exception if use_reentrant is not passed. use_reentrant=False is recommended, but if you need to preserve the current default behavior, you can pass use_reentrant=True. Refer to docs for more details on the differences between the two variants.
  return fn(*args, **kwargs)
C:\Users\iamsa\Documents\ISAB-r\.venv\Lib\site-packages\tabpfn\scripts\transformer_prediction_interface.py:530: FutureWarning: `torch.cuda.amp.autocast(args...)` is deprecated. Please use `torch.amp.autocast('cuda', args...)` instead.
  with torch.cuda.amp.autocast(enabled=fp16_inference):
C:\Users\iamsa\Documents\ISAB-r\.venv\Lib\site-packages\torch\_dynamo\eval_frame.py:632: UserWarning: torch.utils.checkpoint: the use_reentrant parameter should be passed explicitly. In version 2.5 we will raise an exception if use_reentrant is not passed. use_reentrant=False is recommended, but if you need to preserve the current default behavior, you can pass use_reentrant=True. Refer to docs for more details on the differences between the two variants.
  return fn(*args, **kwargs)
C:\Users\iamsa\Documents\ISAB-r\.venv\Lib\site-packages\tabpfn\scripts\transformer_prediction_interface.py:530: FutureWarning: `torch.cuda.amp.autocast(args...)` is deprecated. Please use `torch.amp.autocast('cuda', args...)` instead.
  with torch.cuda.amp.autocast(enabled=fp16_inference):
C:\Users\iamsa\Documents\ISAB-r\.venv\Lib\site-packages\torch\_dynamo\eval_frame.py:632: UserWarning: torch.utils.checkpoint: the use_reentrant parameter should be passed explicitly. In version 2.5 we will raise an exception if use_reentrant is not passed. use_reentrant=False is recommended, but if you need to preserve the current default behavior, you can pass use_reentrant=True. Refer to docs for more details on the differences between the two variants.
  return fn(*args, **kwargs)
C:\Users\iamsa\Documents\ISAB-r\.venv\Lib\site-packages\tabpfn\scripts\transformer_prediction_interface.py:530: FutureWarning: `torch.cuda.amp.autocast(args...)` is deprecated. Please use `torch.amp.autocast('cuda', args...)` instead.
  with torch.cuda.amp.autocast(enabled=fp16_inference):
C:\Users\iamsa\Documents\ISAB-r\.venv\Lib\site-packages\torch\_dynamo\eval_frame.py:632: UserWarning: torch.utils.checkpoint: the use_reentrant parameter should be passed explicitly. In version 2.5 we will raise an exception if use_reentrant is not passed. use_reentrant=False is recommended, but if you need to preserve the current default behavior, you can pass use_reentrant=True. Refer to docs for more details on the differences between the two variants.
  return fn(*args, **kwargs)
C:\Users\iamsa\Documents\ISAB-r\.venv\Lib\site-packages\tabpfn\scripts\transformer_prediction_interface.py:530: FutureWarning: `torch.cuda.amp.autocast(args...)` is deprecated. Please use `torch.amp.autocast('cuda', args...)` instead.
  with torch.cuda.amp.autocast(enabled=fp16_inference):
C:\Users\iamsa\Documents\ISAB-r\.venv\Lib\site-packages\torch\_dynamo\eval_frame.py:632: UserWarning: torch.utils.checkpoint: the use_reentrant parameter should be passed explicitly. In version 2.5 we will raise an exception if use_reentrant is not passed. use_reentrant=False is recommended, but if you need to preserve the current default behavior, you can pass use_reentrant=True. Refer to docs for more details on the differences between the two variants.
  return fn(*args, **kwargs)
C:\Users\iamsa\Documents\ISAB-r\.venv\Lib\site-packages\tabpfn\scripts\transformer_prediction_interface.py:530: FutureWarning: `torch.cuda.amp.autocast(args...)` is deprecated. Please use `torch.amp.autocast('cuda', args...)` instead.
  with torch.cuda.amp.autocast(enabled=fp16_inference):
C:\Users\iamsa\Documents\ISAB-r\.venv\Lib\site-packages\torch\_dynamo\eval_frame.py:632: UserWarning: torch.utils.checkpoint: the use_reentrant parameter should be passed explicitly. In version 2.5 we will raise an exception if use_reentrant is not passed. use_reentrant=False is recommended, but if you need to preserve the current default behavior, you can pass use_reentrant=True. Refer to docs for more details on the differences between the two variants.
  return fn(*args, **kwargs)
C:\Users\iamsa\Documents\ISAB-r\.venv\Lib\site-packages\tabpfn\scripts\transformer_prediction_interface.py:530: FutureWarning: `torch.cuda.amp.autocast(args...)` is deprecated. Please use `torch.amp.autocast('cuda', args...)` instead.
  with torch.cuda.amp.autocast(enabled=fp16_inference):
C:\Users\iamsa\Documents\ISAB-r\.venv\Lib\site-packages\torch\_dynamo\eval_frame.py:632: UserWarning: torch.utils.checkpoint: the use_reentrant parameter should be passed explicitly. In version 2.5 we will raise an exception if use_reentrant is not passed. use_reentrant=False is recommended, but if you need to preserve the current default behavior, you can pass use_reentrant=True. Refer to docs for more details on the differences between the two variants.
  return fn(*args, **kwargs)
C:\Users\iamsa\Documents\ISAB-r\.venv\Lib\site-packages\tabpfn\scripts\transformer_prediction_interface.py:530: FutureWarning: `torch.cuda.amp.autocast(args...)` is deprecated. Please use `torch.amp.autocast('cuda', args...)` instead.
  with torch.cuda.amp.autocast(enabled=fp16_inference):
C:\Users\iamsa\Documents\ISAB-r\.venv\Lib\site-packages\torch\_dynamo\eval_frame.py:632: UserWarning: torch.utils.checkpoint: the use_reentrant parameter should be passed explicitly. In version 2.5 we will raise an exception if use_reentrant is not passed. use_reentrant=False is recommended, but if you need to preserve the current default behavior, you can pass use_reentrant=True. Refer to docs for more details on the differences between the two variants.
  return fn(*args, **kwargs)
C:\Users\iamsa\Documents\ISAB-r\.venv\Lib\site-packages\tabpfn\scripts\transformer_prediction_interface.py:530: FutureWarning: `torch.cuda.amp.autocast(args...)` is deprecated. Please use `torch.amp.autocast('cuda', args...)` instead.
  with torch.cuda.amp.autocast(enabled=fp16_inference):
C:\Users\iamsa\Documents\ISAB-r\.venv\Lib\site-packages\torch\_dynamo\eval_frame.py:632: UserWarning: torch.utils.checkpoint: the use_reentrant parameter should be passed explicitly. In version 2.5 we will raise an exception if use_reentrant is not passed. use_reentrant=False is recommended, but if you need to preserve the current default behavior, you can pass use_reentrant=True. Refer to docs for more details on the differences between the two variants.
  return fn(*args, **kwargs)
C:\Users\iamsa\Documents\ISAB-r\.venv\Lib\site-packages\tabpfn\scripts\transformer_prediction_interface.py:530: FutureWarning: `torch.cuda.amp.autocast(args...)` is deprecated. Please use `torch.amp.autocast('cuda', args...)` instead.
  with torch.cuda.amp.autocast(enabled=fp16_inference):
C:\Users\iamsa\Documents\ISAB-r\.venv\Lib\site-packages\torch\_dynamo\eval_frame.py:632: UserWarning: torch.utils.checkpoint: the use_reentrant parameter should be passed explicitly. In version 2.5 we will raise an exception if use_reentrant is not passed. use_reentrant=False is recommended, but if you need to preserve the current default behavior, you can pass use_reentrant=True. Refer to docs for more details on the differences between the two variants.
  return fn(*args, **kwargs)
C:\Users\iamsa\Documents\ISAB-r\.venv\Lib\site-packages\tabpfn\scripts\transformer_prediction_interface.py:530: FutureWarning: `torch.cuda.amp.autocast(args...)` is deprecated. Please use `torch.amp.autocast('cuda', args...)` instead.
  with torch.cuda.amp.autocast(enabled=fp16_inference):
C:\Users\iamsa\Documents\ISAB-r\.venv\Lib\site-packages\torch\_dynamo\eval_frame.py:632: UserWarning: torch.utils.checkpoint: the use_reentrant parameter should be passed explicitly. In version 2.5 we will raise an exception if use_reentrant is not passed. use_reentrant=False is recommended, but if you need to preserve the current default behavior, you can pass use_reentrant=True. Refer to docs for more details on the differences between the two variants.
  return fn(*args, **kwargs)
C:\Users\iamsa\Documents\ISAB-r\.venv\Lib\site-packages\tabpfn\scripts\transformer_prediction_interface.py:530: FutureWarning: `torch.cuda.amp.autocast(args...)` is deprecated. Please use `torch.amp.autocast('cuda', args...)` instead.
  with torch.cuda.amp.autocast(enabled=fp16_inference):
C:\Users\iamsa\Documents\ISAB-r\.venv\Lib\site-packages\torch\_dynamo\eval_frame.py:632: UserWarning: torch.utils.checkpoint: the use_reentrant parameter should be passed explicitly. In version 2.5 we will raise an exception if use_reentrant is not passed. use_reentrant=False is recommended, but if you need to preserve the current default behavior, you can pass use_reentrant=True. Refer to docs for more details on the differences between the two variants.
  return fn(*args, **kwargs)
electricity 0 N 3000 det 0.0 exact-vs-vanilla maxdiff [6.377696990966797e-06]
C:\Users\iamsa\Documents\ISAB-r\.venv\Lib\site-packages\tabpfn\scripts\transformer_prediction_interface.py:530: FutureWarning: `torch.cuda.amp.autocast(args...)` is deprecated. Please use `torch.amp.autocast('cuda', args...)` instead.
  with torch.cuda.amp.autocast(enabled=fp16_inference):
C:\Users\iamsa\Documents\ISAB-r\.venv\Lib\site-packages\torch\_dynamo\eval_frame.py:632: UserWarning: torch.utils.checkpoint: the use_reentrant parameter should be passed explicitly. In version 2.5 we will raise an exception if use_reentrant is not passed. use_reentrant=False is recommended, but if you need to preserve the current default behavior, you can pass use_reentrant=True. Refer to docs for more details on the differences between the two variants.
  return fn(*args, **kwargs)
C:\Users\iamsa\Documents\ISAB-r\.venv\Lib\site-packages\tabpfn\scripts\transformer_prediction_interface.py:530: FutureWarning: `torch.cuda.amp.autocast(args...)` is deprecated. Please use `torch.amp.autocast('cuda', args...)` instead.
  with torch.cuda.amp.autocast(enabled=fp16_inference):
C:\Users\iamsa\Documents\ISAB-r\.venv\Lib\site-packages\torch\_dynamo\eval_frame.py:632: UserWarning: torch.utils.checkpoint: the use_reentrant parameter should be passed explicitly. In version 2.5 we will raise an exception if use_reentrant is not passed. use_reentrant=False is recommended, but if you need to preserve the current default behavior, you can pass use_reentrant=True. Refer to docs for more details on the differences between the two variants.
  return fn(*args, **kwargs)
C:\Users\iamsa\Documents\ISAB-r\.venv\Lib\site-packages\tabpfn\scripts\transformer_prediction_interface.py:530: FutureWarning: `torch.cuda.amp.autocast(args...)` is deprecated. Please use `torch.amp.autocast('cuda', args...)` instead.
  with torch.cuda.amp.autocast(enabled=fp16_inference):
C:\Users\iamsa\Documents\ISAB-r\.venv\Lib\site-packages\torch\_dynamo\eval_frame.py:632: UserWarning: torch.utils.checkpoint: the use_reentrant parameter should be passed explicitly. In version 2.5 we will raise an exception if use_reentrant is not passed. use_reentrant=False is recommended, but if you need to preserve the current default behavior, you can pass use_reentrant=True. Refer to docs for more details on the differences between the two variants.
  return fn(*args, **kwargs)
C:\Users\iamsa\Documents\ISAB-r\.venv\Lib\site-packages\tabpfn\scripts\transformer_prediction_interface.py:530: FutureWarning: `torch.cuda.amp.autocast(args...)` is deprecated. Please use `torch.amp.autocast('cuda', args...)` instead.
  with torch.cuda.amp.autocast(enabled=fp16_inference):
C:\Users\iamsa\Documents\ISAB-r\.venv\Lib\site-packages\torch\_dynamo\eval_frame.py:632: UserWarning: torch.utils.checkpoint: the use_reentrant parameter should be passed explicitly. In version 2.5 we will raise an exception if use_reentrant is not passed. use_reentrant=False is recommended, but if you need to preserve the current default behavior, you can pass use_reentrant=True. Refer to docs for more details on the differences between the two variants.
  return fn(*args, **kwargs)
C:\Users\iamsa\Documents\ISAB-r\.venv\Lib\site-packages\tabpfn\scripts\transformer_prediction_interface.py:530: FutureWarning: `torch.cuda.amp.autocast(args...)` is deprecated. Please use `torch.amp.autocast('cuda', args...)` instead.
  with torch.cuda.amp.autocast(enabled=fp16_inference):
C:\Users\iamsa\Documents\ISAB-r\.venv\Lib\site-packages\torch\_dynamo\eval_frame.py:632: UserWarning: torch.utils.checkpoint: the use_reentrant parameter should be passed explicitly. In version 2.5 we will raise an exception if use_reentrant is not passed. use_reentrant=False is recommended, but if you need to preserve the current default behavior, you can pass use_reentrant=True. Refer to docs for more details on the differences between the two variants.
  return fn(*args, **kwargs)
C:\Users\iamsa\Documents\ISAB-r\.venv\Lib\site-packages\tabpfn\scripts\transformer_prediction_interface.py:530: FutureWarning: `torch.cuda.amp.autocast(args...)` is deprecated. Please use `torch.amp.autocast('cuda', args...)` instead.
  with torch.cuda.amp.autocast(enabled=fp16_inference):
C:\Users\iamsa\Documents\ISAB-r\.venv\Lib\site-packages\torch\_dynamo\eval_frame.py:632: UserWarning: torch.utils.checkpoint: the use_reentrant parameter should be passed explicitly. In version 2.5 we will raise an exception if use_reentrant is not passed. use_reentrant=False is recommended, but if you need to preserve the current default behavior, you can pass use_reentrant=True. Refer to docs for more details on the differences between the two variants.
  return fn(*args, **kwargs)
C:\Users\iamsa\Documents\ISAB-r\.venv\Lib\site-packages\tabpfn\scripts\transformer_prediction_interface.py:530: FutureWarning: `torch.cuda.amp.autocast(args...)` is deprecated. Please use `torch.amp.autocast('cuda', args...)` instead.
  with torch.cuda.amp.autocast(enabled=fp16_inference):
C:\Users\iamsa\Documents\ISAB-r\.venv\Lib\site-packages\torch\_dynamo\eval_frame.py:632: UserWarning: torch.utils.checkpoint: the use_reentrant parameter should be passed explicitly. In version 2.5 we will raise an exception if use_reentrant is not passed. use_reentrant=False is recommended, but if you need to preserve the current default behavior, you can pass use_reentrant=True. Refer to docs for more details on the differences between the two variants.
  return fn(*args, **kwargs)
C:\Users\iamsa\Documents\ISAB-r\.venv\Lib\site-packages\tabpfn\scripts\transformer_prediction_interface.py:530: FutureWarning: `torch.cuda.amp.autocast(args...)` is deprecated. Please use `torch.amp.autocast('cuda', args...)` instead.
  with torch.cuda.amp.autocast(enabled=fp16_inference):
C:\Users\iamsa\Documents\ISAB-r\.venv\Lib\site-packages\torch\_dynamo\eval_frame.py:632: UserWarning: torch.utils.checkpoint: the use_reentrant parameter should be passed explicitly. In version 2.5 we will raise an exception if use_reentrant is not passed. use_reentrant=False is recommended, but if you need to preserve the current default behavior, you can pass use_reentrant=True. Refer to docs for more details on the differences between the two variants.
  return fn(*args, **kwargs)
C:\Users\iamsa\Documents\ISAB-r\.venv\Lib\site-packages\tabpfn\scripts\transformer_prediction_interface.py:530: FutureWarning: `torch.cuda.amp.autocast(args...)` is deprecated. Please use `torch.amp.autocast('cuda', args...)` instead.
  with torch.cuda.amp.autocast(enabled=fp16_inference):
C:\Users\iamsa\Documents\ISAB-r\.venv\Lib\site-packages\torch\_dynamo\eval_frame.py:632: UserWarning: torch.utils.checkpoint: the use_reentrant parameter should be passed explicitly. In version 2.5 we will raise an exception if use_reentrant is not passed. use_reentrant=False is recommended, but if you need to preserve the current default behavior, you can pass use_reentrant=True. Refer to docs for more details on the differences between the two variants.
  return fn(*args, **kwargs)
C:\Users\iamsa\Documents\ISAB-r\.venv\Lib\site-packages\tabpfn\scripts\transformer_prediction_interface.py:530: FutureWarning: `torch.cuda.amp.autocast(args...)` is deprecated. Please use `torch.amp.autocast('cuda', args...)` instead.
  with torch.cuda.amp.autocast(enabled=fp16_inference):
C:\Users\iamsa\Documents\ISAB-r\.venv\Lib\site-packages\torch\_dynamo\eval_frame.py:632: UserWarning: torch.utils.checkpoint: the use_reentrant parameter should be passed explicitly. In version 2.5 we will raise an exception if use_reentrant is not passed. use_reentrant=False is recommended, but if you need to preserve the current default behavior, you can pass use_reentrant=True. Refer to docs for more details on the differences between the two variants.
  return fn(*args, **kwargs)
C:\Users\iamsa\Documents\ISAB-r\.venv\Lib\site-packages\tabpfn\scripts\transformer_prediction_interface.py:530: FutureWarning: `torch.cuda.amp.autocast(args...)` is deprecated. Please use `torch.amp.autocast('cuda', args...)` instead.
  with torch.cuda.amp.autocast(enabled=fp16_inference):
C:\Users\iamsa\Documents\ISAB-r\.venv\Lib\site-packages\torch\_dynamo\eval_frame.py:632: UserWarning: torch.utils.checkpoint: the use_reentrant parameter should be passed explicitly. In version 2.5 we will raise an exception if use_reentrant is not passed. use_reentrant=False is recommended, but if you need to preserve the current default behavior, you can pass use_reentrant=True. Refer to docs for more details on the differences between the two variants.
  return fn(*args, **kwargs)
C:\Users\iamsa\Documents\ISAB-r\.venv\Lib\site-packages\tabpfn\scripts\transformer_prediction_interface.py:530: FutureWarning: `torch.cuda.amp.autocast(args...)` is deprecated. Please use `torch.amp.autocast('cuda', args...)` instead.
  with torch.cuda.amp.autocast(enabled=fp16_inference):
C:\Users\iamsa\Documents\ISAB-r\.venv\Lib\site-packages\torch\_dynamo\eval_frame.py:632: UserWarning: torch.utils.checkpoint: the use_reentrant parameter should be passed explicitly. In version 2.5 we will raise an exception if use_reentrant is not passed. use_reentrant=False is recommended, but if you need to preserve the current default behavior, you can pass use_reentrant=True. Refer to docs for more details on the differences between the two variants.
  return fn(*args, **kwargs)
C:\Users\iamsa\Documents\ISAB-r\.venv\Lib\site-packages\tabpfn\scripts\transformer_prediction_interface.py:530: FutureWarning: `torch.cuda.amp.autocast(args...)` is deprecated. Please use `torch.amp.autocast('cuda', args...)` instead.
  with torch.cuda.amp.autocast(enabled=fp16_inference):
C:\Users\iamsa\Documents\ISAB-r\.venv\Lib\site-packages\torch\_dynamo\eval_frame.py:632: UserWarning: torch.utils.checkpoint: the use_reentrant parameter should be passed explicitly. In version 2.5 we will raise an exception if use_reentrant is not passed. use_reentrant=False is recommended, but if you need to preserve the current default behavior, you can pass use_reentrant=True. Refer to docs for more details on the differences between the two variants.
  return fn(*args, **kwargs)
electricity 1 N 3000 det 0.0 exact-vs-vanilla maxdiff [3.7550926208496094e-06]
C:\Users\iamsa\Documents\ISAB-r\.venv\Lib\site-packages\tabpfn\scripts\transformer_prediction_interface.py:530: FutureWarning: `torch.cuda.amp.autocast(args...)` is deprecated. Please use `torch.amp.autocast('cuda', args...)` instead.
  with torch.cuda.amp.autocast(enabled=fp16_inference):
C:\Users\iamsa\Documents\ISAB-r\.venv\Lib\site-packages\torch\_dynamo\eval_frame.py:632: UserWarning: torch.utils.checkpoint: the use_reentrant parameter should be passed explicitly. In version 2.5 we will raise an exception if use_reentrant is not passed. use_reentrant=False is recommended, but if you need to preserve the current default behavior, you can pass use_reentrant=True. Refer to docs for more details on the differences between the two variants.
  return fn(*args, **kwargs)
C:\Users\iamsa\Documents\ISAB-r\.venv\Lib\site-packages\tabpfn\scripts\transformer_prediction_interface.py:530: FutureWarning: `torch.cuda.amp.autocast(args...)` is deprecated. Please use `torch.amp.autocast('cuda', args...)` instead.
  with torch.cuda.amp.autocast(enabled=fp16_inference):
C:\Users\iamsa\Documents\ISAB-r\.venv\Lib\site-packages\torch\_dynamo\eval_frame.py:632: UserWarning: torch.utils.checkpoint: the use_reentrant parameter should be passed explicitly. In version 2.5 we will raise an exception if use_reentrant is not passed. use_reentrant=False is recommended, but if you need to preserve the current default behavior, you can pass use_reentrant=True. Refer to docs for more details on the differences between the two variants.
  return fn(*args, **kwargs)
C:\Users\iamsa\Documents\ISAB-r\.venv\Lib\site-packages\tabpfn\scripts\transformer_prediction_interface.py:530: FutureWarning: `torch.cuda.amp.autocast(args...)` is deprecated. Please use `torch.amp.autocast('cuda', args...)` instead.
  with torch.cuda.amp.autocast(enabled=fp16_inference):
C:\Users\iamsa\Documents\ISAB-r\.venv\Lib\site-packages\torch\_dynamo\eval_frame.py:632: UserWarning: torch.utils.checkpoint: the use_reentrant parameter should be passed explicitly. In version 2.5 we will raise an exception if use_reentrant is not passed. use_reentrant=False is recommended, but if you need to preserve the current default behavior, you can pass use_reentrant=True. Refer to docs for more details on the differences between the two variants.
  return fn(*args, **kwargs)
C:\Users\iamsa\Documents\ISAB-r\.venv\Lib\site-packages\tabpfn\scripts\transformer_prediction_interface.py:530: FutureWarning: `torch.cuda.amp.autocast(args...)` is deprecated. Please use `torch.amp.autocast('cuda', args...)` instead.
  with torch.cuda.amp.autocast(enabled=fp16_inference):
C:\Users\iamsa\Documents\ISAB-r\.venv\Lib\site-packages\torch\_dynamo\eval_frame.py:632: UserWarning: torch.utils.checkpoint: the use_reentrant parameter should be passed explicitly. In version 2.5 we will raise an exception if use_reentrant is not passed. use_reentrant=False is recommended, but if you need to preserve the current default behavior, you can pass use_reentrant=True. Refer to docs for more details on the differences between the two variants.
  return fn(*args, **kwargs)
C:\Users\iamsa\Documents\ISAB-r\.venv\Lib\site-packages\tabpfn\scripts\transformer_prediction_interface.py:530: FutureWarning: `torch.cuda.amp.autocast(args...)` is deprecated. Please use `torch.amp.autocast('cuda', args...)` instead.
  with torch.cuda.amp.autocast(enabled=fp16_inference):
C:\Users\iamsa\Documents\ISAB-r\.venv\Lib\site-packages\torch\_dynamo\eval_frame.py:632: UserWarning: torch.utils.checkpoint: the use_reentrant parameter should be passed explicitly. In version 2.5 we will raise an exception if use_reentrant is not passed. use_reentrant=False is recommended, but if you need to preserve the current default behavior, you can pass use_reentrant=True. Refer to docs for more details on the differences between the two variants.
  return fn(*args, **kwargs)
C:\Users\iamsa\Documents\ISAB-r\.venv\Lib\site-packages\tabpfn\scripts\transformer_prediction_interface.py:530: FutureWarning: `torch.cuda.amp.autocast(args...)` is deprecated. Please use `torch.amp.autocast('cuda', args...)` instead.
  with torch.cuda.amp.autocast(enabled=fp16_inference):
C:\Users\iamsa\Documents\ISAB-r\.venv\Lib\site-packages\torch\_dynamo\eval_frame.py:632: UserWarning: torch.utils.checkpoint: the use_reentrant parameter should be passed explicitly. In version 2.5 we will raise an exception if use_reentrant is not passed. use_reentrant=False is recommended, but if you need to preserve the current default behavior, you can pass use_reentrant=True. Refer to docs for more details on the differences between the two variants.
  return fn(*args, **kwargs)
C:\Users\iamsa\Documents\ISAB-r\.venv\Lib\site-packages\tabpfn\scripts\transformer_prediction_interface.py:530: FutureWarning: `torch.cuda.amp.autocast(args...)` is deprecated. Please use `torch.amp.autocast('cuda', args...)` instead.
  with torch.cuda.amp.autocast(enabled=fp16_inference):
C:\Users\iamsa\Documents\ISAB-r\.venv\Lib\site-packages\torch\_dynamo\eval_frame.py:632: UserWarning: torch.utils.checkpoint: the use_reentrant parameter should be passed explicitly. In version 2.5 we will raise an exception if use_reentrant is not passed. use_reentrant=False is recommended, but if you need to preserve the current default behavior, you can pass use_reentrant=True. Refer to docs for more details on the differences between the two variants.
  return fn(*args, **kwargs)
C:\Users\iamsa\Documents\ISAB-r\.venv\Lib\site-packages\tabpfn\scripts\transformer_prediction_interface.py:530: FutureWarning: `torch.cuda.amp.autocast(args...)` is deprecated. Please use `torch.amp.autocast('cuda', args...)` instead.
  with torch.cuda.amp.autocast(enabled=fp16_inference):
C:\Users\iamsa\Documents\ISAB-r\.venv\Lib\site-packages\torch\_dynamo\eval_frame.py:632: UserWarning: torch.utils.checkpoint: the use_reentrant parameter should be passed explicitly. In version 2.5 we will raise an exception if use_reentrant is not passed. use_reentrant=False is recommended, but if you need to preserve the current default behavior, you can pass use_reentrant=True. Refer to docs for more details on the differences between the two variants.
  return fn(*args, **kwargs)
C:\Users\iamsa\Documents\ISAB-r\.venv\Lib\site-packages\tabpfn\scripts\transformer_prediction_interface.py:530: FutureWarning: `torch.cuda.amp.autocast(args...)` is deprecated. Please use `torch.amp.autocast('cuda', args...)` instead.
  with torch.cuda.amp.autocast(enabled=fp16_inference):
C:\Users\iamsa\Documents\ISAB-r\.venv\Lib\site-packages\torch\_dynamo\eval_frame.py:632: UserWarning: torch.utils.checkpoint: the use_reentrant parameter should be passed explicitly. In version 2.5 we will raise an exception if use_reentrant is not passed. use_reentrant=False is recommended, but if you need to preserve the current default behavior, you can pass use_reentrant=True. Refer to docs for more details on the differences between the two variants.
  return fn(*args, **kwargs)
C:\Users\iamsa\Documents\ISAB-r\.venv\Lib\site-packages\tabpfn\scripts\transformer_prediction_interface.py:530: FutureWarning: `torch.cuda.amp.autocast(args...)` is deprecated. Please use `torch.amp.autocast('cuda', args...)` instead.
  with torch.cuda.amp.autocast(enabled=fp16_inference):
C:\Users\iamsa\Documents\ISAB-r\.venv\Lib\site-packages\torch\_dynamo\eval_frame.py:632: UserWarning: torch.utils.checkpoint: the use_reentrant parameter should be passed explicitly. In version 2.5 we will raise an exception if use_reentrant is not passed. use_reentrant=False is recommended, but if you need to preserve the current default behavior, you can pass use_reentrant=True. Refer to docs for more details on the differences between the two variants.
  return fn(*args, **kwargs)
C:\Users\iamsa\Documents\ISAB-r\.venv\Lib\site-packages\tabpfn\scripts\transformer_prediction_interface.py:530: FutureWarning: `torch.cuda.amp.autocast(args...)` is deprecated. Please use `torch.amp.autocast('cuda', args...)` instead.
  with torch.cuda.amp.autocast(enabled=fp16_inference):
C:\Users\iamsa\Documents\ISAB-r\.venv\Lib\site-packages\torch\_dynamo\eval_frame.py:632: UserWarning: torch.utils.checkpoint: the use_reentrant parameter should be passed explicitly. In version 2.5 we will raise an exception if use_reentrant is not passed. use_reentrant=False is recommended, but if you need to preserve the current default behavior, you can pass use_reentrant=True. Refer to docs for more details on the differences between the two variants.
  return fn(*args, **kwargs)
C:\Users\iamsa\Documents\ISAB-r\.venv\Lib\site-packages\tabpfn\scripts\transformer_prediction_interface.py:530: FutureWarning: `torch.cuda.amp.autocast(args...)` is deprecated. Please use `torch.amp.autocast('cuda', args...)` instead.
  with torch.cuda.amp.autocast(enabled=fp16_inference):
C:\Users\iamsa\Documents\ISAB-r\.venv\Lib\site-packages\torch\_dynamo\eval_frame.py:632: UserWarning: torch.utils.checkpoint: the use_reentrant parameter should be passed explicitly. In version 2.5 we will raise an exception if use_reentrant is not passed. use_reentrant=False is recommended, but if you need to preserve the current default behavior, you can pass use_reentrant=True. Refer to docs for more details on the differences between the two variants.
  return fn(*args, **kwargs)
C:\Users\iamsa\Documents\ISAB-r\.venv\Lib\site-packages\tabpfn\scripts\transformer_prediction_interface.py:530: FutureWarning: `torch.cuda.amp.autocast(args...)` is deprecated. Please use `torch.amp.autocast('cuda', args...)` instead.
  with torch.cuda.amp.autocast(enabled=fp16_inference):
C:\Users\iamsa\Documents\ISAB-r\.venv\Lib\site-packages\torch\_dynamo\eval_frame.py:632: UserWarning: torch.utils.checkpoint: the use_reentrant parameter should be passed explicitly. In version 2.5 we will raise an exception if use_reentrant is not passed. use_reentrant=False is recommended, but if you need to preserve the current default behavior, you can pass use_reentrant=True. Refer to docs for more details on the differences between the two variants.
  return fn(*args, **kwargs)
MagicTelescope 0 N 3000 det 0.0 exact-vs-vanilla maxdiff [4.4405460357666016e-06]
C:\Users\iamsa\Documents\ISAB-r\.venv\Lib\site-packages\tabpfn\scripts\transformer_prediction_interface.py:530: FutureWarning: `torch.cuda.amp.autocast(args...)` is deprecated. Please use `torch.amp.autocast('cuda', args...)` instead.
  with torch.cuda.amp.autocast(enabled=fp16_inference):
C:\Users\iamsa\Documents\ISAB-r\.venv\Lib\site-packages\torch\_dynamo\eval_frame.py:632: UserWarning: torch.utils.checkpoint: the use_reentrant parameter should be passed explicitly. In version 2.5 we will raise an exception if use_reentrant is not passed. use_reentrant=False is recommended, but if you need to preserve the current default behavior, you can pass use_reentrant=True. Refer to docs for more details on the differences between the two variants.
  return fn(*args, **kwargs)
C:\Users\iamsa\Documents\ISAB-r\.venv\Lib\site-packages\tabpfn\scripts\transformer_prediction_interface.py:530: FutureWarning: `torch.cuda.amp.autocast(args...)` is deprecated. Please use `torch.amp.autocast('cuda', args...)` instead.
  with torch.cuda.amp.autocast(enabled=fp16_inference):
C:\Users\iamsa\Documents\ISAB-r\.venv\Lib\site-packages\torch\_dynamo\eval_frame.py:632: UserWarning: torch.utils.checkpoint: the use_reentrant parameter should be passed explicitly. In version 2.5 we will raise an exception if use_reentrant is not passed. use_reentrant=False is recommended, but if you need to preserve the current default behavior, you can pass use_reentrant=True. Refer to docs for more details on the differences between the two variants.
  return fn(*args, **kwargs)
C:\Users\iamsa\Documents\ISAB-r\.venv\Lib\site-packages\tabpfn\scripts\transformer_prediction_interface.py:530: FutureWarning: `torch.cuda.amp.autocast(args...)` is deprecated. Please use `torch.amp.autocast('cuda', args...)` instead.
  with torch.cuda.amp.autocast(enabled=fp16_inference):
C:\Users\iamsa\Documents\ISAB-r\.venv\Lib\site-packages\torch\_dynamo\eval_frame.py:632: UserWarning: torch.utils.checkpoint: the use_reentrant parameter should be passed explicitly. In version 2.5 we will raise an exception if use_reentrant is not passed. use_reentrant=False is recommended, but if you need to preserve the current default behavior, you can pass use_reentrant=True. Refer to docs for more details on the differences between the two variants.
  return fn(*args, **kwargs)
C:\Users\iamsa\Documents\ISAB-r\.venv\Lib\site-packages\tabpfn\scripts\transformer_prediction_interface.py:530: FutureWarning: `torch.cuda.amp.autocast(args...)` is deprecated. Please use `torch.amp.autocast('cuda', args...)` instead.
  with torch.cuda.amp.autocast(enabled=fp16_inference):
C:\Users\iamsa\Documents\ISAB-r\.venv\Lib\site-packages\torch\_dynamo\eval_frame.py:632: UserWarning: torch.utils.checkpoint: the use_reentrant parameter should be passed explicitly. In version 2.5 we will raise an exception if use_reentrant is not passed. use_reentrant=False is recommended, but if you need to preserve the current default behavior, you can pass use_reentrant=True. Refer to docs for more details on the differences between the two variants.
  return fn(*args, **kwargs)
C:\Users\iamsa\Documents\ISAB-r\.venv\Lib\site-packages\tabpfn\scripts\transformer_prediction_interface.py:530: FutureWarning: `torch.cuda.amp.autocast(args...)` is deprecated. Please use `torch.amp.autocast('cuda', args...)` instead.
  with torch.cuda.amp.autocast(enabled=fp16_inference):
C:\Users\iamsa\Documents\ISAB-r\.venv\Lib\site-packages\torch\_dynamo\eval_frame.py:632: UserWarning: torch.utils.checkpoint: the use_reentrant parameter should be passed explicitly. In version 2.5 we will raise an exception if use_reentrant is not passed. use_reentrant=False is recommended, but if you need to preserve the current default behavior, you can pass use_reentrant=True. Refer to docs for more details on the differences between the two variants.
  return fn(*args, **kwargs)
C:\Users\iamsa\Documents\ISAB-r\.venv\Lib\site-packages\tabpfn\scripts\transformer_prediction_interface.py:530: FutureWarning: `torch.cuda.amp.autocast(args...)` is deprecated. Please use `torch.amp.autocast('cuda', args...)` instead.
  with torch.cuda.amp.autocast(enabled=fp16_inference):
C:\Users\iamsa\Documents\ISAB-r\.venv\Lib\site-packages\torch\_dynamo\eval_frame.py:632: UserWarning: torch.utils.checkpoint: the use_reentrant parameter should be passed explicitly. In version 2.5 we will raise an exception if use_reentrant is not passed. use_reentrant=False is recommended, but if you need to preserve the current default behavior, you can pass use_reentrant=True. Refer to docs for more details on the differences between the two variants.
  return fn(*args, **kwargs)
C:\Users\iamsa\Documents\ISAB-r\.venv\Lib\site-packages\tabpfn\scripts\transformer_prediction_interface.py:530: FutureWarning: `torch.cuda.amp.autocast(args...)` is deprecated. Please use `torch.amp.autocast('cuda', args...)` instead.
  with torch.cuda.amp.autocast(enabled=fp16_inference):
C:\Users\iamsa\Documents\ISAB-r\.venv\Lib\site-packages\torch\_dynamo\eval_frame.py:632: UserWarning: torch.utils.checkpoint: the use_reentrant parameter should be passed explicitly. In version 2.5 we will raise an exception if use_reentrant is not passed. use_reentrant=False is recommended, but if you need to preserve the current default behavior, you can pass use_reentrant=True. Refer to docs for more details on the differences between the two variants.
  return fn(*args, **kwargs)
C:\Users\iamsa\Documents\ISAB-r\.venv\Lib\site-packages\tabpfn\scripts\transformer_prediction_interface.py:530: FutureWarning: `torch.cuda.amp.autocast(args...)` is deprecated. Please use `torch.amp.autocast('cuda', args...)` instead.
  with torch.cuda.amp.autocast(enabled=fp16_inference):
C:\Users\iamsa\Documents\ISAB-r\.venv\Lib\site-packages\torch\_dynamo\eval_frame.py:632: UserWarning: torch.utils.checkpoint: the use_reentrant parameter should be passed explicitly. In version 2.5 we will raise an exception if use_reentrant is not passed. use_reentrant=False is recommended, but if you need to preserve the current default behavior, you can pass use_reentrant=True. Refer to docs for more details on the differences between the two variants.
  return fn(*args, **kwargs)
C:\Users\iamsa\Documents\ISAB-r\.venv\Lib\site-packages\tabpfn\scripts\transformer_prediction_interface.py:530: FutureWarning: `torch.cuda.amp.autocast(args...)` is deprecated. Please use `torch.amp.autocast('cuda', args...)` instead.
  with torch.cuda.amp.autocast(enabled=fp16_inference):
C:\Users\iamsa\Documents\ISAB-r\.venv\Lib\site-packages\torch\_dynamo\eval_frame.py:632: UserWarning: torch.utils.checkpoint: the use_reentrant parameter should be passed explicitly. In version 2.5 we will raise an exception if use_reentrant is not passed. use_reentrant=False is recommended, but if you need to preserve the current default behavior, you can pass use_reentrant=True. Refer to docs for more details on the differences between the two variants.
  return fn(*args, **kwargs)
C:\Users\iamsa\Documents\ISAB-r\.venv\Lib\site-packages\tabpfn\scripts\transformer_prediction_interface.py:530: FutureWarning: `torch.cuda.amp.autocast(args...)` is deprecated. Please use `torch.amp.autocast('cuda', args...)` instead.
  with torch.cuda.amp.autocast(enabled=fp16_inference):
C:\Users\iamsa\Documents\ISAB-r\.venv\Lib\site-packages\torch\_dynamo\eval_frame.py:632: UserWarning: torch.utils.checkpoint: the use_reentrant parameter should be passed explicitly. In version 2.5 we will raise an exception if use_reentrant is not passed. use_reentrant=False is recommended, but if you need to preserve the current default behavior, you can pass use_reentrant=True. Refer to docs for more details on the differences between the two variants.
  return fn(*args, **kwargs)
C:\Users\iamsa\Documents\ISAB-r\.venv\Lib\site-packages\tabpfn\scripts\transformer_prediction_interface.py:530: FutureWarning: `torch.cuda.amp.autocast(args...)` is deprecated. Please use `torch.amp.autocast('cuda', args...)` instead.
  with torch.cuda.amp.autocast(enabled=fp16_inference):
C:\Users\iamsa\Documents\ISAB-r\.venv\Lib\site-packages\torch\_dynamo\eval_frame.py:632: UserWarning: torch.utils.checkpoint: the use_reentrant parameter should be passed explicitly. In version 2.5 we will raise an exception if use_reentrant is not passed. use_reentrant=False is recommended, but if you need to preserve the current default behavior, you can pass use_reentrant=True. Refer to docs for more details on the differences between the two variants.
  return fn(*args, **kwargs)
C:\Users\iamsa\Documents\ISAB-r\.venv\Lib\site-packages\tabpfn\scripts\transformer_prediction_interface.py:530: FutureWarning: `torch.cuda.amp.autocast(args...)` is deprecated. Please use `torch.amp.autocast('cuda', args...)` instead.
  with torch.cuda.amp.autocast(enabled=fp16_inference):
C:\Users\iamsa\Documents\ISAB-r\.venv\Lib\site-packages\torch\_dynamo\eval_frame.py:632: UserWarning: torch.utils.checkpoint: the use_reentrant parameter should be passed explicitly. In version 2.5 we will raise an exception if use_reentrant is not passed. use_reentrant=False is recommended, but if you need to preserve the current default behavior, you can pass use_reentrant=True. Refer to docs for more details on the differences between the two variants.
  return fn(*args, **kwargs)
C:\Users\iamsa\Documents\ISAB-r\.venv\Lib\site-packages\tabpfn\scripts\transformer_prediction_interface.py:530: FutureWarning: `torch.cuda.amp.autocast(args...)` is deprecated. Please use `torch.amp.autocast('cuda', args...)` instead.
  with torch.cuda.amp.autocast(enabled=fp16_inference):
C:\Users\iamsa\Documents\ISAB-r\.venv\Lib\site-packages\torch\_dynamo\eval_frame.py:632: UserWarning: torch.utils.checkpoint: the use_reentrant parameter should be passed explicitly. In version 2.5 we will raise an exception if use_reentrant is not passed. use_reentrant=False is recommended, but if you need to preserve the current default behavior, you can pass use_reentrant=True. Refer to docs for more details on the differences between the two variants.
  return fn(*args, **kwargs)
MagicTelescope 1 N 3000 det 0.0 exact-vs-vanilla maxdiff [3.7550926208496094e-06]
C:\Users\iamsa\Documents\ISAB-r\.venv\Lib\site-packages\tabpfn\scripts\transformer_prediction_interface.py:530: FutureWarning: `torch.cuda.amp.autocast(args...)` is deprecated. Please use `torch.amp.autocast('cuda', args...)` instead.
  with torch.cuda.amp.autocast(enabled=fp16_inference):
C:\Users\iamsa\Documents\ISAB-r\.venv\Lib\site-packages\torch\_dynamo\eval_frame.py:632: UserWarning: torch.utils.checkpoint: the use_reentrant parameter should be passed explicitly. In version 2.5 we will raise an exception if use_reentrant is not passed. use_reentrant=False is recommended, but if you need to preserve the current default behavior, you can pass use_reentrant=True. Refer to docs for more details on the differences between the two variants.
  return fn(*args, **kwargs)
C:\Users\iamsa\Documents\ISAB-r\.venv\Lib\site-packages\tabpfn\scripts\transformer_prediction_interface.py:530: FutureWarning: `torch.cuda.amp.autocast(args...)` is deprecated. Please use `torch.amp.autocast('cuda', args...)` instead.
  with torch.cuda.amp.autocast(enabled=fp16_inference):
C:\Users\iamsa\Documents\ISAB-r\.venv\Lib\site-packages\torch\_dynamo\eval_frame.py:632: UserWarning: torch.utils.checkpoint: the use_reentrant parameter should be passed explicitly. In version 2.5 we will raise an exception if use_reentrant is not passed. use_reentrant=False is recommended, but if you need to preserve the current default behavior, you can pass use_reentrant=True. Refer to docs for more details on the differences between the two variants.
  return fn(*args, **kwargs)
C:\Users\iamsa\Documents\ISAB-r\.venv\Lib\site-packages\tabpfn\scripts\transformer_prediction_interface.py:530: FutureWarning: `torch.cuda.amp.autocast(args...)` is deprecated. Please use `torch.amp.autocast('cuda', args...)` instead.
  with torch.cuda.amp.autocast(enabled=fp16_inference):
C:\Users\iamsa\Documents\ISAB-r\.venv\Lib\site-packages\torch\_dynamo\eval_frame.py:632: UserWarning: torch.utils.checkpoint: the use_reentrant parameter should be passed explicitly. In version 2.5 we will raise an exception if use_reentrant is not passed. use_reentrant=False is recommended, but if you need to preserve the current default behavior, you can pass use_reentrant=True. Refer to docs for more details on the differences between the two variants.
  return fn(*args, **kwargs)
C:\Users\iamsa\Documents\ISAB-r\.venv\Lib\site-packages\tabpfn\scripts\transformer_prediction_interface.py:530: FutureWarning: `torch.cuda.amp.autocast(args...)` is deprecated. Please use `torch.amp.autocast('cuda', args...)` instead.
  with torch.cuda.amp.autocast(enabled=fp16_inference):
C:\Users\iamsa\Documents\ISAB-r\.venv\Lib\site-packages\torch\_dynamo\eval_frame.py:632: UserWarning: torch.utils.checkpoint: the use_reentrant parameter should be passed explicitly. In version 2.5 we will raise an exception if use_reentrant is not passed. use_reentrant=False is recommended, but if you need to preserve the current default behavior, you can pass use_reentrant=True. Refer to docs for more details on the differences between the two variants.
  return fn(*args, **kwargs)
C:\Users\iamsa\Documents\ISAB-r\.venv\Lib\site-packages\tabpfn\scripts\transformer_prediction_interface.py:530: FutureWarning: `torch.cuda.amp.autocast(args...)` is deprecated. Please use `torch.amp.autocast('cuda', args...)` instead.
  with torch.cuda.amp.autocast(enabled=fp16_inference):
C:\Users\iamsa\Documents\ISAB-r\.venv\Lib\site-packages\torch\_dynamo\eval_frame.py:632: UserWarning: torch.utils.checkpoint: the use_reentrant parameter should be passed explicitly. In version 2.5 we will raise an exception if use_reentrant is not passed. use_reentrant=False is recommended, but if you need to preserve the current default behavior, you can pass use_reentrant=True. Refer to docs for more details on the differences between the two variants.
  return fn(*args, **kwargs)
C:\Users\iamsa\Documents\ISAB-r\.venv\Lib\site-packages\tabpfn\scripts\transformer_prediction_interface.py:530: FutureWarning: `torch.cuda.amp.autocast(args...)` is deprecated. Please use `torch.amp.autocast('cuda', args...)` instead.
  with torch.cuda.amp.autocast(enabled=fp16_inference):
C:\Users\iamsa\Documents\ISAB-r\.venv\Lib\site-packages\torch\_dynamo\eval_frame.py:632: UserWarning: torch.utils.checkpoint: the use_reentrant parameter should be passed explicitly. In version 2.5 we will raise an exception if use_reentrant is not passed. use_reentrant=False is recommended, but if you need to preserve the current default behavior, you can pass use_reentrant=True. Refer to docs for more details on the differences between the two variants.
  return fn(*args, **kwargs)
C:\Users\iamsa\Documents\ISAB-r\.venv\Lib\site-packages\tabpfn\scripts\transformer_prediction_interface.py:530: FutureWarning: `torch.cuda.amp.autocast(args...)` is deprecated. Please use `torch.amp.autocast('cuda', args...)` instead.
  with torch.cuda.amp.autocast(enabled=fp16_inference):
C:\Users\iamsa\Documents\ISAB-r\.venv\Lib\site-packages\torch\_dynamo\eval_frame.py:632: UserWarning: torch.utils.checkpoint: the use_reentrant parameter should be passed explicitly. In version 2.5 we will raise an exception if use_reentrant is not passed. use_reentrant=False is recommended, but if you need to preserve the current default behavior, you can pass use_reentrant=True. Refer to docs for more details on the differences between the two variants.
  return fn(*args, **kwargs)
C:\Users\iamsa\Documents\ISAB-r\.venv\Lib\site-packages\tabpfn\scripts\transformer_prediction_interface.py:530: FutureWarning: `torch.cuda.amp.autocast(args...)` is deprecated. Please use `torch.amp.autocast('cuda', args...)` instead.
  with torch.cuda.amp.autocast(enabled=fp16_inference):
C:\Users\iamsa\Documents\ISAB-r\.venv\Lib\site-packages\torch\_dynamo\eval_frame.py:632: UserWarning: torch.utils.checkpoint: the use_reentrant parameter should be passed explicitly. In version 2.5 we will raise an exception if use_reentrant is not passed. use_reentrant=False is recommended, but if you need to preserve the current default behavior, you can pass use_reentrant=True. Refer to docs for more details on the differences between the two variants.
  return fn(*args, **kwargs)
C:\Users\iamsa\Documents\ISAB-r\.venv\Lib\site-packages\tabpfn\scripts\transformer_prediction_interface.py:530: FutureWarning: `torch.cuda.amp.autocast(args...)` is deprecated. Please use `torch.amp.autocast('cuda', args...)` instead.
  with torch.cuda.amp.autocast(enabled=fp16_inference):
C:\Users\iamsa\Documents\ISAB-r\.venv\Lib\site-packages\torch\_dynamo\eval_frame.py:632: UserWarning: torch.utils.checkpoint: the use_reentrant parameter should be passed explicitly. In version 2.5 we will raise an exception if use_reentrant is not passed. use_reentrant=False is recommended, but if you need to preserve the current default behavior, you can pass use_reentrant=True. Refer to docs for more details on the differences between the two variants.
  return fn(*args, **kwargs)
C:\Users\iamsa\Documents\ISAB-r\.venv\Lib\site-packages\tabpfn\scripts\transformer_prediction_interface.py:530: FutureWarning: `torch.cuda.amp.autocast(args...)` is deprecated. Please use `torch.amp.autocast('cuda', args...)` instead.
  with torch.cuda.amp.autocast(enabled=fp16_inference):
C:\Users\iamsa\Documents\ISAB-r\.venv\Lib\site-packages\torch\_dynamo\eval_frame.py:632: UserWarning: torch.utils.checkpoint: the use_reentrant parameter should be passed explicitly. In version 2.5 we will raise an exception if use_reentrant is not passed. use_reentrant=False is recommended, but if you need to preserve the current default behavior, you can pass use_reentrant=True. Refer to docs for more details on the differences between the two variants.
  return fn(*args, **kwargs)
C:\Users\iamsa\Documents\ISAB-r\.venv\Lib\site-packages\tabpfn\scripts\transformer_prediction_interface.py:530: FutureWarning: `torch.cuda.amp.autocast(args...)` is deprecated. Please use `torch.amp.autocast('cuda', args...)` instead.
  with torch.cuda.amp.autocast(enabled=fp16_inference):
C:\Users\iamsa\Documents\ISAB-r\.venv\Lib\site-packages\torch\_dynamo\eval_frame.py:632: UserWarning: torch.utils.checkpoint: the use_reentrant parameter should be passed explicitly. In version 2.5 we will raise an exception if use_reentrant is not passed. use_reentrant=False is recommended, but if you need to preserve the current default behavior, you can pass use_reentrant=True. Refer to docs for more details on the differences between the two variants.
  return fn(*args, **kwargs)
C:\Users\iamsa\Documents\ISAB-r\.venv\Lib\site-packages\tabpfn\scripts\transformer_prediction_interface.py:530: FutureWarning: `torch.cuda.amp.autocast(args...)` is deprecated. Please use `torch.amp.autocast('cuda', args...)` instead.
  with torch.cuda.amp.autocast(enabled=fp16_inference):
C:\Users\iamsa\Documents\ISAB-r\.venv\Lib\site-packages\torch\_dynamo\eval_frame.py:632: UserWarning: torch.utils.checkpoint: the use_reentrant parameter should be passed explicitly. In version 2.5 we will raise an exception if use_reentrant is not passed. use_reentrant=False is recommended, but if you need to preserve the current default behavior, you can pass use_reentrant=True. Refer to docs for more details on the differences between the two variants.
  return fn(*args, **kwargs)
C:\Users\iamsa\Documents\ISAB-r\.venv\Lib\site-packages\tabpfn\scripts\transformer_prediction_interface.py:530: FutureWarning: `torch.cuda.amp.autocast(args...)` is deprecated. Please use `torch.amp.autocast('cuda', args...)` instead.
  with torch.cuda.amp.autocast(enabled=fp16_inference):
C:\Users\iamsa\Documents\ISAB-r\.venv\Lib\site-packages\torch\_dynamo\eval_frame.py:632: UserWarning: torch.utils.checkpoint: the use_reentrant parameter should be passed explicitly. In version 2.5 we will raise an exception if use_reentrant is not passed. use_reentrant=False is recommended, but if you need to preserve the current default behavior, you can pass use_reentrant=True. Refer to docs for more details on the differences between the two variants.
  return fn(*args, **kwargs)
pendigits 0 N 3000 det 0.0 exact-vs-vanilla maxdiff [2.086162567138672e-06]
C:\Users\iamsa\Documents\ISAB-r\.venv\Lib\site-packages\tabpfn\scripts\transformer_prediction_interface.py:530: FutureWarning: `torch.cuda.amp.autocast(args...)` is deprecated. Please use `torch.amp.autocast('cuda', args...)` instead.
  with torch.cuda.amp.autocast(enabled=fp16_inference):
C:\Users\iamsa\Documents\ISAB-r\.venv\Lib\site-packages\torch\_dynamo\eval_frame.py:632: UserWarning: torch.utils.checkpoint: the use_reentrant parameter should be passed explicitly. In version 2.5 we will raise an exception if use_reentrant is not passed. use_reentrant=False is recommended, but if you need to preserve the current default behavior, you can pass use_reentrant=True. Refer to docs for more details on the differences between the two variants.
  return fn(*args, **kwargs)
C:\Users\iamsa\Documents\ISAB-r\.venv\Lib\site-packages\tabpfn\scripts\transformer_prediction_interface.py:530: FutureWarning: `torch.cuda.amp.autocast(args...)` is deprecated. Please use `torch.amp.autocast('cuda', args...)` instead.
  with torch.cuda.amp.autocast(enabled=fp16_inference):
C:\Users\iamsa\Documents\ISAB-r\.venv\Lib\site-packages\torch\_dynamo\eval_frame.py:632: UserWarning: torch.utils.checkpoint: the use_reentrant parameter should be passed explicitly. In version 2.5 we will raise an exception if use_reentrant is not passed. use_reentrant=False is recommended, but if you need to preserve the current default behavior, you can pass use_reentrant=True. Refer to docs for more details on the differences between the two variants.
  return fn(*args, **kwargs)
C:\Users\iamsa\Documents\ISAB-r\.venv\Lib\site-packages\tabpfn\scripts\transformer_prediction_interface.py:530: FutureWarning: `torch.cuda.amp.autocast(args...)` is deprecated. Please use `torch.amp.autocast('cuda', args...)` instead.
  with torch.cuda.amp.autocast(enabled=fp16_inference):
C:\Users\iamsa\Documents\ISAB-r\.venv\Lib\site-packages\torch\_dynamo\eval_frame.py:632: UserWarning: torch.utils.checkpoint: the use_reentrant parameter should be passed explicitly. In version 2.5 we will raise an exception if use_reentrant is not passed. use_reentrant=False is recommended, but if you need to preserve the current default behavior, you can pass use_reentrant=True. Refer to docs for more details on the differences between the two variants.
  return fn(*args, **kwargs)
C:\Users\iamsa\Documents\ISAB-r\.venv\Lib\site-packages\tabpfn\scripts\transformer_prediction_interface.py:530: FutureWarning: `torch.cuda.amp.autocast(args...)` is deprecated. Please use `torch.amp.autocast('cuda', args...)` instead.
  with torch.cuda.amp.autocast(enabled=fp16_inference):
C:\Users\iamsa\Documents\ISAB-r\.venv\Lib\site-packages\torch\_dynamo\eval_frame.py:632: UserWarning: torch.utils.checkpoint: the use_reentrant parameter should be passed explicitly. In version 2.5 we will raise an exception if use_reentrant is not passed. use_reentrant=False is recommended, but if you need to preserve the current default behavior, you can pass use_reentrant=True. Refer to docs for more details on the differences between the two variants.
  return fn(*args, **kwargs)
C:\Users\iamsa\Documents\ISAB-r\.venv\Lib\site-packages\tabpfn\scripts\transformer_prediction_interface.py:530: FutureWarning: `torch.cuda.amp.autocast(args...)` is deprecated. Please use `torch.amp.autocast('cuda', args...)` instead.
  with torch.cuda.amp.autocast(enabled=fp16_inference):
C:\Users\iamsa\Documents\ISAB-r\.venv\Lib\site-packages\torch\_dynamo\eval_frame.py:632: UserWarning: torch.utils.checkpoint: the use_reentrant parameter should be passed explicitly. In version 2.5 we will raise an exception if use_reentrant is not passed. use_reentrant=False is recommended, but if you need to preserve the current default behavior, you can pass use_reentrant=True. Refer to docs for more details on the differences between the two variants.
  return fn(*args, **kwargs)
C:\Users\iamsa\Documents\ISAB-r\.venv\Lib\site-packages\tabpfn\scripts\transformer_prediction_interface.py:530: FutureWarning: `torch.cuda.amp.autocast(args...)` is deprecated. Please use `torch.amp.autocast('cuda', args...)` instead.
  with torch.cuda.amp.autocast(enabled=fp16_inference):
C:\Users\iamsa\Documents\ISAB-r\.venv\Lib\site-packages\torch\_dynamo\eval_frame.py:632: UserWarning: torch.utils.checkpoint: the use_reentrant parameter should be passed explicitly. In version 2.5 we will raise an exception if use_reentrant is not passed. use_reentrant=False is recommended, but if you need to preserve the current default behavior, you can pass use_reentrant=True. Refer to docs for more details on the differences between the two variants.
  return fn(*args, **kwargs)
C:\Users\iamsa\Documents\ISAB-r\.venv\Lib\site-packages\tabpfn\scripts\transformer_prediction_interface.py:530: FutureWarning: `torch.cuda.amp.autocast(args...)` is deprecated. Please use `torch.amp.autocast('cuda', args...)` instead.
  with torch.cuda.amp.autocast(enabled=fp16_inference):
C:\Users\iamsa\Documents\ISAB-r\.venv\Lib\site-packages\torch\_dynamo\eval_frame.py:632: UserWarning: torch.utils.checkpoint: the use_reentrant parameter should be passed explicitly. In version 2.5 we will raise an exception if use_reentrant is not passed. use_reentrant=False is recommended, but if you need to preserve the current default behavior, you can pass use_reentrant=True. Refer to docs for more details on the differences between the two variants.
  return fn(*args, **kwargs)
C:\Users\iamsa\Documents\ISAB-r\.venv\Lib\site-packages\tabpfn\scripts\transformer_prediction_interface.py:530: FutureWarning: `torch.cuda.amp.autocast(args...)` is deprecated. Please use `torch.amp.autocast('cuda', args...)` instead.
  with torch.cuda.amp.autocast(enabled=fp16_inference):
C:\Users\iamsa\Documents\ISAB-r\.venv\Lib\site-packages\torch\_dynamo\eval_frame.py:632: UserWarning: torch.utils.checkpoint: the use_reentrant parameter should be passed explicitly. In version 2.5 we will raise an exception if use_reentrant is not passed. use_reentrant=False is recommended, but if you need to preserve the current default behavior, you can pass use_reentrant=True. Refer to docs for more details on the differences between the two variants.
  return fn(*args, **kwargs)
C:\Users\iamsa\Documents\ISAB-r\.venv\Lib\site-packages\tabpfn\scripts\transformer_prediction_interface.py:530: FutureWarning: `torch.cuda.amp.autocast(args...)` is deprecated. Please use `torch.amp.autocast('cuda', args...)` instead.
  with torch.cuda.amp.autocast(enabled=fp16_inference):
C:\Users\iamsa\Documents\ISAB-r\.venv\Lib\site-packages\torch\_dynamo\eval_frame.py:632: UserWarning: torch.utils.checkpoint: the use_reentrant parameter should be passed explicitly. In version 2.5 we will raise an exception if use_reentrant is not passed. use_reentrant=False is recommended, but if you need to preserve the current default behavior, you can pass use_reentrant=True. Refer to docs for more details on the differences between the two variants.
  return fn(*args, **kwargs)
C:\Users\iamsa\Documents\ISAB-r\.venv\Lib\site-packages\tabpfn\scripts\transformer_prediction_interface.py:530: FutureWarning: `torch.cuda.amp.autocast(args...)` is deprecated. Please use `torch.amp.autocast('cuda', args...)` instead.
  with torch.cuda.amp.autocast(enabled=fp16_inference):
C:\Users\iamsa\Documents\ISAB-r\.venv\Lib\site-packages\torch\_dynamo\eval_frame.py:632: UserWarning: torch.utils.checkpoint: the use_reentrant parameter should be passed explicitly. In version 2.5 we will raise an exception if use_reentrant is not passed. use_reentrant=False is recommended, but if you need to preserve the current default behavior, you can pass use_reentrant=True. Refer to docs for more details on the differences between the two variants.
  return fn(*args, **kwargs)
C:\Users\iamsa\Documents\ISAB-r\.venv\Lib\site-packages\tabpfn\scripts\transformer_prediction_interface.py:530: FutureWarning: `torch.cuda.amp.autocast(args...)` is deprecated. Please use `torch.amp.autocast('cuda', args...)` instead.
  with torch.cuda.amp.autocast(enabled=fp16_inference):
C:\Users\iamsa\Documents\ISAB-r\.venv\Lib\site-packages\torch\_dynamo\eval_frame.py:632: UserWarning: torch.utils.checkpoint: the use_reentrant parameter should be passed explicitly. In version 2.5 we will raise an exception if use_reentrant is not passed. use_reentrant=False is recommended, but if you need to preserve the current default behavior, you can pass use_reentrant=True. Refer to docs for more details on the differences between the two variants.
  return fn(*args, **kwargs)
C:\Users\iamsa\Documents\ISAB-r\.venv\Lib\site-packages\tabpfn\scripts\transformer_prediction_interface.py:530: FutureWarning: `torch.cuda.amp.autocast(args...)` is deprecated. Please use `torch.amp.autocast('cuda', args...)` instead.
  with torch.cuda.amp.autocast(enabled=fp16_inference):
C:\Users\iamsa\Documents\ISAB-r\.venv\Lib\site-packages\torch\_dynamo\eval_frame.py:632: UserWarning: torch.utils.checkpoint: the use_reentrant parameter should be passed explicitly. In version 2.5 we will raise an exception if use_reentrant is not passed. use_reentrant=False is recommended, but if you need to preserve the current default behavior, you can pass use_reentrant=True. Refer to docs for more details on the differences between the two variants.
  return fn(*args, **kwargs)
C:\Users\iamsa\Documents\ISAB-r\.venv\Lib\site-packages\tabpfn\scripts\transformer_prediction_interface.py:530: FutureWarning: `torch.cuda.amp.autocast(args...)` is deprecated. Please use `torch.amp.autocast('cuda', args...)` instead.
  with torch.cuda.amp.autocast(enabled=fp16_inference):
C:\Users\iamsa\Documents\ISAB-r\.venv\Lib\site-packages\torch\_dynamo\eval_frame.py:632: UserWarning: torch.utils.checkpoint: the use_reentrant parameter should be passed explicitly. In version 2.5 we will raise an exception if use_reentrant is not passed. use_reentrant=False is recommended, but if you need to preserve the current default behavior, you can pass use_reentrant=True. Refer to docs for more details on the differences between the two variants.
  return fn(*args, **kwargs)
pendigits 1 N 3000 det 0.0 exact-vs-vanilla maxdiff [1.3113021850585938e-06]
C:\Users\iamsa\Documents\ISAB-r\.venv\Lib\site-packages\tabpfn\scripts\transformer_prediction_interface.py:530: FutureWarning: `torch.cuda.amp.autocast(args...)` is deprecated. Please use `torch.amp.autocast('cuda', args...)` instead.
  with torch.cuda.amp.autocast(enabled=fp16_inference):
C:\Users\iamsa\Documents\ISAB-r\.venv\Lib\site-packages\torch\_dynamo\eval_frame.py:632: UserWarning: torch.utils.checkpoint: the use_reentrant parameter should be passed explicitly. In version 2.5 we will raise an exception if use_reentrant is not passed. use_reentrant=False is recommended, but if you need to preserve the current default behavior, you can pass use_reentrant=True. Refer to docs for more details on the differences between the two variants.
  return fn(*args, **kwargs)
C:\Users\iamsa\Documents\ISAB-r\.venv\Lib\site-packages\tabpfn\scripts\transformer_prediction_interface.py:530: FutureWarning: `torch.cuda.amp.autocast(args...)` is deprecated. Please use `torch.amp.autocast('cuda', args...)` instead.
  with torch.cuda.amp.autocast(enabled=fp16_inference):
C:\Users\iamsa\Documents\ISAB-r\.venv\Lib\site-packages\torch\_dynamo\eval_frame.py:632: UserWarning: torch.utils.checkpoint: the use_reentrant parameter should be passed explicitly. In version 2.5 we will raise an exception if use_reentrant is not passed. use_reentrant=False is recommended, but if you need to preserve the current default behavior, you can pass use_reentrant=True. Refer to docs for more details on the differences between the two variants.
  return fn(*args, **kwargs)
C:\Users\iamsa\Documents\ISAB-r\.venv\Lib\site-packages\tabpfn\scripts\transformer_prediction_interface.py:530: FutureWarning: `torch.cuda.amp.autocast(args...)` is deprecated. Please use `torch.amp.autocast('cuda', args...)` instead.
  with torch.cuda.amp.autocast(enabled=fp16_inference):
C:\Users\iamsa\Documents\ISAB-r\.venv\Lib\site-packages\torch\_dynamo\eval_frame.py:632: UserWarning: torch.utils.checkpoint: the use_reentrant parameter should be passed explicitly. In version 2.5 we will raise an exception if use_reentrant is not passed. use_reentrant=False is recommended, but if you need to preserve the current default behavior, you can pass use_reentrant=True. Refer to docs for more details on the differences between the two variants.
  return fn(*args, **kwargs)
C:\Users\iamsa\Documents\ISAB-r\.venv\Lib\site-packages\tabpfn\scripts\transformer_prediction_interface.py:530: FutureWarning: `torch.cuda.amp.autocast(args...)` is deprecated. Please use `torch.amp.autocast('cuda', args...)` instead.
  with torch.cuda.amp.autocast(enabled=fp16_inference):
C:\Users\iamsa\Documents\ISAB-r\.venv\Lib\site-packages\torch\_dynamo\eval_frame.py:632: UserWarning: torch.utils.checkpoint: the use_reentrant parameter should be passed explicitly. In version 2.5 we will raise an exception if use_reentrant is not passed. use_reentrant=False is recommended, but if you need to preserve the current default behavior, you can pass use_reentrant=True. Refer to docs for more details on the differences between the two variants.
  return fn(*args, **kwargs)
C:\Users\iamsa\Documents\ISAB-r\.venv\Lib\site-packages\tabpfn\scripts\transformer_prediction_interface.py:530: FutureWarning: `torch.cuda.amp.autocast(args...)` is deprecated. Please use `torch.amp.autocast('cuda', args...)` instead.
  with torch.cuda.amp.autocast(enabled=fp16_inference):
C:\Users\iamsa\Documents\ISAB-r\.venv\Lib\site-packages\torch\_dynamo\eval_frame.py:632: UserWarning: torch.utils.checkpoint: the use_reentrant parameter should be passed explicitly. In version 2.5 we will raise an exception if use_reentrant is not passed. use_reentrant=False is recommended, but if you need to preserve the current default behavior, you can pass use_reentrant=True. Refer to docs for more details on the differences between the two variants.
  return fn(*args, **kwargs)
C:\Users\iamsa\Documents\ISAB-r\.venv\Lib\site-packages\tabpfn\scripts\transformer_prediction_interface.py:530: FutureWarning: `torch.cuda.amp.autocast(args...)` is deprecated. Please use `torch.amp.autocast('cuda', args...)` instead.
  with torch.cuda.amp.autocast(enabled=fp16_inference):
C:\Users\iamsa\Documents\ISAB-r\.venv\Lib\site-packages\torch\_dynamo\eval_frame.py:632: UserWarning: torch.utils.checkpoint: the use_reentrant parameter should be passed explicitly. In version 2.5 we will raise an exception if use_reentrant is not passed. use_reentrant=False is recommended, but if you need to preserve the current default behavior, you can pass use_reentrant=True. Refer to docs for more details on the differences between the two variants.
  return fn(*args, **kwargs)
C:\Users\iamsa\Documents\ISAB-r\.venv\Lib\site-packages\tabpfn\scripts\transformer_prediction_interface.py:530: FutureWarning: `torch.cuda.amp.autocast(args...)` is deprecated. Please use `torch.amp.autocast('cuda', args...)` instead.
  with torch.cuda.amp.autocast(enabled=fp16_inference):
C:\Users\iamsa\Documents\ISAB-r\.venv\Lib\site-packages\torch\_dynamo\eval_frame.py:632: UserWarning: torch.utils.checkpoint: the use_reentrant parameter should be passed explicitly. In version 2.5 we will raise an exception if use_reentrant is not passed. use_reentrant=False is recommended, but if you need to preserve the current default behavior, you can pass use_reentrant=True. Refer to docs for more details on the differences between the two variants.
  return fn(*args, **kwargs)
C:\Users\iamsa\Documents\ISAB-r\.venv\Lib\site-packages\tabpfn\scripts\transformer_prediction_interface.py:530: FutureWarning: `torch.cuda.amp.autocast(args...)` is deprecated. Please use `torch.amp.autocast('cuda', args...)` instead.
  with torch.cuda.amp.autocast(enabled=fp16_inference):
C:\Users\iamsa\Documents\ISAB-r\.venv\Lib\site-packages\torch\_dynamo\eval_frame.py:632: UserWarning: torch.utils.checkpoint: the use_reentrant parameter should be passed explicitly. In version 2.5 we will raise an exception if use_reentrant is not passed. use_reentrant=False is recommended, but if you need to preserve the current default behavior, you can pass use_reentrant=True. Refer to docs for more details on the differences between the two variants.
  return fn(*args, **kwargs)
C:\Users\iamsa\Documents\ISAB-r\.venv\Lib\site-packages\tabpfn\scripts\transformer_prediction_interface.py:530: FutureWarning: `torch.cuda.amp.autocast(args...)` is deprecated. Please use `torch.amp.autocast('cuda', args...)` instead.
  with torch.cuda.amp.autocast(enabled=fp16_inference):
C:\Users\iamsa\Documents\ISAB-r\.venv\Lib\site-packages\torch\_dynamo\eval_frame.py:632: UserWarning: torch.utils.checkpoint: the use_reentrant parameter should be passed explicitly. In version 2.5 we will raise an exception if use_reentrant is not passed. use_reentrant=False is recommended, but if you need to preserve the current default behavior, you can pass use_reentrant=True. Refer to docs for more details on the differences between the two variants.
  return fn(*args, **kwargs)
C:\Users\iamsa\Documents\ISAB-r\.venv\Lib\site-packages\tabpfn\scripts\transformer_prediction_interface.py:530: FutureWarning: `torch.cuda.amp.autocast(args...)` is deprecated. Please use `torch.amp.autocast('cuda', args...)` instead.
  with torch.cuda.amp.autocast(enabled=fp16_inference):
C:\Users\iamsa\Documents\ISAB-r\.venv\Lib\site-packages\torch\_dynamo\eval_frame.py:632: UserWarning: torch.utils.checkpoint: the use_reentrant parameter should be passed explicitly. In version 2.5 we will raise an exception if use_reentrant is not passed. use_reentrant=False is recommended, but if you need to preserve the current default behavior, you can pass use_reentrant=True. Refer to docs for more details on the differences between the two variants.
  return fn(*args, **kwargs)
C:\Users\iamsa\Documents\ISAB-r\.venv\Lib\site-packages\tabpfn\scripts\transformer_prediction_interface.py:530: FutureWarning: `torch.cuda.amp.autocast(args...)` is deprecated. Please use `torch.amp.autocast('cuda', args...)` instead.
  with torch.cuda.amp.autocast(enabled=fp16_inference):
C:\Users\iamsa\Documents\ISAB-r\.venv\Lib\site-packages\torch\_dynamo\eval_frame.py:632: UserWarning: torch.utils.checkpoint: the use_reentrant parameter should be passed explicitly. In version 2.5 we will raise an exception if use_reentrant is not passed. use_reentrant=False is recommended, but if you need to preserve the current default behavior, you can pass use_reentrant=True. Refer to docs for more details on the differences between the two variants.
  return fn(*args, **kwargs)
C:\Users\iamsa\Documents\ISAB-r\.venv\Lib\site-packages\tabpfn\scripts\transformer_prediction_interface.py:530: FutureWarning: `torch.cuda.amp.autocast(args...)` is deprecated. Please use `torch.amp.autocast('cuda', args...)` instead.
  with torch.cuda.amp.autocast(enabled=fp16_inference):
C:\Users\iamsa\Documents\ISAB-r\.venv\Lib\site-packages\torch\_dynamo\eval_frame.py:632: UserWarning: torch.utils.checkpoint: the use_reentrant parameter should be passed explicitly. In version 2.5 we will raise an exception if use_reentrant is not passed. use_reentrant=False is recommended, but if you need to preserve the current default behavior, you can pass use_reentrant=True. Refer to docs for more details on the differences between the two variants.
  return fn(*args, **kwargs)
C:\Users\iamsa\Documents\ISAB-r\.venv\Lib\site-packages\tabpfn\scripts\transformer_prediction_interface.py:530: FutureWarning: `torch.cuda.amp.autocast(args...)` is deprecated. Please use `torch.amp.autocast('cuda', args...)` instead.
  with torch.cuda.amp.autocast(enabled=fp16_inference):
C:\Users\iamsa\Documents\ISAB-r\.venv\Lib\site-packages\torch\_dynamo\eval_frame.py:632: UserWarning: torch.utils.checkpoint: the use_reentrant parameter should be passed explicitly. In version 2.5 we will raise an exception if use_reentrant is not passed. use_reentrant=False is recommended, but if you need to preserve the current default behavior, you can pass use_reentrant=True. Refer to docs for more details on the differences between the two variants.
  return fn(*args, **kwargs)
phoneme 0 N 3000 det 0.0 exact-vs-vanilla maxdiff [2.8014183044433594e-06]
C:\Users\iamsa\Documents\ISAB-r\.venv\Lib\site-packages\tabpfn\scripts\transformer_prediction_interface.py:530: FutureWarning: `torch.cuda.amp.autocast(args...)` is deprecated. Please use `torch.amp.autocast('cuda', args...)` instead.
  with torch.cuda.amp.autocast(enabled=fp16_inference):
C:\Users\iamsa\Documents\ISAB-r\.venv\Lib\site-packages\torch\_dynamo\eval_frame.py:632: UserWarning: torch.utils.checkpoint: the use_reentrant parameter should be passed explicitly. In version 2.5 we will raise an exception if use_reentrant is not passed. use_reentrant=False is recommended, but if you need to preserve the current default behavior, you can pass use_reentrant=True. Refer to docs for more details on the differences between the two variants.
  return fn(*args, **kwargs)
C:\Users\iamsa\Documents\ISAB-r\.venv\Lib\site-packages\tabpfn\scripts\transformer_prediction_interface.py:530: FutureWarning: `torch.cuda.amp.autocast(args...)` is deprecated. Please use `torch.amp.autocast('cuda', args...)` instead.
  with torch.cuda.amp.autocast(enabled=fp16_inference):
C:\Users\iamsa\Documents\ISAB-r\.venv\Lib\site-packages\torch\_dynamo\eval_frame.py:632: UserWarning: torch.utils.checkpoint: the use_reentrant parameter should be passed explicitly. In version 2.5 we will raise an exception if use_reentrant is not passed. use_reentrant=False is recommended, but if you need to preserve the current default behavior, you can pass use_reentrant=True. Refer to docs for more details on the differences between the two variants.
  return fn(*args, **kwargs)
C:\Users\iamsa\Documents\ISAB-r\.venv\Lib\site-packages\tabpfn\scripts\transformer_prediction_interface.py:530: FutureWarning: `torch.cuda.amp.autocast(args...)` is deprecated. Please use `torch.amp.autocast('cuda', args...)` instead.
  with torch.cuda.amp.autocast(enabled=fp16_inference):
C:\Users\iamsa\Documents\ISAB-r\.venv\Lib\site-packages\torch\_dynamo\eval_frame.py:632: UserWarning: torch.utils.checkpoint: the use_reentrant parameter should be passed explicitly. In version 2.5 we will raise an exception if use_reentrant is not passed. use_reentrant=False is recommended, but if you need to preserve the current default behavior, you can pass use_reentrant=True. Refer to docs for more details on the differences between the two variants.
  return fn(*args, **kwargs)
C:\Users\iamsa\Documents\ISAB-r\.venv\Lib\site-packages\tabpfn\scripts\transformer_prediction_interface.py:530: FutureWarning: `torch.cuda.amp.autocast(args...)` is deprecated. Please use `torch.amp.autocast('cuda', args...)` instead.
  with torch.cuda.amp.autocast(enabled=fp16_inference):
C:\Users\iamsa\Documents\ISAB-r\.venv\Lib\site-packages\torch\_dynamo\eval_frame.py:632: UserWarning: torch.utils.checkpoint: the use_reentrant parameter should be passed explicitly. In version 2.5 we will raise an exception if use_reentrant is not passed. use_reentrant=False is recommended, but if you need to preserve the current default behavior, you can pass use_reentrant=True. Refer to docs for more details on the differences between the two variants.
  return fn(*args, **kwargs)
C:\Users\iamsa\Documents\ISAB-r\.venv\Lib\site-packages\tabpfn\scripts\transformer_prediction_interface.py:530: FutureWarning: `torch.cuda.amp.autocast(args...)` is deprecated. Please use `torch.amp.autocast('cuda', args...)` instead.
  with torch.cuda.amp.autocast(enabled=fp16_inference):
C:\Users\iamsa\Documents\ISAB-r\.venv\Lib\site-packages\torch\_dynamo\eval_frame.py:632: UserWarning: torch.utils.checkpoint: the use_reentrant parameter should be passed explicitly. In version 2.5 we will raise an exception if use_reentrant is not passed. use_reentrant=False is recommended, but if you need to preserve the current default behavior, you can pass use_reentrant=True. Refer to docs for more details on the differences between the two variants.
  return fn(*args, **kwargs)
C:\Users\iamsa\Documents\ISAB-r\.venv\Lib\site-packages\tabpfn\scripts\transformer_prediction_interface.py:530: FutureWarning: `torch.cuda.amp.autocast(args...)` is deprecated. Please use `torch.amp.autocast('cuda', args...)` instead.
  with torch.cuda.amp.autocast(enabled=fp16_inference):
C:\Users\iamsa\Documents\ISAB-r\.venv\Lib\site-packages\torch\_dynamo\eval_frame.py:632: UserWarning: torch.utils.checkpoint: the use_reentrant parameter should be passed explicitly. In version 2.5 we will raise an exception if use_reentrant is not passed. use_reentrant=False is recommended, but if you need to preserve the current default behavior, you can pass use_reentrant=True. Refer to docs for more details on the differences between the two variants.
  return fn(*args, **kwargs)
C:\Users\iamsa\Documents\ISAB-r\.venv\Lib\site-packages\tabpfn\scripts\transformer_prediction_interface.py:530: FutureWarning: `torch.cuda.amp.autocast(args...)` is deprecated. Please use `torch.amp.autocast('cuda', args...)` instead.
  with torch.cuda.amp.autocast(enabled=fp16_inference):
C:\Users\iamsa\Documents\ISAB-r\.venv\Lib\site-packages\torch\_dynamo\eval_frame.py:632: UserWarning: torch.utils.checkpoint: the use_reentrant parameter should be passed explicitly. In version 2.5 we will raise an exception if use_reentrant is not passed. use_reentrant=False is recommended, but if you need to preserve the current default behavior, you can pass use_reentrant=True. Refer to docs for more details on the differences between the two variants.
  return fn(*args, **kwargs)
C:\Users\iamsa\Documents\ISAB-r\.venv\Lib\site-packages\tabpfn\scripts\transformer_prediction_interface.py:530: FutureWarning: `torch.cuda.amp.autocast(args...)` is deprecated. Please use `torch.amp.autocast('cuda', args...)` instead.
  with torch.cuda.amp.autocast(enabled=fp16_inference):
C:\Users\iamsa\Documents\ISAB-r\.venv\Lib\site-packages\torch\_dynamo\eval_frame.py:632: UserWarning: torch.utils.checkpoint: the use_reentrant parameter should be passed explicitly. In version 2.5 we will raise an exception if use_reentrant is not passed. use_reentrant=False is recommended, but if you need to preserve the current default behavior, you can pass use_reentrant=True. Refer to docs for more details on the differences between the two variants.
  return fn(*args, **kwargs)
C:\Users\iamsa\Documents\ISAB-r\.venv\Lib\site-packages\tabpfn\scripts\transformer_prediction_interface.py:530: FutureWarning: `torch.cuda.amp.autocast(args...)` is deprecated. Please use `torch.amp.autocast('cuda', args...)` instead.
  with torch.cuda.amp.autocast(enabled=fp16_inference):
C:\Users\iamsa\Documents\ISAB-r\.venv\Lib\site-packages\torch\_dynamo\eval_frame.py:632: UserWarning: torch.utils.checkpoint: the use_reentrant parameter should be passed explicitly. In version 2.5 we will raise an exception if use_reentrant is not passed. use_reentrant=False is recommended, but if you need to preserve the current default behavior, you can pass use_reentrant=True. Refer to docs for more details on the differences between the two variants.
  return fn(*args, **kwargs)
C:\Users\iamsa\Documents\ISAB-r\.venv\Lib\site-packages\tabpfn\scripts\transformer_prediction_interface.py:530: FutureWarning: `torch.cuda.amp.autocast(args...)` is deprecated. Please use `torch.amp.autocast('cuda', args...)` instead.
  with torch.cuda.amp.autocast(enabled=fp16_inference):
C:\Users\iamsa\Documents\ISAB-r\.venv\Lib\site-packages\torch\_dynamo\eval_frame.py:632: UserWarning: torch.utils.checkpoint: the use_reentrant parameter should be passed explicitly. In version 2.5 we will raise an exception if use_reentrant is not passed. use_reentrant=False is recommended, but if you need to preserve the current default behavior, you can pass use_reentrant=True. Refer to docs for more details on the differences between the two variants.
  return fn(*args, **kwargs)
C:\Users\iamsa\Documents\ISAB-r\.venv\Lib\site-packages\tabpfn\scripts\transformer_prediction_interface.py:530: FutureWarning: `torch.cuda.amp.autocast(args...)` is deprecated. Please use `torch.amp.autocast('cuda', args...)` instead.
  with torch.cuda.amp.autocast(enabled=fp16_inference):
C:\Users\iamsa\Documents\ISAB-r\.venv\Lib\site-packages\torch\_dynamo\eval_frame.py:632: UserWarning: torch.utils.checkpoint: the use_reentrant parameter should be passed explicitly. In version 2.5 we will raise an exception if use_reentrant is not passed. use_reentrant=False is recommended, but if you need to preserve the current default behavior, you can pass use_reentrant=True. Refer to docs for more details on the differences between the two variants.
  return fn(*args, **kwargs)
C:\Users\iamsa\Documents\ISAB-r\.venv\Lib\site-packages\tabpfn\scripts\transformer_prediction_interface.py:530: FutureWarning: `torch.cuda.amp.autocast(args...)` is deprecated. Please use `torch.amp.autocast('cuda', args...)` instead.
  with torch.cuda.amp.autocast(enabled=fp16_inference):
C:\Users\iamsa\Documents\ISAB-r\.venv\Lib\site-packages\torch\_dynamo\eval_frame.py:632: UserWarning: torch.utils.checkpoint: the use_reentrant parameter should be passed explicitly. In version 2.5 we will raise an exception if use_reentrant is not passed. use_reentrant=False is recommended, but if you need to preserve the current default behavior, you can pass use_reentrant=True. Refer to docs for more details on the differences between the two variants.
  return fn(*args, **kwargs)
C:\Users\iamsa\Documents\ISAB-r\.venv\Lib\site-packages\tabpfn\scripts\transformer_prediction_interface.py:530: FutureWarning: `torch.cuda.amp.autocast(args...)` is deprecated. Please use `torch.amp.autocast('cuda', args...)` instead.
  with torch.cuda.amp.autocast(enabled=fp16_inference):
C:\Users\iamsa\Documents\ISAB-r\.venv\Lib\site-packages\torch\_dynamo\eval_frame.py:632: UserWarning: torch.utils.checkpoint: the use_reentrant parameter should be passed explicitly. In version 2.5 we will raise an exception if use_reentrant is not passed. use_reentrant=False is recommended, but if you need to preserve the current default behavior, you can pass use_reentrant=True. Refer to docs for more details on the differences between the two variants.
  return fn(*args, **kwargs)
phoneme 1 N 3000 det 0.0 exact-vs-vanilla maxdiff [3.725290298461914e-06]
C:\Users\iamsa\Documents\ISAB-r\.venv\Lib\site-packages\tabpfn\scripts\transformer_prediction_interface.py:530: FutureWarning: `torch.cuda.amp.autocast(args...)` is deprecated. Please use `torch.amp.autocast('cuda', args...)` instead.
  with torch.cuda.amp.autocast(enabled=fp16_inference):
C:\Users\iamsa\Documents\ISAB-r\.venv\Lib\site-packages\torch\_dynamo\eval_frame.py:632: UserWarning: torch.utils.checkpoint: the use_reentrant parameter should be passed explicitly. In version 2.5 we will raise an exception if use_reentrant is not passed. use_reentrant=False is recommended, but if you need to preserve the current default behavior, you can pass use_reentrant=True. Refer to docs for more details on the differences between the two variants.
  return fn(*args, **kwargs)
C:\Users\iamsa\Documents\ISAB-r\.venv\Lib\site-packages\tabpfn\scripts\transformer_prediction_interface.py:530: FutureWarning: `torch.cuda.amp.autocast(args...)` is deprecated. Please use `torch.amp.autocast('cuda', args...)` instead.
  with torch.cuda.amp.autocast(enabled=fp16_inference):
C:\Users\iamsa\Documents\ISAB-r\.venv\Lib\site-packages\torch\_dynamo\eval_frame.py:632: UserWarning: torch.utils.checkpoint: the use_reentrant parameter should be passed explicitly. In version 2.5 we will raise an exception if use_reentrant is not passed. use_reentrant=False is recommended, but if you need to preserve the current default behavior, you can pass use_reentrant=True. Refer to docs for more details on the differences between the two variants.
  return fn(*args, **kwargs)
C:\Users\iamsa\Documents\ISAB-r\.venv\Lib\site-packages\tabpfn\scripts\transformer_prediction_interface.py:530: FutureWarning: `torch.cuda.amp.autocast(args...)` is deprecated. Please use `torch.amp.autocast('cuda', args...)` instead.
  with torch.cuda.amp.autocast(enabled=fp16_inference):
C:\Users\iamsa\Documents\ISAB-r\.venv\Lib\site-packages\torch\_dynamo\eval_frame.py:632: UserWarning: torch.utils.checkpoint: the use_reentrant parameter should be passed explicitly. In version 2.5 we will raise an exception if use_reentrant is not passed. use_reentrant=False is recommended, but if you need to preserve the current default behavior, you can pass use_reentrant=True. Refer to docs for more details on the differences between the two variants.
  return fn(*args, **kwargs)
C:\Users\iamsa\Documents\ISAB-r\.venv\Lib\site-packages\tabpfn\scripts\transformer_prediction_interface.py:530: FutureWarning: `torch.cuda.amp.autocast(args...)` is deprecated. Please use `torch.amp.autocast('cuda', args...)` instead.
  with torch.cuda.amp.autocast(enabled=fp16_inference):
C:\Users\iamsa\Documents\ISAB-r\.venv\Lib\site-packages\torch\_dynamo\eval_frame.py:632: UserWarning: torch.utils.checkpoint: the use_reentrant parameter should be passed explicitly. In version 2.5 we will raise an exception if use_reentrant is not passed. use_reentrant=False is recommended, but if you need to preserve the current default behavior, you can pass use_reentrant=True. Refer to docs for more details on the differences between the two variants.
  return fn(*args, **kwargs)
C:\Users\iamsa\Documents\ISAB-r\.venv\Lib\site-packages\tabpfn\scripts\transformer_prediction_interface.py:530: FutureWarning: `torch.cuda.amp.autocast(args...)` is deprecated. Please use `torch.amp.autocast('cuda', args...)` instead.
  with torch.cuda.amp.autocast(enabled=fp16_inference):
C:\Users\iamsa\Documents\ISAB-r\.venv\Lib\site-packages\torch\_dynamo\eval_frame.py:632: UserWarning: torch.utils.checkpoint: the use_reentrant parameter should be passed explicitly. In version 2.5 we will raise an exception if use_reentrant is not passed. use_reentrant=False is recommended, but if you need to preserve the current default behavior, you can pass use_reentrant=True. Refer to docs for more details on the differences between the two variants.
  return fn(*args, **kwargs)
C:\Users\iamsa\Documents\ISAB-r\.venv\Lib\site-packages\tabpfn\scripts\transformer_prediction_interface.py:530: FutureWarning: `torch.cuda.amp.autocast(args...)` is deprecated. Please use `torch.amp.autocast('cuda', args...)` instead.
  with torch.cuda.amp.autocast(enabled=fp16_inference):
C:\Users\iamsa\Documents\ISAB-r\.venv\Lib\site-packages\torch\_dynamo\eval_frame.py:632: UserWarning: torch.utils.checkpoint: the use_reentrant parameter should be passed explicitly. In version 2.5 we will raise an exception if use_reentrant is not passed. use_reentrant=False is recommended, but if you need to preserve the current default behavior, you can pass use_reentrant=True. Refer to docs for more details on the differences between the two variants.
  return fn(*args, **kwargs)
C:\Users\iamsa\Documents\ISAB-r\.venv\Lib\site-packages\tabpfn\scripts\transformer_prediction_interface.py:530: FutureWarning: `torch.cuda.amp.autocast(args...)` is deprecated. Please use `torch.amp.autocast('cuda', args...)` instead.
  with torch.cuda.amp.autocast(enabled=fp16_inference):
C:\Users\iamsa\Documents\ISAB-r\.venv\Lib\site-packages\torch\_dynamo\eval_frame.py:632: UserWarning: torch.utils.checkpoint: the use_reentrant parameter should be passed explicitly. In version 2.5 we will raise an exception if use_reentrant is not passed. use_reentrant=False is recommended, but if you need to preserve the current default behavior, you can pass use_reentrant=True. Refer to docs for more details on the differences between the two variants.
  return fn(*args, **kwargs)
C:\Users\iamsa\Documents\ISAB-r\.venv\Lib\site-packages\tabpfn\scripts\transformer_prediction_interface.py:530: FutureWarning: `torch.cuda.amp.autocast(args...)` is deprecated. Please use `torch.amp.autocast('cuda', args...)` instead.
  with torch.cuda.amp.autocast(enabled=fp16_inference):
C:\Users\iamsa\Documents\ISAB-r\.venv\Lib\site-packages\torch\_dynamo\eval_frame.py:632: UserWarning: torch.utils.checkpoint: the use_reentrant parameter should be passed explicitly. In version 2.5 we will raise an exception if use_reentrant is not passed. use_reentrant=False is recommended, but if you need to preserve the current default behavior, you can pass use_reentrant=True. Refer to docs for more details on the differences between the two variants.
  return fn(*args, **kwargs)
C:\Users\iamsa\Documents\ISAB-r\.venv\Lib\site-packages\tabpfn\scripts\transformer_prediction_interface.py:530: FutureWarning: `torch.cuda.amp.autocast(args...)` is deprecated. Please use `torch.amp.autocast('cuda', args...)` instead.
  with torch.cuda.amp.autocast(enabled=fp16_inference):
C:\Users\iamsa\Documents\ISAB-r\.venv\Lib\site-packages\torch\_dynamo\eval_frame.py:632: UserWarning: torch.utils.checkpoint: the use_reentrant parameter should be passed explicitly. In version 2.5 we will raise an exception if use_reentrant is not passed. use_reentrant=False is recommended, but if you need to preserve the current default behavior, you can pass use_reentrant=True. Refer to docs for more details on the differences between the two variants.
  return fn(*args, **kwargs)
C:\Users\iamsa\Documents\ISAB-r\.venv\Lib\site-packages\tabpfn\scripts\transformer_prediction_interface.py:530: FutureWarning: `torch.cuda.amp.autocast(args...)` is deprecated. Please use `torch.amp.autocast('cuda', args...)` instead.
  with torch.cuda.amp.autocast(enabled=fp16_inference):
C:\Users\iamsa\Documents\ISAB-r\.venv\Lib\site-packages\torch\_dynamo\eval_frame.py:632: UserWarning: torch.utils.checkpoint: the use_reentrant parameter should be passed explicitly. In version 2.5 we will raise an exception if use_reentrant is not passed. use_reentrant=False is recommended, but if you need to preserve the current default behavior, you can pass use_reentrant=True. Refer to docs for more details on the differences between the two variants.
  return fn(*args, **kwargs)
C:\Users\iamsa\Documents\ISAB-r\.venv\Lib\site-packages\tabpfn\scripts\transformer_prediction_interface.py:530: FutureWarning: `torch.cuda.amp.autocast(args...)` is deprecated. Please use `torch.amp.autocast('cuda', args...)` instead.
  with torch.cuda.amp.autocast(enabled=fp16_inference):
C:\Users\iamsa\Documents\ISAB-r\.venv\Lib\site-packages\torch\_dynamo\eval_frame.py:632: UserWarning: torch.utils.checkpoint: the use_reentrant parameter should be passed explicitly. In version 2.5 we will raise an exception if use_reentrant is not passed. use_reentrant=False is recommended, but if you need to preserve the current default behavior, you can pass use_reentrant=True. Refer to docs for more details on the differences between the two variants.
  return fn(*args, **kwargs)
C:\Users\iamsa\Documents\ISAB-r\.venv\Lib\site-packages\tabpfn\scripts\transformer_prediction_interface.py:530: FutureWarning: `torch.cuda.amp.autocast(args...)` is deprecated. Please use `torch.amp.autocast('cuda', args...)` instead.
  with torch.cuda.amp.autocast(enabled=fp16_inference):
C:\Users\iamsa\Documents\ISAB-r\.venv\Lib\site-packages\torch\_dynamo\eval_frame.py:632: UserWarning: torch.utils.checkpoint: the use_reentrant parameter should be passed explicitly. In version 2.5 we will raise an exception if use_reentrant is not passed. use_reentrant=False is recommended, but if you need to preserve the current default behavior, you can pass use_reentrant=True. Refer to docs for more details on the differences between the two variants.
  return fn(*args, **kwargs)
C:\Users\iamsa\Documents\ISAB-r\.venv\Lib\site-packages\tabpfn\scripts\transformer_prediction_interface.py:530: FutureWarning: `torch.cuda.amp.autocast(args...)` is deprecated. Please use `torch.amp.autocast('cuda', args...)` instead.
  with torch.cuda.amp.autocast(enabled=fp16_inference):
C:\Users\iamsa\Documents\ISAB-r\.venv\Lib\site-packages\torch\_dynamo\eval_frame.py:632: UserWarning: torch.utils.checkpoint: the use_reentrant parameter should be passed explicitly. In version 2.5 we will raise an exception if use_reentrant is not passed. use_reentrant=False is recommended, but if you need to preserve the current default behavior, you can pass use_reentrant=True. Refer to docs for more details on the differences between the two variants.
  return fn(*args, **kwargs)
spambase 0 N 3000 det 0.0 exact-vs-vanilla maxdiff [6.020069122314453e-06]
C:\Users\iamsa\Documents\ISAB-r\.venv\Lib\site-packages\tabpfn\scripts\transformer_prediction_interface.py:530: FutureWarning: `torch.cuda.amp.autocast(args...)` is deprecated. Please use `torch.amp.autocast('cuda', args...)` instead.
  with torch.cuda.amp.autocast(enabled=fp16_inference):
C:\Users\iamsa\Documents\ISAB-r\.venv\Lib\site-packages\torch\_dynamo\eval_frame.py:632: UserWarning: torch.utils.checkpoint: the use_reentrant parameter should be passed explicitly. In version 2.5 we will raise an exception if use_reentrant is not passed. use_reentrant=False is recommended, but if you need to preserve the current default behavior, you can pass use_reentrant=True. Refer to docs for more details on the differences between the two variants.
  return fn(*args, **kwargs)
C:\Users\iamsa\Documents\ISAB-r\.venv\Lib\site-packages\tabpfn\scripts\transformer_prediction_interface.py:530: FutureWarning: `torch.cuda.amp.autocast(args...)` is deprecated. Please use `torch.amp.autocast('cuda', args...)` instead.
  with torch.cuda.amp.autocast(enabled=fp16_inference):
C:\Users\iamsa\Documents\ISAB-r\.venv\Lib\site-packages\torch\_dynamo\eval_frame.py:632: UserWarning: torch.utils.checkpoint: the use_reentrant parameter should be passed explicitly. In version 2.5 we will raise an exception if use_reentrant is not passed. use_reentrant=False is recommended, but if you need to preserve the current default behavior, you can pass use_reentrant=True. Refer to docs for more details on the differences between the two variants.
  return fn(*args, **kwargs)
C:\Users\iamsa\Documents\ISAB-r\.venv\Lib\site-packages\tabpfn\scripts\transformer_prediction_interface.py:530: FutureWarning: `torch.cuda.amp.autocast(args...)` is deprecated. Please use `torch.amp.autocast('cuda', args...)` instead.
  with torch.cuda.amp.autocast(enabled=fp16_inference):
C:\Users\iamsa\Documents\ISAB-r\.venv\Lib\site-packages\torch\_dynamo\eval_frame.py:632: UserWarning: torch.utils.checkpoint: the use_reentrant parameter should be passed explicitly. In version 2.5 we will raise an exception if use_reentrant is not passed. use_reentrant=False is recommended, but if you need to preserve the current default behavior, you can pass use_reentrant=True. Refer to docs for more details on the differences between the two variants.
  return fn(*args, **kwargs)
C:\Users\iamsa\Documents\ISAB-r\.venv\Lib\site-packages\tabpfn\scripts\transformer_prediction_interface.py:530: FutureWarning: `torch.cuda.amp.autocast(args...)` is deprecated. Please use `torch.amp.autocast('cuda', args...)` instead.
  with torch.cuda.amp.autocast(enabled=fp16_inference):
C:\Users\iamsa\Documents\ISAB-r\.venv\Lib\site-packages\torch\_dynamo\eval_frame.py:632: UserWarning: torch.utils.checkpoint: the use_reentrant parameter should be passed explicitly. In version 2.5 we will raise an exception if use_reentrant is not passed. use_reentrant=False is recommended, but if you need to preserve the current default behavior, you can pass use_reentrant=True. Refer to docs for more details on the differences between the two variants.
  return fn(*args, **kwargs)
C:\Users\iamsa\Documents\ISAB-r\.venv\Lib\site-packages\tabpfn\scripts\transformer_prediction_interface.py:530: FutureWarning: `torch.cuda.amp.autocast(args...)` is deprecated. Please use `torch.amp.autocast('cuda', args...)` instead.
  with torch.cuda.amp.autocast(enabled=fp16_inference):
C:\Users\iamsa\Documents\ISAB-r\.venv\Lib\site-packages\torch\_dynamo\eval_frame.py:632: UserWarning: torch.utils.checkpoint: the use_reentrant parameter should be passed explicitly. In version 2.5 we will raise an exception if use_reentrant is not passed. use_reentrant=False is recommended, but if you need to preserve the current default behavior, you can pass use_reentrant=True. Refer to docs for more details on the differences between the two variants.
  return fn(*args, **kwargs)
C:\Users\iamsa\Documents\ISAB-r\.venv\Lib\site-packages\tabpfn\scripts\transformer_prediction_interface.py:530: FutureWarning: `torch.cuda.amp.autocast(args...)` is deprecated. Please use `torch.amp.autocast('cuda', args...)` instead.
  with torch.cuda.amp.autocast(enabled=fp16_inference):
C:\Users\iamsa\Documents\ISAB-r\.venv\Lib\site-packages\torch\_dynamo\eval_frame.py:632: UserWarning: torch.utils.checkpoint: the use_reentrant parameter should be passed explicitly. In version 2.5 we will raise an exception if use_reentrant is not passed. use_reentrant=False is recommended, but if you need to preserve the current default behavior, you can pass use_reentrant=True. Refer to docs for more details on the differences between the two variants.
  return fn(*args, **kwargs)
C:\Users\iamsa\Documents\ISAB-r\.venv\Lib\site-packages\tabpfn\scripts\transformer_prediction_interface.py:530: FutureWarning: `torch.cuda.amp.autocast(args...)` is deprecated. Please use `torch.amp.autocast('cuda', args...)` instead.
  with torch.cuda.amp.autocast(enabled=fp16_inference):
C:\Users\iamsa\Documents\ISAB-r\.venv\Lib\site-packages\torch\_dynamo\eval_frame.py:632: UserWarning: torch.utils.checkpoint: the use_reentrant parameter should be passed explicitly. In version 2.5 we will raise an exception if use_reentrant is not passed. use_reentrant=False is recommended, but if you need to preserve the current default behavior, you can pass use_reentrant=True. Refer to docs for more details on the differences between the two variants.
  return fn(*args, **kwargs)
C:\Users\iamsa\Documents\ISAB-r\.venv\Lib\site-packages\tabpfn\scripts\transformer_prediction_interface.py:530: FutureWarning: `torch.cuda.amp.autocast(args...)` is deprecated. Please use `torch.amp.autocast('cuda', args...)` instead.
  with torch.cuda.amp.autocast(enabled=fp16_inference):
C:\Users\iamsa\Documents\ISAB-r\.venv\Lib\site-packages\torch\_dynamo\eval_frame.py:632: UserWarning: torch.utils.checkpoint: the use_reentrant parameter should be passed explicitly. In version 2.5 we will raise an exception if use_reentrant is not passed. use_reentrant=False is recommended, but if you need to preserve the current default behavior, you can pass use_reentrant=True. Refer to docs for more details on the differences between the two variants.
  return fn(*args, **kwargs)
C:\Users\iamsa\Documents\ISAB-r\.venv\Lib\site-packages\tabpfn\scripts\transformer_prediction_interface.py:530: FutureWarning: `torch.cuda.amp.autocast(args...)` is deprecated. Please use `torch.amp.autocast('cuda', args...)` instead.
  with torch.cuda.amp.autocast(enabled=fp16_inference):
C:\Users\iamsa\Documents\ISAB-r\.venv\Lib\site-packages\torch\_dynamo\eval_frame.py:632: UserWarning: torch.utils.checkpoint: the use_reentrant parameter should be passed explicitly. In version 2.5 we will raise an exception if use_reentrant is not passed. use_reentrant=False is recommended, but if you need to preserve the current default behavior, you can pass use_reentrant=True. Refer to docs for more details on the differences between the two variants.
  return fn(*args, **kwargs)
C:\Users\iamsa\Documents\ISAB-r\.venv\Lib\site-packages\tabpfn\scripts\transformer_prediction_interface.py:530: FutureWarning: `torch.cuda.amp.autocast(args...)` is deprecated. Please use `torch.amp.autocast('cuda', args...)` instead.
  with torch.cuda.amp.autocast(enabled=fp16_inference):
C:\Users\iamsa\Documents\ISAB-r\.venv\Lib\site-packages\torch\_dynamo\eval_frame.py:632: UserWarning: torch.utils.checkpoint: the use_reentrant parameter should be passed explicitly. In version 2.5 we will raise an exception if use_reentrant is not passed. use_reentrant=False is recommended, but if you need to preserve the current default behavior, you can pass use_reentrant=True. Refer to docs for more details on the differences between the two variants.
  return fn(*args, **kwargs)
C:\Users\iamsa\Documents\ISAB-r\.venv\Lib\site-packages\tabpfn\scripts\transformer_prediction_interface.py:530: FutureWarning: `torch.cuda.amp.autocast(args...)` is deprecated. Please use `torch.amp.autocast('cuda', args...)` instead.
  with torch.cuda.amp.autocast(enabled=fp16_inference):
C:\Users\iamsa\Documents\ISAB-r\.venv\Lib\site-packages\torch\_dynamo\eval_frame.py:632: UserWarning: torch.utils.checkpoint: the use_reentrant parameter should be passed explicitly. In version 2.5 we will raise an exception if use_reentrant is not passed. use_reentrant=False is recommended, but if you need to preserve the current default behavior, you can pass use_reentrant=True. Refer to docs for more details on the differences between the two variants.
  return fn(*args, **kwargs)
C:\Users\iamsa\Documents\ISAB-r\.venv\Lib\site-packages\tabpfn\scripts\transformer_prediction_interface.py:530: FutureWarning: `torch.cuda.amp.autocast(args...)` is deprecated. Please use `torch.amp.autocast('cuda', args...)` instead.
  with torch.cuda.amp.autocast(enabled=fp16_inference):
C:\Users\iamsa\Documents\ISAB-r\.venv\Lib\site-packages\torch\_dynamo\eval_frame.py:632: UserWarning: torch.utils.checkpoint: the use_reentrant parameter should be passed explicitly. In version 2.5 we will raise an exception if use_reentrant is not passed. use_reentrant=False is recommended, but if you need to preserve the current default behavior, you can pass use_reentrant=True. Refer to docs for more details on the differences between the two variants.
  return fn(*args, **kwargs)
C:\Users\iamsa\Documents\ISAB-r\.venv\Lib\site-packages\tabpfn\scripts\transformer_prediction_interface.py:530: FutureWarning: `torch.cuda.amp.autocast(args...)` is deprecated. Please use `torch.amp.autocast('cuda', args...)` instead.
  with torch.cuda.amp.autocast(enabled=fp16_inference):
C:\Users\iamsa\Documents\ISAB-r\.venv\Lib\site-packages\torch\_dynamo\eval_frame.py:632: UserWarning: torch.utils.checkpoint: the use_reentrant parameter should be passed explicitly. In version 2.5 we will raise an exception if use_reentrant is not passed. use_reentrant=False is recommended, but if you need to preserve the current default behavior, you can pass use_reentrant=True. Refer to docs for more details on the differences between the two variants.
  return fn(*args, **kwargs)
spambase 1 N 3000 det 0.0 exact-vs-vanilla maxdiff [8.58306884765625e-06]
Traceback (most recent call last):
  File "C:\Users\iamsa\Documents\ISAB-r\experiments\h1-barnes-hut-real-activations\code\pilot.py", line 154, in <module>
    with open(out_path, "w", newline="") as f:
         ^^^^^^^^^^^^^^^^^^^^^^^^^^^^^^^
PermissionError: [Errno 13] Permission denied: 'experiments/h1-barnes-hut-real-activations/results/pilot_results.csv'
