38 classification tasks, 594 total splits
blood-transfusion-service-center r0f0 n=498 fit=1.3s errs=[0.2558, 0.2465, 0.2584]
blood-transfusion-service-center r0f1 n=499 fit=1.1s errs=[0.2015, 0.2013, 0.2274]
blood-transfusion-service-center r0f2 n=499 fit=1.0s errs=[0.2862, 0.2925, 0.2875]
blood-transfusion-service-center r1f0 n=498 fit=1.2s errs=[0.2626, 0.2623, 0.261]
blood-transfusion-service-center r1f1 n=499 fit=1.0s errs=[0.2693, 0.2607, 0.2677]
blood-transfusion-service-center r1f2 n=499 fit=1.0s errs=[0.1964, 0.2024, 0.2016]
blood-transfusion-service-center r2f0 n=498 fit=1.0s errs=[0.2614, 0.2743, 0.2669]
blood-transfusion-service-center r2f1 n=499 fit=1.0s errs=[0.2271, 0.2265, 0.238]
blood-transfusion-service-center r2f2 n=499 fit=0.9s errs=[0.2443, 0.2431, 0.2414]
blood-transfusion-service-center r3f0 n=498 fit=0.9s errs=[0.2781, 0.2746, 0.2754]
blood-transfusion-service-center r3f1 n=499 fit=0.9s errs=[0.2413, 0.2408, 0.2506]
blood-transfusion-service-center r3f2 n=499 fit=1.1s errs=[0.2311, 0.2406, 0.2238]
blood-transfusion-service-center r4f0 n=498 fit=1.2s errs=[0.2275, 0.2327, 0.2302]
blood-transfusion-service-center r4f1 n=499 fit=1.2s errs=[0.2112, 0.2203, 0.215]
blood-transfusion-service-center r4f2 n=499 fit=1.1s errs=[0.2793, 0.2732, 0.276]
blood-transfusion-service-center r5f0 n=498 fit=1.3s errs=[0.239, 0.2413, 0.2314]
blood-transfusion-service-center r5f1 n=499 fit=1.1s errs=[0.2462, 0.2521, 0.2469]
blood-transfusion-service-center r5f2 n=499 fit=1.2s errs=[0.2228, 0.2278, 0.2293]
blood-transfusion-service-center r6f0 n=498 fit=1.1s errs=[0.1744, 0.1779, 0.1786]
blood-transfusion-service-center r6f1 n=499 fit=1.2s errs=[0.3236, 0.3231, 0.3219]
blood-transfusion-service-center r6f2 n=499 fit=1.1s errs=[0.2575, 0.2373, 0.2533]
blood-transfusion-service-center r7f0 n=498 fit=1.2s errs=[0.2682, 0.2595, 0.2694]
blood-transfusion-service-center r7f1 n=499 fit=1.2s errs=[0.225, 0.2174, 0.2372]
blood-transfusion-service-center r7f2 n=499 fit=1.1s errs=[0.2517, 0.2523, 0.2521]
blood-transfusion-service-center r8f0 n=498 fit=1.1s errs=[0.2474, 0.2579, 0.2479]
blood-transfusion-service-center r8f1 n=499 fit=1.2s errs=[0.2475, 0.2425, 0.2475]
blood-transfusion-service-center r8f2 n=499 fit=1.1s errs=[0.2313, 0.2301, 0.2377]
blood-transfusion-service-center r9f0 n=498 fit=1.2s errs=[0.2714, 0.2631, 0.2695]
blood-transfusion-service-center r9f1 n=499 fit=1.1s errs=[0.2431, 0.2486, 0.2593]
blood-transfusion-service-center r9f2 n=499 fit=1.1s errs=[0.2153, 0.2194, 0.2199]
diabetes r0f0 n=512 fit=1.2s errs=[0.1547, 0.1582, 0.1586]
diabetes r0f1 n=512 fit=1.1s errs=[0.1654, 0.174, 0.1744]
diabetes r0f2 n=512 fit=1.1s errs=[0.1529, 0.1554, 0.1514]
diabetes r1f0 n=512 fit=1.2s errs=[0.1652, 0.1547, 0.1667]
diabetes r1f1 n=512 fit=1.2s errs=[0.143, 0.1469, 0.1423]
diabetes r1f2 n=512 fit=1.2s errs=[0.1776, 0.1853, 0.1846]
diabetes r2f0 n=512 fit=1.3s errs=[0.1465, 0.1389, 0.1506]
diabetes r2f1 n=512 fit=1.2s errs=[0.1591, 0.18, 0.158]
diabetes r2f2 n=512 fit=1.5s errs=[0.2152, 0.2144, 0.2173]
diabetes r3f0 n=512 fit=1.6s errs=[0.1823, 0.1852, 0.1851]
diabetes r3f1 n=512 fit=1.3s errs=[0.1247, 0.1278, 0.1244]
diabetes r3f2 n=512 fit=1.3s errs=[0.17, 0.1687, 0.1697]
diabetes r4f0 n=512 fit=1.3s errs=[0.1823, 0.1844, 0.1889]
diabetes r4f1 n=512 fit=1.3s errs=[0.1644, 0.1695, 0.1606]
diabetes r4f2 n=512 fit=1.3s errs=[0.1385, 0.1344, 0.1432]
diabetes r5f0 n=512 fit=1.3s errs=[0.1256, 0.1288, 0.1297]
diabetes r5f1 n=512 fit=1.1s errs=[0.1972, 0.2002, 0.1973]
diabetes r5f2 n=512 fit=1.3s errs=[0.1601, 0.1697, 0.1629]
diabetes r6f0 n=512 fit=1.2s errs=[0.1305, 0.1336, 0.1352]
diabetes r6f1 n=512 fit=1.2s errs=[0.1986, 0.1981, 0.1968]
diabetes r6f2 n=512 fit=1.5s errs=[0.1424, 0.1536, 0.1392]
diabetes r7f0 n=512 fit=1.2s errs=[0.1926, 0.1852, 0.1957]
diabetes r7f1 n=512 fit=1.2s errs=[0.1437, 0.1432, 0.1412]
diabetes r7f2 n=512 fit=1.3s errs=[0.1562, 0.1522, 0.1525]
diabetes r8f0 n=512 fit=1.3s errs=[0.1693, 0.17, 0.1726]
diabetes r8f1 n=512 fit=1.2s errs=[0.1518, 0.155, 0.1569]
diabetes r8f2 n=512 fit=1.2s errs=[0.1579, 0.1582, 0.1566]
diabetes r9f0 n=512 fit=1.2s errs=[0.1487, 0.1566, 0.1582]
diabetes r9f1 n=512 fit=1.2s errs=[0.1735, 0.1887, 0.1743]
diabetes r9f2 n=512 fit=1.2s errs=[0.1443, 0.1429, 0.1427]
anneal r0f0 n=598 fit=1.9s errs=[0.0358, 0.0834, 0.0398]
anneal r0f1 n=599 fit=2.2s errs=[0.0061, 0.0981, 0.0082]
anneal r0f2 n=599 fit=2.1s errs=[0.0094, 0.0754, 0.0103]
anneal r1f0 n=598 fit=2.0s errs=[0.0299, 0.1199, 0.0367]
anneal r1f1 n=599 fit=2.1s errs=[0.0056, 0.0507, 0.0053]
anneal r1f2 n=599 fit=2.4s errs=[0.0355, 0.1091, 0.0346]
anneal r2f0 n=598 fit=2.1s errs=[0.0199, 0.075, 0.0243]
anneal r2f1 n=599 fit=2.1s errs=[0.0037, 0.0742, 0.0044]
anneal r2f2 n=599 fit=2.2s errs=[0.0284, 0.0752, 0.0356]
anneal r3f0 n=598 fit=2.2s errs=[0.0353, 0.1076, 0.0371]
anneal r3f1 n=599 fit=2.1s errs=[0.0023, 0.0466, 0.0024]
anneal r3f2 n=599 fit=2.1s errs=[0.0189, 0.0776, 0.0186]
anneal r4f0 n=598 fit=2.7s errs=[0.0253, 0.0792, 0.0307]
anneal r4f1 n=599 fit=2.1s errs=[0.011, 0.08, 0.0108]
anneal r4f2 n=599 fit=2.0s errs=[0.0348, 0.0773, 0.043]
anneal r5f0 n=598 fit=2.0s errs=[0.0244, 0.0797, 0.0304]
anneal r5f1 n=599 fit=2.3s errs=[0.01, 0.0761, 0.0133]
anneal r5f2 n=599 fit=2.2s errs=[0.0085, 0.0813, 0.0144]
anneal r6f0 n=598 fit=2.0s errs=[0.0127, 0.0633, 0.0145]
anneal r6f1 n=599 fit=2.1s errs=[0.0341, 0.158, 0.0365]
anneal r6f2 n=599 fit=1.9s errs=[0.0093, 0.0593, 0.0108]
anneal r7f0 n=598 fit=2.1s errs=[0.039, 0.1234, 0.0474]
anneal r7f1 n=599 fit=2.1s errs=[0.063, 0.0956, 0.0608]
anneal r7f2 n=599 fit=2.3s errs=[0.013, 0.0633, 0.0121]
anneal r8f0 n=598 fit=2.2s errs=[0.023, 0.0952, 0.0234]
anneal r8f1 n=599 fit=1.9s errs=[0.0106, 0.0862, 0.0107]
anneal r8f2 n=599 fit=2.0s errs=[0.0085, 0.0579, 0.0056]
anneal r9f0 n=598 fit=2.2s errs=[0.0026, 0.0703, 0.0041]
anneal r9f1 n=599 fit=2.8s errs=[0.0055, 0.0776, 0.0118]
anneal r9f2 n=599 fit=1.7s errs=[0.0322, 0.1042, 0.0342]
credit-g r0f0 n=666 fit=1.6s errs=[0.2091, 0.2134, 0.2241]
credit-g r0f1 n=667 fit=2.3s errs=[0.1888, 0.1853, 0.1867]
credit-g r0f2 n=667 fit=2.2s errs=[0.2254, 0.2344, 0.2503]
credit-g r1f0 n=666 fit=1.7s errs=[0.1963, 0.1993, 0.1927]
credit-g r1f1 n=667 fit=2.0s errs=[0.1907, 0.198, 0.2013]
credit-g r1f2 n=667 fit=1.2s errs=[0.2435, 0.2426, 0.2529]
credit-g r2f0 n=666 fit=2.1s errs=[0.1861, 0.191, 0.2043]
credit-g r2f1 n=667 fit=2.0s errs=[0.2045, 0.2139, 0.2174]
credit-g r2f2 n=667 fit=2.1s errs=[0.1933, 0.2042, 0.2118]
credit-g r3f0 n=666 fit=1.7s errs=[0.1703, 0.1823, 0.1759]
credit-g r3f1 n=667 fit=2.0s errs=[0.2028, 0.2082, 0.2188]
credit-g r3f2 n=667 fit=2.1s errs=[0.2164, 0.2267, 0.2313]
credit-g r4f0 n=666 fit=2.3s errs=[0.1995, 0.2041, 0.2073]
credit-g r4f1 n=667 fit=2.0s errs=[0.2018, 0.2196, 0.2172]
credit-g r4f2 n=667 fit=1.6s errs=[0.214, 0.2135, 0.2145]
credit-g r5f0 n=666 fit=2.1s errs=[0.1553, 0.1623, 0.1678]
credit-g r5f1 n=667 fit=2.3s errs=[0.2361, 0.2419, 0.2584]
credit-g r5f2 n=667 fit=2.3s errs=[0.1978, 0.2076, 0.2158]
credit-g r6f0 n=666 fit=2.2s errs=[0.245, 0.2438, 0.2547]
credit-g r6f1 n=667 fit=2.3s errs=[0.1927, 0.1965, 0.2104]
credit-g r6f2 n=667 fit=1.8s errs=[0.2004, 0.2057, 0.2111]
credit-g r7f0 n=666 fit=1.7s errs=[0.2096, 0.2243, 0.2268]
credit-g r7f1 n=667 fit=2.1s errs=[0.22, 0.2107, 0.217]
credit-g r7f2 n=667 fit=2.0s errs=[0.1918, 0.2014, 0.1978]
credit-g r8f0 n=666 fit=2.4s errs=[0.2298, 0.2232, 0.2308]
credit-g r8f1 n=667 fit=2.3s errs=[0.1747, 0.1809, 0.1817]
credit-g r8f2 n=667 fit=1.7s errs=[0.2188, 0.223, 0.2327]
credit-g r9f0 n=666 fit=1.7s errs=[0.2086, 0.2159, 0.2103]
credit-g r9f1 n=667 fit=2.2s errs=[0.1782, 0.1918, 0.2018]
credit-g r9f2 n=667 fit=1.8s errs=[0.2087, 0.2096, 0.2218]
maternal_health_risk r0f0 n=676 fit=2.0s errs=[0.3552, 0.642, 0.3835]
maternal_health_risk r0f1 n=676 fit=1.9s errs=[0.3307, 0.6291, 0.37]
maternal_health_risk r0f2 n=676 fit=1.4s errs=[0.3958, 0.6321, 0.422]
maternal_health_risk r1f0 n=676 fit=1.4s errs=[0.3493, 0.6218, 0.3628]
maternal_health_risk r1f1 n=676 fit=1.3s errs=[0.4021, 0.6427, 0.4247]
maternal_health_risk r1f2 n=676 fit=1.4s errs=[0.497, 0.6807, 0.5158]
maternal_health_risk r2f0 n=676 fit=1.4s errs=[0.3618, 0.6255, 0.4153]
maternal_health_risk r2f1 n=676 fit=1.5s errs=[0.4469, 0.6648, 0.465]
maternal_health_risk r2f2 n=676 fit=1.5s errs=[0.4144, 0.6395, 0.4392]
maternal_health_risk r3f0 n=676 fit=1.4s errs=[0.4706, 0.6314, 0.4643]
maternal_health_risk r3f1 n=676 fit=1.5s errs=[0.3072, 0.6175, 0.3465]
maternal_health_risk r3f2 n=676 fit=1.5s errs=[0.4147, 0.6288, 0.438]
maternal_health_risk r4f0 n=676 fit=1.4s errs=[0.4453, 0.6549, 0.4759]
maternal_health_risk r4f1 n=676 fit=1.4s errs=[0.3617, 0.6155, 0.3769]
maternal_health_risk r4f2 n=676 fit=1.4s errs=[0.5415, 0.668, 0.5171]
maternal_health_risk r5f0 n=676 fit=1.4s errs=[0.3801, 0.6621, 0.423]
maternal_health_risk r5f1 n=676 fit=1.4s errs=[0.3834, 0.613, 0.378]
maternal_health_risk r5f2 n=676 fit=2.0s errs=[0.3443, 0.6035, 0.3705]
maternal_health_risk r6f0 n=676 fit=1.4s errs=[0.3603, 0.6058, 0.3817]
maternal_health_risk r6f1 n=676 fit=1.4s errs=[0.4164, 0.6692, 0.4538]
maternal_health_risk r6f2 n=676 fit=1.4s errs=[0.3947, 0.6364, 0.4353]
maternal_health_risk r7f0 n=676 fit=1.4s errs=[0.3234, 0.6132, 0.3435]
maternal_health_risk r7f1 n=676 fit=1.4s errs=[0.3601, 0.6259, 0.3915]
maternal_health_risk r7f2 n=676 fit=1.4s errs=[0.4038, 0.6292, 0.4417]
maternal_health_risk r8f0 n=676 fit=1.4s errs=[0.451, 0.6386, 0.4896]
maternal_health_risk r8f1 n=676 fit=1.5s errs=[0.3766, 0.6257, 0.4186]
maternal_health_risk r8f2 n=676 fit=1.4s errs=[0.3757, 0.6405, 0.4252]
maternal_health_risk r9f0 n=676 fit=1.5s errs=[0.5383, 0.7086, 0.6003]
maternal_health_risk r9f1 n=676 fit=1.4s errs=[0.34, 0.5851, 0.3644]
maternal_health_risk r9f2 n=676 fit=2.0s errs=[0.4116, 0.6301, 0.4265]
qsar-biodeg r0f0 n=702 fit=1.8s errs=[0.0618, 0.0763, 0.0702]
qsar-biodeg r0f1 n=703 fit=2.5s errs=[0.0603, 0.0735, 0.0731]
qsar-biodeg r0f2 n=703 fit=2.5s errs=[0.0472, 0.0564, 0.055]
qsar-biodeg r1f0 n=702 fit=2.6s errs=[0.0392, 0.05, 0.0502]
qsar-biodeg r1f1 n=703 fit=2.3s errs=[0.0742, 0.0947, 0.0843]
qsar-biodeg r1f2 n=703 fit=2.7s errs=[0.0559, 0.0694, 0.0615]
qsar-biodeg r2f0 n=702 fit=2.5s errs=[0.0613, 0.079, 0.0684]
qsar-biodeg r2f1 n=703 fit=2.6s errs=[0.0655, 0.0837, 0.0895]
qsar-biodeg r2f2 n=703 fit=2.3s errs=[0.0434, 0.048, 0.0452]
qsar-biodeg r3f0 n=702 fit=2.1s errs=[0.0724, 0.0773, 0.0785]
qsar-biodeg r3f1 n=703 fit=2.5s errs=[0.0535, 0.069, 0.0626]
qsar-biodeg r3f2 n=703 fit=2.1s errs=[0.0527, 0.0635, 0.062]
qsar-biodeg r4f0 n=702 fit=2.8s errs=[0.0461, 0.0675, 0.0585]
qsar-biodeg r4f1 n=703 fit=2.2s errs=[0.0659, 0.0678, 0.0623]
qsar-biodeg r4f2 n=703 fit=2.1s errs=[0.0646, 0.0761, 0.0703]
qsar-biodeg r5f0 n=702 fit=2.3s errs=[0.0661, 0.0776, 0.0734]
qsar-biodeg r5f1 n=703 fit=2.0s errs=[0.0371, 0.0586, 0.0482]
qsar-biodeg r5f2 n=703 fit=1.9s errs=[0.064, 0.077, 0.0722]
qsar-biodeg r6f0 n=702 fit=2.1s errs=[0.0758, 0.0848, 0.0773]
qsar-biodeg r6f1 n=703 fit=2.2s errs=[0.0486, 0.0728, 0.0614]
qsar-biodeg r6f2 n=703 fit=2.2s errs=[0.06, 0.0625, 0.0609]
qsar-biodeg r7f0 n=702 fit=2.1s errs=[0.074, 0.0893, 0.0853]
qsar-biodeg r7f1 n=703 fit=2.2s errs=[0.044, 0.0571, 0.0458]
qsar-biodeg r7f2 n=703 fit=2.4s errs=[0.0562, 0.0677, 0.0634]
qsar-biodeg r8f0 n=702 fit=4.2s errs=[0.0553, 0.0638, 0.0591]
qsar-biodeg r8f1 n=703 fit=2.6s errs=[0.0603, 0.0693, 0.0628]
qsar-biodeg r8f2 n=703 fit=2.0s errs=[0.0605, 0.0808, 0.0691]
qsar-biodeg r9f0 n=702 fit=1.8s errs=[0.0688, 0.0813, 0.0868]
qsar-biodeg r9f1 n=703 fit=2.1s errs=[0.0761, 0.0872, 0.0816]
qsar-biodeg r9f2 n=703 fit=2.2s errs=[0.0456, 0.0461, 0.0497]
website_phishing r0f0 n=902 fit=1.7s errs=[0.2037, 0.3819, 0.211]
website_phishing r0f1 n=902 fit=2.0s errs=[0.2326, 0.3835, 0.2567]
website_phishing r0f2 n=902 fit=2.0s errs=[0.2483, 0.4092, 0.2682]
website_phishing r1f0 n=902 fit=1.9s errs=[0.2119, 0.3753, 0.2364]
website_phishing r1f1 n=902 fit=1.7s errs=[0.2492, 0.4244, 0.2605]
website_phishing r1f2 n=902 fit=2.2s errs=[0.2137, 0.3693, 0.2245]
website_phishing r2f0 n=902 fit=2.4s errs=[0.1808, 0.3794, 0.2001]
website_phishing r2f1 n=902 fit=1.2s errs=[0.2466, 0.4196, 0.2807]
website_phishing r2f2 n=902 fit=1.9s errs=[0.2776, 0.4175, 0.2696]
website_phishing r3f0 n=902 fit=2.0s errs=[0.2232, 0.3875, 0.2348]
website_phishing r3f1 n=902 fit=2.3s errs=[0.1987, 0.3816, 0.2204]
website_phishing r3f2 n=902 fit=2.1s errs=[0.2232, 0.4148, 0.2369]
website_phishing r4f0 n=902 fit=2.4s errs=[0.1832, 0.3868, 0.2047]
website_phishing r4f1 n=902 fit=1.2s errs=[0.2089, 0.3883, 0.2224]
website_phishing r4f2 n=902 fit=1.9s errs=[0.2225, 0.3947, 0.2437]
website_phishing r5f0 n=902 fit=1.2s errs=[0.2178, 0.4116, 0.23]
website_phishing r5f1 n=902 fit=2.0s errs=[0.2387, 0.3916, 0.2451]
website_phishing r5f2 n=902 fit=2.8s errs=[0.2185, 0.395, 0.2454]
website_phishing r6f0 n=902 fit=2.3s errs=[0.1968, 0.3713, 0.2328]
website_phishing r6f1 n=902 fit=2.2s errs=[0.2923, 0.4571, 0.3075]
website_phishing r6f2 n=902 fit=3.1s errs=[0.1886, 0.3682, 0.2127]
website_phishing r7f0 n=902 fit=1.9s errs=[0.2463, 0.4462, 0.2712]
website_phishing r7f1 n=902 fit=1.8s errs=[0.2411, 0.3752, 0.2604]
website_phishing r7f2 n=902 fit=2.0s errs=[0.198, 0.3773, 0.2296]
website_phishing r8f0 n=902 fit=2.4s errs=[0.237, 0.4153, 0.2656]
website_phishing r8f1 n=902 fit=1.9s errs=[0.177, 0.3743, 0.1892]
website_phishing r8f2 n=902 fit=2.0s errs=[0.2276, 0.3945, 0.2387]
website_phishing r9f0 n=902 fit=2.0s errs=[0.2443, 0.3922, 0.2507]
website_phishing r9f1 n=902 fit=2.4s errs=[0.2096, 0.3742, 0.2272]
website_phishing r9f2 n=902 fit=1.9s errs=[0.2307, 0.4092, 0.2556]
Fitness_Club r0f0 n=1000 fit=1.6s errs=[0.1904, 0.1898, 0.193]
Fitness_Club r0f1 n=1000 fit=1.1s errs=[0.1781, 0.1792, 0.1804]
Fitness_Club r0f2 n=1000 fit=1.9s errs=[0.1662, 0.1662, 0.1802]
Fitness_Club r1f0 n=1000 fit=1.9s errs=[0.1627, 0.1624, 0.1798]
Fitness_Club r1f1 n=1000 fit=1.7s errs=[0.1828, 0.1836, 0.1822]
Fitness_Club r1f2 n=1000 fit=1.0s errs=[0.1902, 0.1886, 0.1933]
Fitness_Club r2f0 n=1000 fit=2.1s errs=[0.1662, 0.1666, 0.173]
Fitness_Club r2f1 n=1000 fit=2.0s errs=[0.1723, 0.1697, 0.1836]
Fitness_Club r2f2 n=1000 fit=1.1s errs=[0.1958, 0.1968, 0.1996]
Fitness_Club r3f0 n=1000 fit=2.0s errs=[0.157, 0.158, 0.1782]
Fitness_Club r3f1 n=1000 fit=2.3s errs=[0.1812, 0.1793, 0.2008]
Fitness_Club r3f2 n=1000 fit=2.2s errs=[0.1973, 0.2, 0.1984]
Fitness_Club r4f0 n=1000 fit=2.4s errs=[0.1871, 0.1865, 0.193]
Fitness_Club r4f1 n=1000 fit=2.1s errs=[0.175, 0.1754, 0.1814]
Fitness_Club r4f2 n=1000 fit=1.6s errs=[0.1735, 0.1745, 0.1808]
Fitness_Club r5f0 n=1000 fit=1.2s errs=[0.1709, 0.1727, 0.1806]
Fitness_Club r5f1 n=1000 fit=2.0s errs=[0.1984, 0.1962, 0.2145]
Fitness_Club r5f2 n=1000 fit=1.0s errs=[0.1701, 0.1688, 0.1981]
Fitness_Club r6f0 n=1000 fit=1.9s errs=[0.1653, 0.1658, 0.1663]
Fitness_Club r6f1 n=1000 fit=2.0s errs=[0.1997, 0.2015, 0.2171]
Fitness_Club r6f2 n=1000 fit=2.2s errs=[0.1693, 0.1705, 0.1889]
Fitness_Club r7f0 n=1000 fit=1.9s errs=[0.1758, 0.1772, 0.1926]
Fitness_Club r7f1 n=1000 fit=2.0s errs=[0.2063, 0.2055, 0.2088]
Fitness_Club r7f2 n=1000 fit=2.1s errs=[0.1549, 0.1557, 0.194]
Fitness_Club r8f0 n=1000 fit=2.1s errs=[0.1769, 0.1784, 0.1767]
Fitness_Club r8f1 n=1000 fit=1.0s errs=[0.1775, 0.1774, 0.1922]
Fitness_Club r8f2 n=1000 fit=2.0s errs=[0.1855, 0.1838, 0.1888]
Fitness_Club r9f0 n=1000 fit=1.0s errs=[0.187, 0.1865, 0.1928]
Fitness_Club r9f1 n=1000 fit=1.7s errs=[0.1743, 0.1744, 0.1852]
Fitness_Club r9f2 n=1000 fit=1.0s errs=[0.1767, 0.1758, 0.1895]
MIC r0f0 n=1132 fit=4.4s errs=[0.4643, 0.5287, 0.4869]
MIC r0f1 n=1133 fit=3.8s errs=[0.407, 0.5174, 0.4606]
MIC r0f2 n=1133 fit=5.2s errs=[0.4527, 0.5404, 0.4995]
MIC r1f0 n=1132 fit=4.2s errs=[0.4421, 0.5351, 0.4783]
MIC r1f1 n=1133 fit=5.3s errs=[0.4333, 0.5193, 0.4757]
MIC r1f2 n=1133 fit=5.5s errs=[0.4261, 0.5211, 0.4623]
MIC r2f0 n=1132 fit=2.5s errs=[0.4464, 0.5043, 0.4648]
MIC r2f1 n=1133 fit=3.4s errs=[0.3909, 0.5015, 0.4503]
MIC r2f2 n=1133 fit=3.3s errs=[0.4799, 0.5496, 0.5118]
MIC r3f0 n=1132 fit=2.7s errs=[0.4375, 0.5459, 0.4861]
MIC r3f1 n=1133 fit=2.6s errs=[0.4358, 0.527, 0.4733]
MIC r3f2 n=1133 fit=2.8s errs=[0.4262, 0.5327, 0.4573]
MIC r4f0 n=1132 fit=3.2s errs=[0.4553, 0.545, 0.4856]
MIC r4f1 n=1133 fit=3.3s errs=[0.4178, 0.5095, 0.4628]
MIC r4f2 n=1133 fit=3.3s errs=[0.4303, 0.5186, 0.4803]
MIC r5f0 n=1132 fit=2.7s errs=[0.446, 0.5518, 0.4994]
MIC r5f1 n=1133 fit=3.5s errs=[0.4531, 0.5194, 0.4991]
MIC r5f2 n=1133 fit=3.5s errs=[0.4359, 0.5036, 0.4682]
MIC r6f0 n=1132 fit=2.9s errs=[0.4466, 0.5411, 0.484]
MIC r6f1 n=1133 fit=3.3s errs=[0.5153, 0.5658, 0.5027]
MIC r6f2 n=1133 fit=3.4s errs=[0.4236, 0.5421, 0.4726]
MIC r7f0 n=1132 fit=3.3s errs=[0.4871, 0.5628, 0.5017]
MIC r7f1 n=1133 fit=2.8s errs=[0.4124, 0.495, 0.4621]
MIC r7f2 n=1133 fit=2.4s errs=[0.4357, 0.5368, 0.4823]
MIC r8f0 n=1132 fit=3.4s errs=[0.4646, 0.5659, 0.5082]
MIC r8f1 n=1133 fit=2.7s errs=[0.4517, 0.5242, 0.4857]
MIC r8f2 n=1133 fit=4.2s errs=[0.4353, 0.5518, 0.4647]
MIC r9f0 n=1132 fit=3.4s errs=[0.4394, 0.5142, 0.4748]
MIC r9f1 n=1133 fit=3.1s errs=[0.4528, 0.5433, 0.4788]
MIC r9f2 n=1133 fit=2.9s errs=[0.4316, 0.519, 0.4738]
Is-this-a-good-customer r0f0 n=1148 fit=1.3s errs=[0.2611, 0.2616, 0.2888]
Is-this-a-good-customer r0f1 n=1149 fit=1.0s errs=[0.234, 0.2376, 0.2399]
Is-this-a-good-customer r0f2 n=1149 fit=1.0s errs=[0.2584, 0.2652, 0.2679]
Is-this-a-good-customer r1f0 n=1148 fit=1.0s errs=[0.264, 0.2685, 0.2777]
Is-this-a-good-customer r1f1 n=1149 fit=1.0s errs=[0.2501, 0.237, 0.2632]
Is-this-a-good-customer r1f2 n=1149 fit=1.0s errs=[0.2563, 0.2716, 0.2702]
Is-this-a-good-customer r2f0 n=1148 fit=2.7s errs=[0.2668, 0.2643, 0.2913]
Is-this-a-good-customer r2f1 n=1149 fit=2.3s errs=[0.2608, 0.2819, 0.2661]
Is-this-a-good-customer r2f2 n=1149 fit=2.1s errs=[0.2416, 0.2385, 0.2407]
Is-this-a-good-customer r3f0 n=1148 fit=2.2s errs=[0.2495, 0.2468, 0.2344]
Is-this-a-good-customer r3f1 n=1149 fit=2.2s errs=[0.2243, 0.2193, 0.2297]
Is-this-a-good-customer r3f2 n=1149 fit=2.3s errs=[0.2681, 0.2718, 0.2697]
Is-this-a-good-customer r4f0 n=1148 fit=1.9s errs=[0.249, 0.2514, 0.2575]
Is-this-a-good-customer r4f1 n=1149 fit=2.2s errs=[0.259, 0.2591, 0.2514]
Is-this-a-good-customer r4f2 n=1149 fit=2.5s errs=[0.2267, 0.2195, 0.2313]
Is-this-a-good-customer r5f0 n=1148 fit=2.1s errs=[0.2114, 0.2117, 0.2186]
Is-this-a-good-customer r5f1 n=1149 fit=2.6s errs=[0.2593, 0.2264, 0.2641]
Is-this-a-good-customer r5f2 n=1149 fit=2.2s errs=[0.28, 0.2912, 0.2759]
Is-this-a-good-customer r6f0 n=1148 fit=2.1s errs=[0.2867, 0.3028, 0.2789]
Is-this-a-good-customer r6f1 n=1149 fit=2.1s errs=[0.2641, 0.2457, 0.2667]
Is-this-a-good-customer r6f2 n=1149 fit=2.1s errs=[0.2281, 0.2226, 0.2599]
Is-this-a-good-customer r7f0 n=1148 fit=2.4s errs=[0.2416, 0.2356, 0.2947]
Is-this-a-good-customer r7f1 n=1149 fit=2.3s errs=[0.2404, 0.2436, 0.2486]
Is-this-a-good-customer r7f2 n=1149 fit=2.2s errs=[0.2771, 0.2723, 0.2799]
Is-this-a-good-customer r8f0 n=1148 fit=2.5s errs=[0.2379, 0.2289, 0.232]
Is-this-a-good-customer r8f1 n=1149 fit=2.2s errs=[0.2782, 0.2749, 0.3031]
Is-this-a-good-customer r8f2 n=1149 fit=2.5s errs=[0.2297, 0.2339, 0.2673]
Is-this-a-good-customer r9f0 n=1148 fit=2.4s errs=[0.2499, 0.2471, 0.2496]
Is-this-a-good-customer r9f1 n=1149 fit=2.5s errs=[0.2379, 0.2487, 0.2404]
Is-this-a-good-customer r9f2 n=1149 fit=2.3s errs=[0.2621, 0.2519, 0.3169]
Marketing_Campaign r0f0 n=1493 fit=3.5s errs=[0.0691, 0.0931, 0.075]
Marketing_Campaign r0f1 n=1493 fit=1.1s errs=[0.108, 0.1449, 0.1134]
Marketing_Campaign r0f2 n=1494 fit=3.4s errs=[0.0808, 0.1226, 0.0864]
Marketing_Campaign r1f0 n=1493 fit=5.2s errs=[0.0838, 0.138, 0.0934]
Marketing_Campaign r1f1 n=1493 fit=3.2s errs=[0.0864, 0.1151, 0.0989]
Marketing_Campaign r1f2 n=1494 fit=4.3s errs=[0.0788, 0.1341, 0.0907]
Marketing_Campaign r2f0 n=1493 fit=1.3s errs=[0.1026, 0.1284, 0.1119]
Marketing_Campaign r2f1 n=1493 fit=4.6s errs=[0.0695, 0.1046, 0.0688]
Marketing_Campaign r2f2 n=1494 fit=4.8s errs=[0.0913, 0.1367, 0.1103]
Marketing_Campaign r3f0 n=1493 fit=4.5s errs=[0.0776, 0.1177, 0.0874]
Marketing_Campaign r3f1 n=1493 fit=4.9s errs=[0.0985, 0.151, 0.1271]
Marketing_Campaign r3f2 n=1494 fit=4.9s errs=[0.0955, 0.1185, 0.1024]
Marketing_Campaign r4f0 n=1493 fit=4.2s errs=[0.1078, 0.1335, 0.1075]
Marketing_Campaign r4f1 n=1493 fit=4.5s errs=[0.1002, 0.1359, 0.1184]
Marketing_Campaign r4f2 n=1494 fit=4.7s errs=[0.0739, 0.1002, 0.0738]
Marketing_Campaign r5f0 n=1493 fit=4.7s errs=[0.0903, 0.1252, 0.0912]
Marketing_Campaign r5f1 n=1493 fit=2.8s errs=[0.0873, 0.1288, 0.1012]
Marketing_Campaign r5f2 n=1494 fit=4.9s errs=[0.0861, 0.1331, 0.098]
Marketing_Campaign r6f0 n=1493 fit=3.9s errs=[0.0786, 0.112, 0.0892]
Marketing_Campaign r6f1 n=1493 fit=1.4s errs=[0.108, 0.1346, 0.1127]
Marketing_Campaign r6f2 n=1494 fit=4.2s errs=[0.0769, 0.1096, 0.0858]
Marketing_Campaign r7f0 n=1493 fit=4.4s errs=[0.0625, 0.1142, 0.0686]
Marketing_Campaign r7f1 n=1493 fit=3.7s errs=[0.0744, 0.1135, 0.0913]
Marketing_Campaign r7f2 n=1494 fit=4.3s errs=[0.0886, 0.1418, 0.1045]
Marketing_Campaign r8f0 n=1493 fit=4.8s errs=[0.0893, 0.1364, 0.1069]
Marketing_Campaign r8f1 n=1493 fit=4.4s errs=[0.0829, 0.1177, 0.0846]
Marketing_Campaign r8f2 n=1494 fit=2.4s errs=[0.0764, 0.1032, 0.0937]
Marketing_Campaign r9f0 n=1493 fit=1.2s errs=[0.0834, 0.1154, 0.085]
Marketing_Campaign r9f1 n=1493 fit=4.0s errs=[0.1128, 0.1443, 0.123]
Marketing_Campaign r9f2 n=1494 fit=4.6s errs=[0.082, 0.1082, 0.0925]
hazelnut-spread-contaminant-detection r0f0 n=1600 fit=3.4s errs=[0.0067, 0.077, 0.0196]
hazelnut-spread-contaminant-detection r0f1 n=1600 fit=4.2s errs=[0.0082, 0.0731, 0.0254]
hazelnut-spread-contaminant-detection r0f2 n=1600 fit=5.0s errs=[0.0023, 0.0756, 0.0132]
hazelnut-spread-contaminant-detection r1f0 n=1600 fit=4.9s errs=[0.0057, 0.0749, 0.0189]
hazelnut-spread-contaminant-detection r1f1 n=1600 fit=4.8s errs=[0.0049, 0.06, 0.0141]
hazelnut-spread-contaminant-detection r1f2 n=1600 fit=4.2s errs=[0.0033, 0.0894, 0.0187]
hazelnut-spread-contaminant-detection r2f0 n=1600 fit=2.4s errs=[0.0047, 0.0764, 0.0199]
hazelnut-spread-contaminant-detection r2f1 n=1600 fit=1.4s errs=[0.005, 0.1044, 0.0208]
hazelnut-spread-contaminant-detection r2f2 n=1600 fit=4.7s errs=[0.0045, 0.0561, 0.0139]
hazelnut-spread-contaminant-detection r3f0 n=1600 fit=5.4s errs=[0.0038, 0.0601, 0.0165]
hazelnut-spread-contaminant-detection r3f1 n=1600 fit=2.3s errs=[0.006, 0.0718, 0.0145]
hazelnut-spread-contaminant-detection r3f2 n=1600 fit=3.0s errs=[0.0072, 0.0954, 0.0251]
hazelnut-spread-contaminant-detection r4f0 n=1600 fit=3.8s errs=[0.0049, 0.0672, 0.0131]
hazelnut-spread-contaminant-detection r4f1 n=1600 fit=3.9s errs=[0.0075, 0.0779, 0.026]
hazelnut-spread-contaminant-detection r4f2 n=1600 fit=3.7s errs=[0.0049, 0.0791, 0.0151]
hazelnut-spread-contaminant-detection r5f0 n=1600 fit=4.3s errs=[0.0032, 0.0671, 0.0132]
hazelnut-spread-contaminant-detection r5f1 n=1600 fit=4.2s errs=[0.0071, 0.0706, 0.0184]
hazelnut-spread-contaminant-detection r5f2 n=1600 fit=4.3s errs=[0.0046, 0.083, 0.0209]
hazelnut-spread-contaminant-detection r6f0 n=1600 fit=3.7s errs=[0.0037, 0.0702, 0.0219]
hazelnut-spread-contaminant-detection r6f1 n=1600 fit=3.8s errs=[0.0048, 0.0893, 0.0192]
hazelnut-spread-contaminant-detection r6f2 n=1600 fit=4.3s errs=[0.0057, 0.0749, 0.0148]
hazelnut-spread-contaminant-detection r7f0 n=1600 fit=3.5s errs=[0.0037, 0.0785, 0.0164]
hazelnut-spread-contaminant-detection r7f1 n=1600 fit=4.4s errs=[0.004, 0.0774, 0.0214]
hazelnut-spread-contaminant-detection r7f2 n=1600 fit=4.7s errs=[0.005, 0.0741, 0.0177]
hazelnut-spread-contaminant-detection r8f0 n=1600 fit=4.5s errs=[0.0064, 0.0821, 0.0235]
hazelnut-spread-contaminant-detection r8f1 n=1600 fit=3.9s errs=[0.0029, 0.0769, 0.0155]
hazelnut-spread-contaminant-detection r8f2 n=1600 fit=3.4s errs=[0.0069, 0.0686, 0.016]
hazelnut-spread-contaminant-detection r9f0 n=1600 fit=4.1s errs=[0.0054, 0.0769, 0.0133]
hazelnut-spread-contaminant-detection r9f1 n=1600 fit=4.7s errs=[0.0046, 0.0669, 0.0181]
hazelnut-spread-contaminant-detection r9f2 n=1600 fit=4.7s errs=[0.0054, 0.0777, 0.0169]
seismic-bumps r0f0 n=1722 fit=4.0s errs=[0.2019, 0.2259, 0.198]
seismic-bumps r0f1 n=1723 fit=1.6s errs=[0.2275, 0.234, 0.2325]
seismic-bumps r0f2 n=1723 fit=1.1s errs=[0.2073, 0.2261, 0.221]
seismic-bumps r1f0 n=1722 fit=1.1s errs=[0.2682, 0.2214, 0.2387]
seismic-bumps r1f1 n=1723 fit=1.3s errs=[0.181, 0.2147, 0.2003]
seismic-bumps r1f2 n=1723 fit=1.0s errs=[0.2346, 0.2648, 0.2489]
seismic-bumps r2f0 n=1722 fit=1.1s errs=[0.1992, 0.1796, 0.2043]
seismic-bumps r2f1 n=1723 fit=1.3s errs=[0.2555, 0.2756, 0.2567]
seismic-bumps r2f2 n=1723 fit=1.1s errs=[0.2108, 0.2353, 0.225]
splice r0f0 n=2126 fit=3.2s errs=[0.0721, 0.1683, 0.1029]
splice r0f1 n=2127 fit=2.9s errs=[0.1252, 0.187, 0.1354]
splice r0f2 n=2127 fit=3.0s errs=[0.0979, 0.1771, 0.1184]
splice r1f0 n=2126 fit=2.9s errs=[0.0821, 0.1671, 0.1183]
splice r1f1 n=2127 fit=3.4s errs=[0.1166, 0.1853, 0.1252]
38 classification tasks, 594 total splits
resuming: 1122 rows already done
splice r1f2 n=2127 fit=2.7s errs=[0.1028, 0.1837, 0.1281]
splice r2f0 n=2126 fit=1.7s errs=[0.1097, 0.1805, 0.1303]
splice r2f1 n=2127 fit=1.5s errs=[0.1152, 0.1807, 0.136]
splice r2f2 n=2127 fit=1.6s errs=[0.0681, 0.1736, 0.1008]
SKIP Bioresponse r0f0: RuntimeError: CPU memory allocation failed (CUDA error: out of memory
CUDA kernel errors might be asynchronously reported at some other API call, so the stacktrace below might be incorrect.
For debugging consider passing CUDA_LAUNCH_BLOCKING=1
Compile with `TORCH_USE_CUDA_DSA` to enable device-side assertions.
) and disk offload is not available. Please specify disk_offload_dir in the configuration to enable disk offloading, or reduce the output size (estimated: 13026MB).
SKIP Bioresponse r0f1: RuntimeError: CUDA error: out of memory
CUDA kernel errors might be asynchronously reported at some other API call, so the stacktrace below might be incorrect.
For debugging consider passing CUDA_LAUNCH_BLOCKING=1
Compile with `TORCH_USE_CUDA_DSA` to enable device-side assertions.

SKIP Bioresponse r0f2: RuntimeError: CPU memory allocation failed (CUDA error: out of memory
CUDA kernel errors might be asynchronously reported at some other API call, so the stacktrace below might be incorrect.
For debugging consider passing CUDA_LAUNCH_BLOCKING=1
Compile with `TORCH_USE_CUDA_DSA` to enable device-side assertions.
) and disk offload is not available. Please specify disk_offload_dir in the configuration to enable disk offloading, or reduce the output size (estimated: 13041MB).
SKIP Bioresponse r1f0: RuntimeError: CUDA error: out of memory
CUDA kernel errors might be asynchronously reported at some other API call, so the stacktrace below might be incorrect.
For debugging consider passing CUDA_LAUNCH_BLOCKING=1
Compile with `TORCH_USE_CUDA_DSA` to enable device-side assertions.

SKIP Bioresponse r1f1: RuntimeError: CPU memory allocation failed (CUDA error: out of memory
CUDA kernel errors might be asynchronously reported at some other API call, so the stacktrace below might be incorrect.
For debugging consider passing CUDA_LAUNCH_BLOCKING=1
Compile with `TORCH_USE_CUDA_DSA` to enable device-side assertions.
) and disk offload is not available. Please specify disk_offload_dir in the configuration to enable disk offloading, or reduce the output size (estimated: 13041MB).
SKIP Bioresponse r1f2: RuntimeError: CUDA error: out of memory
CUDA kernel errors might be asynchronously reported at some other API call, so the stacktrace below might be incorrect.
For debugging consider passing CUDA_LAUNCH_BLOCKING=1
Compile with `TORCH_USE_CUDA_DSA` to enable device-side assertions.

SKIP Bioresponse r2f0: RuntimeError: CPU memory allocation failed (CUDA error: out of memory
CUDA kernel errors might be asynchronously reported at some other API call, so the stacktrace below might be incorrect.
For debugging consider passing CUDA_LAUNCH_BLOCKING=1
Compile with `TORCH_USE_CUDA_DSA` to enable device-side assertions.
) and disk offload is not available. Please specify disk_offload_dir in the configuration to enable disk offloading, or reduce the output size (estimated: 13041MB).
SKIP Bioresponse r2f1: RuntimeError: CUDA error: out of memory
CUDA kernel errors might be asynchronously reported at some other API call, so the stacktrace below might be incorrect.
For debugging consider passing CUDA_LAUNCH_BLOCKING=1
Compile with `TORCH_USE_CUDA_DSA` to enable device-side assertions.

SKIP Bioresponse r2f2: RuntimeError: CPU memory allocation failed (CUDA error: out of memory
CUDA kernel errors might be asynchronously reported at some other API call, so the stacktrace below might be incorrect.
For debugging consider passing CUDA_LAUNCH_BLOCKING=1
Compile with `TORCH_USE_CUDA_DSA` to enable device-side assertions.
) and disk offload is not available. Please specify disk_offload_dir in the configuration to enable disk offloading, or reduce the output size (estimated: 13019MB).
SKIP hiva_agnostic r0f0: RuntimeError: CUDA error: out of memory
CUDA kernel errors might be asynchronously reported at some other API call, so the stacktrace below might be incorrect.
For debugging consider passing CUDA_LAUNCH_BLOCKING=1
Compile with `TORCH_USE_CUDA_DSA` to enable device-side assertions.

SKIP hiva_agnostic r0f1: RuntimeError: CPU memory allocation failed (CUDA error: out of memory
CUDA kernel errors might be asynchronously reported at some other API call, so the stacktrace below might be incorrect.
For debugging consider passing CUDA_LAUNCH_BLOCKING=1
Compile with `TORCH_USE_CUDA_DSA` to enable device-side assertions.
) and disk offload is not available. Please specify disk_offload_dir in the configuration to enable disk offloading, or reduce the output size (estimated: 12173MB).
SKIP hiva_agnostic r0f2: RuntimeError: CUDA error: out of memory
CUDA kernel errors might be asynchronously reported at some other API call, so the stacktrace below might be incorrect.
For debugging consider passing CUDA_LAUNCH_BLOCKING=1
Compile with `TORCH_USE_CUDA_DSA` to enable device-side assertions.

SKIP hiva_agnostic r1f0: RuntimeError: CPU memory allocation failed (CUDA error: out of memory
CUDA kernel errors might be asynchronously reported at some other API call, so the stacktrace below might be incorrect.
For debugging consider passing CUDA_LAUNCH_BLOCKING=1
Compile with `TORCH_USE_CUDA_DSA` to enable device-side assertions.
) and disk offload is not available. Please specify disk_offload_dir in the configuration to enable disk offloading, or reduce the output size (estimated: 12173MB).
SKIP hiva_agnostic r1f1: RuntimeError: CUDA error: out of memory
CUDA kernel errors might be asynchronously reported at some other API call, so the stacktrace below might be incorrect.
For debugging consider passing CUDA_LAUNCH_BLOCKING=1
Compile with `TORCH_USE_CUDA_DSA` to enable device-side assertions.

SKIP hiva_agnostic r1f2: RuntimeError: CPU memory allocation failed (CUDA error: out of memory
CUDA kernel errors might be asynchronously reported at some other API call, so the stacktrace below might be incorrect.
For debugging consider passing CUDA_LAUNCH_BLOCKING=1
Compile with `TORCH_USE_CUDA_DSA` to enable device-side assertions.
) and disk offload is not available. Please specify disk_offload_dir in the configuration to enable disk offloading, or reduce the output size (estimated: 12173MB).
SKIP hiva_agnostic r2f0: RuntimeError: CUDA error: out of memory
CUDA kernel errors might be asynchronously reported at some other API call, so the stacktrace below might be incorrect.
For debugging consider passing CUDA_LAUNCH_BLOCKING=1
Compile with `TORCH_USE_CUDA_DSA` to enable device-side assertions.

SKIP hiva_agnostic r2f1: RuntimeError: CPU memory allocation failed (CUDA error: out of memory
CUDA kernel errors might be asynchronously reported at some other API call, so the stacktrace below might be incorrect.
For debugging consider passing CUDA_LAUNCH_BLOCKING=1
Compile with `TORCH_USE_CUDA_DSA` to enable device-side assertions.
) and disk offload is not available. Please specify disk_offload_dir in the configuration to enable disk offloading, or reduce the output size (estimated: 12173MB).
SKIP hiva_agnostic r2f2: RuntimeError: CUDA error: out of memory
CUDA kernel errors might be asynchronously reported at some other API call, so the stacktrace below might be incorrect.
For debugging consider passing CUDA_LAUNCH_BLOCKING=1
Compile with `TORCH_USE_CUDA_DSA` to enable device-side assertions.

students_dropout_and_academic_success r0f0 n=2949 fit=1.3s errs=[0.5521, 0.6492, 0.6012]
students_dropout_and_academic_success r0f1 n=2949 fit=1.2s errs=[0.5377, 0.6209, 0.5628]
students_dropout_and_academic_success r0f2 n=2950 fit=1.3s errs=[0.5138, 0.6336, 0.5619]
students_dropout_and_academic_success r1f0 n=2949 fit=1.4s errs=[0.5468, 0.6438, 0.5761]
students_dropout_and_academic_success r1f1 n=2949 fit=1.4s errs=[0.5278, 0.627, 0.5623]
students_dropout_and_academic_success r1f2 n=2950 fit=1.3s errs=[0.531, 0.6261, 0.5632]
students_dropout_and_academic_success r2f0 n=2949 fit=1.4s errs=[0.5595, 0.6479, 0.5994]
students_dropout_and_academic_success r2f1 n=2949 fit=1.2s errs=[0.5165, 0.6143, 0.5567]
students_dropout_and_academic_success r2f2 n=2950 fit=1.3s errs=[0.5247, 0.6402, 0.5637]
churn r0f0 n=3333 fit=0.9s errs=[0.0595, 0.1099, 0.0702]
churn r0f1 n=3333 fit=1.0s errs=[0.081, 0.1286, 0.0939]
churn r0f2 n=3334 fit=0.9s errs=[0.0644, 0.1269, 0.0626]
churn r1f0 n=3333 fit=0.9s errs=[0.0673, 0.1208, 0.0757]
churn r1f1 n=3333 fit=0.9s errs=[0.0608, 0.1156, 0.0675]
churn r1f2 n=3334 fit=0.9s errs=[0.0789, 0.1303, 0.0904]
churn r2f0 n=3333 fit=0.9s errs=[0.0638, 0.1241, 0.071]
churn r2f1 n=3333 fit=1.0s errs=[0.0663, 0.1188, 0.0879]
churn r2f2 n=3334 fit=0.9s errs=[0.064, 0.1209, 0.0743]
polish_companies_bankruptcy r0f0 n=3940 fit=1.8s errs=[0.0162, 0.1415, 0.0486]
polish_companies_bankruptcy r0f1 n=3940 fit=2.1s errs=[0.0127, 0.132, 0.0562]
polish_companies_bankruptcy r0f2 n=3940 fit=2.1s errs=[0.02, 0.1379, 0.073]
polish_companies_bankruptcy r1f0 n=3940 fit=1.9s errs=[0.0181, 0.1446, 0.0556]
polish_companies_bankruptcy r1f1 n=3940 fit=2.2s errs=[0.0179, 0.1274, 0.0665]
polish_companies_bankruptcy r1f2 n=3940 fit=1.8s errs=[0.0123, 0.1357, 0.0559]
polish_companies_bankruptcy r2f0 n=3940 fit=1.8s errs=[0.0233, 0.1593, 0.0719]
polish_companies_bankruptcy r2f1 n=3940 fit=1.9s errs=[0.0169, 0.1039, 0.0541]
polish_companies_bankruptcy r2f2 n=3940 fit=2.1s errs=[0.0114, 0.1416, 0.0495]
SKIP taiwanese_bankruptcy_prediction r0f0: OutOfMemoryError: CUDA out of memory. Tried to allocate 1.88 GiB. GPU 0 has a total capacity of 4.00 GiB of which 0 bytes is free. Of the allocated memory 6.79 GiB is allocated by PyTorch, and 3.15 GiB is reserved by PyTorch but unallocated. If reserved but unallocated memory is large try setting PYTORCH_CUDA_ALLOC_CONF=expandable_segments:True to avoid fragmentation.  See documentation for Memory Management  (https://pytorch.org/docs/stable/notes/cuda.html#environment-variables)
SKIP taiwanese_bankruptcy_prediction r0f1: OutOfMemoryError: CUDA out of memory. Tried to allocate 1.88 GiB. GPU 0 has a total capacity of 4.00 GiB of which 0 bytes is free. Of the allocated memory 6.89 GiB is allocated by PyTorch, and 3.09 GiB is reserved by PyTorch but unallocated. If reserved but unallocated memory is large try setting PYTORCH_CUDA_ALLOC_CONF=expandable_segments:True to avoid fragmentation.  See documentation for Memory Management  (https://pytorch.org/docs/stable/notes/cuda.html#environment-variables)
SKIP taiwanese_bankruptcy_prediction r0f2: RuntimeError: CUDA error: CUBLAS_STATUS_INTERNAL_ERROR when calling cublasLtMatmul with transpose_mat1 1 transpose_mat2 0 m 1024 n 18440 k 512 mat1_ld 512 mat2_ld 512 result_ld 1024 abcType 2 computeType 68 scaleType 0
SKIP taiwanese_bankruptcy_prediction r1f0: RuntimeError: CUDA error: out of memory
CUDA kernel errors might be asynchronously reported at some other API call, so the stacktrace below might be incorrect.
For debugging consider passing CUDA_LAUNCH_BLOCKING=1
Compile with `TORCH_USE_CUDA_DSA` to enable device-side assertions.

SKIP taiwanese_bankruptcy_prediction r1f1: RuntimeError: CUDA error: out of memory
CUDA kernel errors might be asynchronously reported at some other API call, so the stacktrace below might be incorrect.
For debugging consider passing CUDA_LAUNCH_BLOCKING=1
Compile with `TORCH_USE_CUDA_DSA` to enable device-side assertions.

SKIP taiwanese_bankruptcy_prediction r1f2: RuntimeError: CUDA error: out of memory
CUDA kernel errors might be asynchronously reported at some other API call, so the stacktrace below might be incorrect.
For debugging consider passing CUDA_LAUNCH_BLOCKING=1
Compile with `TORCH_USE_CUDA_DSA` to enable device-side assertions.

SKIP taiwanese_bankruptcy_prediction r2f0: RuntimeError: CUDA error: out of memory
CUDA kernel errors might be asynchronously reported at some other API call, so the stacktrace below might be incorrect.
For debugging consider passing CUDA_LAUNCH_BLOCKING=1
Compile with `TORCH_USE_CUDA_DSA` to enable device-side assertions.

SKIP taiwanese_bankruptcy_prediction r2f1: RuntimeError: CUDA error: out of memory
CUDA kernel errors might be asynchronously reported at some other API call, so the stacktrace below might be incorrect.
For debugging consider passing CUDA_LAUNCH_BLOCKING=1
Compile with `TORCH_USE_CUDA_DSA` to enable device-side assertions.

SKIP taiwanese_bankruptcy_prediction r2f2: RuntimeError: CUDA error: out of memory
CUDA kernel errors might be asynchronously reported at some other API call, so the stacktrace below might be incorrect.
For debugging consider passing CUDA_LAUNCH_BLOCKING=1
Compile with `TORCH_USE_CUDA_DSA` to enable device-side assertions.

SKIP NATICUSdroid r0f0: RuntimeError: CUDA error: out of memory
CUDA kernel errors might be asynchronously reported at some other API call, so the stacktrace below might be incorrect.
For debugging consider passing CUDA_LAUNCH_BLOCKING=1
Compile with `TORCH_USE_CUDA_DSA` to enable device-side assertions.

SKIP NATICUSdroid r0f1: RuntimeError: CUDA error: out of memory
CUDA kernel errors might be asynchronously reported at some other API call, so the stacktrace below might be incorrect.
For debugging consider passing CUDA_LAUNCH_BLOCKING=1
Compile with `TORCH_USE_CUDA_DSA` to enable device-side assertions.

SKIP NATICUSdroid r0f2: RuntimeError: CUDA error: out of memory
CUDA kernel errors might be asynchronously reported at some other API call, so the stacktrace below might be incorrect.
For debugging consider passing CUDA_LAUNCH_BLOCKING=1
Compile with `TORCH_USE_CUDA_DSA` to enable device-side assertions.

SKIP NATICUSdroid r1f0: RuntimeError: CUDA error: out of memory
CUDA kernel errors might be asynchronously reported at some other API call, so the stacktrace below might be incorrect.
For debugging consider passing CUDA_LAUNCH_BLOCKING=1
Compile with `TORCH_USE_CUDA_DSA` to enable device-side assertions.

SKIP NATICUSdroid r1f1: RuntimeError: CUDA error: out of memory
CUDA kernel errors might be asynchronously reported at some other API call, so the stacktrace below might be incorrect.
For debugging consider passing CUDA_LAUNCH_BLOCKING=1
Compile with `TORCH_USE_CUDA_DSA` to enable device-side assertions.

SKIP NATICUSdroid r1f2: RuntimeError: CUDA error: out of memory
CUDA kernel errors might be asynchronously reported at some other API call, so the stacktrace below might be incorrect.
For debugging consider passing CUDA_LAUNCH_BLOCKING=1
Compile with `TORCH_USE_CUDA_DSA` to enable device-side assertions.

SKIP NATICUSdroid r2f0: RuntimeError: CUDA error: out of memory
CUDA kernel errors might be asynchronously reported at some other API call, so the stacktrace below might be incorrect.
For debugging consider passing CUDA_LAUNCH_BLOCKING=1
Compile with `TORCH_USE_CUDA_DSA` to enable device-side assertions.

SKIP NATICUSdroid r2f1: RuntimeError: CUDA error: out of memory
CUDA kernel errors might be asynchronously reported at some other API call, so the stacktrace below might be incorrect.
For debugging consider passing CUDA_LAUNCH_BLOCKING=1
Compile with `TORCH_USE_CUDA_DSA` to enable device-side assertions.

SKIP NATICUSdroid r2f2: RuntimeError: CUDA error: out of memory
CUDA kernel errors might be asynchronously reported at some other API call, so the stacktrace below might be incorrect.
For debugging consider passing CUDA_LAUNCH_BLOCKING=1
Compile with `TORCH_USE_CUDA_DSA` to enable device-side assertions.

SKIP coil2000_insurance_policies r0f0: RuntimeError: CUDA error: out of memory
CUDA kernel errors might be asynchronously reported at some other API call, so the stacktrace below might be incorrect.
For debugging consider passing CUDA_LAUNCH_BLOCKING=1
Compile with `TORCH_USE_CUDA_DSA` to enable device-side assertions.

SKIP coil2000_insurance_policies r0f1: RuntimeError: CUDA error: out of memory
CUDA kernel errors might be asynchronously reported at some other API call, so the stacktrace below might be incorrect.
For debugging consider passing CUDA_LAUNCH_BLOCKING=1
Compile with `TORCH_USE_CUDA_DSA` to enable device-side assertions.

SKIP coil2000_insurance_policies r0f2: RuntimeError: CUDA error: out of memory
CUDA kernel errors might be asynchronously reported at some other API call, so the stacktrace below might be incorrect.
For debugging consider passing CUDA_LAUNCH_BLOCKING=1
Compile with `TORCH_USE_CUDA_DSA` to enable device-side assertions.

SKIP coil2000_insurance_policies r1f0: RuntimeError: CUDA error: out of memory
CUDA kernel errors might be asynchronously reported at some other API call, so the stacktrace below might be incorrect.
For debugging consider passing CUDA_LAUNCH_BLOCKING=1
Compile with `TORCH_USE_CUDA_DSA` to enable device-side assertions.

SKIP coil2000_insurance_policies r1f1: RuntimeError: CUDA error: out of memory
CUDA kernel errors might be asynchronously reported at some other API call, so the stacktrace below might be incorrect.
For debugging consider passing CUDA_LAUNCH_BLOCKING=1
Compile with `TORCH_USE_CUDA_DSA` to enable device-side assertions.

SKIP coil2000_insurance_policies r1f2: RuntimeError: CUDA error: out of memory
CUDA kernel errors might be asynchronously reported at some other API call, so the stacktrace below might be incorrect.
For debugging consider passing CUDA_LAUNCH_BLOCKING=1
Compile with `TORCH_USE_CUDA_DSA` to enable device-side assertions.

SKIP coil2000_insurance_policies r2f0: RuntimeError: CUDA error: out of memory
CUDA kernel errors might be asynchronously reported at some other API call, so the stacktrace below might be incorrect.
For debugging consider passing CUDA_LAUNCH_BLOCKING=1
Compile with `TORCH_USE_CUDA_DSA` to enable device-side assertions.

SKIP coil2000_insurance_policies r2f1: RuntimeError: CUDA error: out of memory
CUDA kernel errors might be asynchronously reported at some other API call, so the stacktrace below might be incorrect.
For debugging consider passing CUDA_LAUNCH_BLOCKING=1
Compile with `TORCH_USE_CUDA_DSA` to enable device-side assertions.

SKIP coil2000_insurance_policies r2f2: RuntimeError: CUDA error: out of memory
CUDA kernel errors might be asynchronously reported at some other API call, so the stacktrace below might be incorrect.
For debugging consider passing CUDA_LAUNCH_BLOCKING=1
Compile with `TORCH_USE_CUDA_DSA` to enable device-side assertions.

SKIP Bank_Customer_Churn r0f0: RuntimeError: CUDA error: out of memory
CUDA kernel errors might be asynchronously reported at some other API call, so the stacktrace below might be incorrect.
For debugging consider passing CUDA_LAUNCH_BLOCKING=1
Compile with `TORCH_USE_CUDA_DSA` to enable device-side assertions.

SKIP Bank_Customer_Churn r0f1: RuntimeError: CUDA error: out of memory
CUDA kernel errors might be asynchronously reported at some other API call, so the stacktrace below might be incorrect.
For debugging consider passing CUDA_LAUNCH_BLOCKING=1
Compile with `TORCH_USE_CUDA_DSA` to enable device-side assertions.

SKIP Bank_Customer_Churn r0f2: RuntimeError: CUDA error: out of memory
CUDA kernel errors might be asynchronously reported at some other API call, so the stacktrace below might be incorrect.
For debugging consider passing CUDA_LAUNCH_BLOCKING=1
Compile with `TORCH_USE_CUDA_DSA` to enable device-side assertions.

SKIP Bank_Customer_Churn r1f0: RuntimeError: CUDA error: out of memory
CUDA kernel errors might be asynchronously reported at some other API call, so the stacktrace below might be incorrect.
For debugging consider passing CUDA_LAUNCH_BLOCKING=1
Compile with `TORCH_USE_CUDA_DSA` to enable device-side assertions.

SKIP Bank_Customer_Churn r1f1: RuntimeError: CUDA error: out of memory
CUDA kernel errors might be asynchronously reported at some other API call, so the stacktrace below might be incorrect.
For debugging consider passing CUDA_LAUNCH_BLOCKING=1
Compile with `TORCH_USE_CUDA_DSA` to enable device-side assertions.

SKIP Bank_Customer_Churn r1f2: RuntimeError: CUDA error: out of memory
CUDA kernel errors might be asynchronously reported at some other API call, so the stacktrace below might be incorrect.
For debugging consider passing CUDA_LAUNCH_BLOCKING=1
Compile with `TORCH_USE_CUDA_DSA` to enable device-side assertions.

SKIP Bank_Customer_Churn r2f0: RuntimeError: CUDA error: out of memory
CUDA kernel errors might be asynchronously reported at some other API call, so the stacktrace below might be incorrect.
For debugging consider passing CUDA_LAUNCH_BLOCKING=1
Compile with `TORCH_USE_CUDA_DSA` to enable device-side assertions.

SKIP Bank_Customer_Churn r2f1: RuntimeError: CUDA error: out of memory
CUDA kernel errors might be asynchronously reported at some other API call, so the stacktrace below might be incorrect.
For debugging consider passing CUDA_LAUNCH_BLOCKING=1
Compile with `TORCH_USE_CUDA_DSA` to enable device-side assertions.

SKIP Bank_Customer_Churn r2f2: RuntimeError: CUDA error: out of memory
CUDA kernel errors might be asynchronously reported at some other API call, so the stacktrace below might be incorrect.
For debugging consider passing CUDA_LAUNCH_BLOCKING=1
Compile with `TORCH_USE_CUDA_DSA` to enable device-side assertions.

SKIP heloc r0f0: RuntimeError: CUDA error: out of memory
CUDA kernel errors might be asynchronously reported at some other API call, so the stacktrace below might be incorrect.
For debugging consider passing CUDA_LAUNCH_BLOCKING=1
Compile with `TORCH_USE_CUDA_DSA` to enable device-side assertions.

SKIP heloc r0f1: RuntimeError: CUDA error: out of memory
CUDA kernel errors might be asynchronously reported at some other API call, so the stacktrace below might be incorrect.
For debugging consider passing CUDA_LAUNCH_BLOCKING=1
Compile with `TORCH_USE_CUDA_DSA` to enable device-side assertions.

SKIP heloc r0f2: RuntimeError: CUDA error: out of memory
CUDA kernel errors might be asynchronously reported at some other API call, so the stacktrace below might be incorrect.
For debugging consider passing CUDA_LAUNCH_BLOCKING=1
Compile with `TORCH_USE_CUDA_DSA` to enable device-side assertions.

SKIP heloc r1f0: RuntimeError: CUDA error: out of memory
CUDA kernel errors might be asynchronously reported at some other API call, so the stacktrace below might be incorrect.
For debugging consider passing CUDA_LAUNCH_BLOCKING=1
Compile with `TORCH_USE_CUDA_DSA` to enable device-side assertions.

SKIP heloc r1f1: RuntimeError: CUDA error: out of memory
CUDA kernel errors might be asynchronously reported at some other API call, so the stacktrace below might be incorrect.
For debugging consider passing CUDA_LAUNCH_BLOCKING=1
Compile with `TORCH_USE_CUDA_DSA` to enable device-side assertions.

SKIP heloc r1f2: RuntimeError: CUDA error: out of memory
CUDA kernel errors might be asynchronously reported at some other API call, so the stacktrace below might be incorrect.
For debugging consider passing CUDA_LAUNCH_BLOCKING=1
Compile with `TORCH_USE_CUDA_DSA` to enable device-side assertions.

SKIP heloc r2f0: RuntimeError: CUDA error: out of memory
CUDA kernel errors might be asynchronously reported at some other API call, so the stacktrace below might be incorrect.
For debugging consider passing CUDA_LAUNCH_BLOCKING=1
Compile with `TORCH_USE_CUDA_DSA` to enable device-side assertions.

SKIP heloc r2f1: RuntimeError: CUDA error: out of memory
CUDA kernel errors might be asynchronously reported at some other API call, so the stacktrace below might be incorrect.
For debugging consider passing CUDA_LAUNCH_BLOCKING=1
Compile with `TORCH_USE_CUDA_DSA` to enable device-side assertions.

SKIP heloc r2f2: RuntimeError: CUDA error: out of memory
CUDA kernel errors might be asynchronously reported at some other API call, so the stacktrace below might be incorrect.
For debugging consider passing CUDA_LAUNCH_BLOCKING=1
Compile with `TORCH_USE_CUDA_DSA` to enable device-side assertions.

SKIP jm1 r0f0: RuntimeError: CUDA error: out of memory
CUDA kernel errors might be asynchronously reported at some other API call, so the stacktrace below might be incorrect.
For debugging consider passing CUDA_LAUNCH_BLOCKING=1
Compile with `TORCH_USE_CUDA_DSA` to enable device-side assertions.

SKIP jm1 r0f1: RuntimeError: CUDA error: out of memory
CUDA kernel errors might be asynchronously reported at some other API call, so the stacktrace below might be incorrect.
For debugging consider passing CUDA_LAUNCH_BLOCKING=1
Compile with `TORCH_USE_CUDA_DSA` to enable device-side assertions.

SKIP jm1 r0f2: RuntimeError: CUDA error: out of memory
CUDA kernel errors might be asynchronously reported at some other API call, so the stacktrace below might be incorrect.
For debugging consider passing CUDA_LAUNCH_BLOCKING=1
Compile with `TORCH_USE_CUDA_DSA` to enable device-side assertions.

SKIP jm1 r1f0: RuntimeError: CUDA error: out of memory
CUDA kernel errors might be asynchronously reported at some other API call, so the stacktrace below might be incorrect.
For debugging consider passing CUDA_LAUNCH_BLOCKING=1
Compile with `TORCH_USE_CUDA_DSA` to enable device-side assertions.

SKIP jm1 r1f1: RuntimeError: CUDA error: out of memory
CUDA kernel errors might be asynchronously reported at some other API call, so the stacktrace below might be incorrect.
For debugging consider passing CUDA_LAUNCH_BLOCKING=1
Compile with `TORCH_USE_CUDA_DSA` to enable device-side assertions.

SKIP jm1 r1f2: RuntimeError: CUDA error: out of memory
CUDA kernel errors might be asynchronously reported at some other API call, so the stacktrace below might be incorrect.
For debugging consider passing CUDA_LAUNCH_BLOCKING=1
Compile with `TORCH_USE_CUDA_DSA` to enable device-side assertions.

SKIP jm1 r2f0: RuntimeError: CUDA error: out of memory
CUDA kernel errors might be asynchronously reported at some other API call, so the stacktrace below might be incorrect.
For debugging consider passing CUDA_LAUNCH_BLOCKING=1
Compile with `TORCH_USE_CUDA_DSA` to enable device-side assertions.

SKIP jm1 r2f1: RuntimeError: CUDA error: out of memory
CUDA kernel errors might be asynchronously reported at some other API call, so the stacktrace below might be incorrect.
For debugging consider passing CUDA_LAUNCH_BLOCKING=1
Compile with `TORCH_USE_CUDA_DSA` to enable device-side assertions.

SKIP jm1 r2f2: RuntimeError: CUDA error: out of memory
CUDA kernel errors might be asynchronously reported at some other API call, so the stacktrace below might be incorrect.
For debugging consider passing CUDA_LAUNCH_BLOCKING=1
Compile with `TORCH_USE_CUDA_DSA` to enable device-side assertions.

SKIP E-CommereShippingData r0f0: RuntimeError: CUDA error: out of memory
CUDA kernel errors might be asynchronously reported at some other API call, so the stacktrace below might be incorrect.
For debugging consider passing CUDA_LAUNCH_BLOCKING=1
Compile with `TORCH_USE_CUDA_DSA` to enable device-side assertions.

SKIP E-CommereShippingData r0f1: RuntimeError: CUDA error: out of memory
CUDA kernel errors might be asynchronously reported at some other API call, so the stacktrace below might be incorrect.
For debugging consider passing CUDA_LAUNCH_BLOCKING=1
Compile with `TORCH_USE_CUDA_DSA` to enable device-side assertions.

SKIP E-CommereShippingData r0f2: RuntimeError: CUDA error: out of memory
CUDA kernel errors might be asynchronously reported at some other API call, so the stacktrace below might be incorrect.
For debugging consider passing CUDA_LAUNCH_BLOCKING=1
Compile with `TORCH_USE_CUDA_DSA` to enable device-side assertions.

SKIP E-CommereShippingData r1f0: RuntimeError: CUDA error: out of memory
CUDA kernel errors might be asynchronously reported at some other API call, so the stacktrace below might be incorrect.
For debugging consider passing CUDA_LAUNCH_BLOCKING=1
Compile with `TORCH_USE_CUDA_DSA` to enable device-side assertions.

SKIP E-CommereShippingData r1f1: RuntimeError: CUDA error: out of memory
CUDA kernel errors might be asynchronously reported at some other API call, so the stacktrace below might be incorrect.
For debugging consider passing CUDA_LAUNCH_BLOCKING=1
Compile with `TORCH_USE_CUDA_DSA` to enable device-side assertions.

SKIP E-CommereShippingData r1f2: RuntimeError: CUDA error: out of memory
CUDA kernel errors might be asynchronously reported at some other API call, so the stacktrace below might be incorrect.
For debugging consider passing CUDA_LAUNCH_BLOCKING=1
Compile with `TORCH_USE_CUDA_DSA` to enable device-side assertions.

SKIP E-CommereShippingData r2f0: RuntimeError: CUDA error: out of memory
CUDA kernel errors might be asynchronously reported at some other API call, so the stacktrace below might be incorrect.
For debugging consider passing CUDA_LAUNCH_BLOCKING=1
Compile with `TORCH_USE_CUDA_DSA` to enable device-side assertions.

SKIP E-CommereShippingData r2f1: RuntimeError: CUDA error: out of memory
CUDA kernel errors might be asynchronously reported at some other API call, so the stacktrace below might be incorrect.
For debugging consider passing CUDA_LAUNCH_BLOCKING=1
Compile with `TORCH_USE_CUDA_DSA` to enable device-side assertions.

SKIP E-CommereShippingData r2f2: RuntimeError: CUDA error: out of memory
CUDA kernel errors might be asynchronously reported at some other API call, so the stacktrace below might be incorrect.
For debugging consider passing CUDA_LAUNCH_BLOCKING=1
Compile with `TORCH_USE_CUDA_DSA` to enable device-side assertions.

SKIP online_shoppers_intention r0f0: RuntimeError: CUDA error: out of memory
CUDA kernel errors might be asynchronously reported at some other API call, so the stacktrace below might be incorrect.
For debugging consider passing CUDA_LAUNCH_BLOCKING=1
Compile with `TORCH_USE_CUDA_DSA` to enable device-side assertions.

SKIP online_shoppers_intention r0f1: RuntimeError: CUDA error: out of memory
CUDA kernel errors might be asynchronously reported at some other API call, so the stacktrace below might be incorrect.
For debugging consider passing CUDA_LAUNCH_BLOCKING=1
Compile with `TORCH_USE_CUDA_DSA` to enable device-side assertions.

SKIP online_shoppers_intention r0f2: RuntimeError: CUDA error: out of memory
CUDA kernel errors might be asynchronously reported at some other API call, so the stacktrace below might be incorrect.
For debugging consider passing CUDA_LAUNCH_BLOCKING=1
Compile with `TORCH_USE_CUDA_DSA` to enable device-side assertions.

SKIP online_shoppers_intention r1f0: RuntimeError: CUDA error: out of memory
CUDA kernel errors might be asynchronously reported at some other API call, so the stacktrace below might be incorrect.
For debugging consider passing CUDA_LAUNCH_BLOCKING=1
Compile with `TORCH_USE_CUDA_DSA` to enable device-side assertions.

SKIP online_shoppers_intention r1f1: RuntimeError: CUDA error: out of memory
CUDA kernel errors might be asynchronously reported at some other API call, so the stacktrace below might be incorrect.
For debugging consider passing CUDA_LAUNCH_BLOCKING=1
Compile with `TORCH_USE_CUDA_DSA` to enable device-side assertions.

SKIP online_shoppers_intention r1f2: RuntimeError: CUDA error: out of memory
CUDA kernel errors might be asynchronously reported at some other API call, so the stacktrace below might be incorrect.
For debugging consider passing CUDA_LAUNCH_BLOCKING=1
Compile with `TORCH_USE_CUDA_DSA` to enable device-side assertions.

SKIP online_shoppers_intention r2f0: RuntimeError: CUDA error: out of memory
CUDA kernel errors might be asynchronously reported at some other API call, so the stacktrace below might be incorrect.
For debugging consider passing CUDA_LAUNCH_BLOCKING=1
Compile with `TORCH_USE_CUDA_DSA` to enable device-side assertions.

SKIP online_shoppers_intention r2f1: RuntimeError: CUDA error: out of memory
CUDA kernel errors might be asynchronously reported at some other API call, so the stacktrace below might be incorrect.
For debugging consider passing CUDA_LAUNCH_BLOCKING=1
Compile with `TORCH_USE_CUDA_DSA` to enable device-side assertions.

SKIP online_shoppers_intention r2f2: RuntimeError: CUDA error: out of memory
CUDA kernel errors might be asynchronously reported at some other API call, so the stacktrace below might be incorrect.
For debugging consider passing CUDA_LAUNCH_BLOCKING=1
Compile with `TORCH_USE_CUDA_DSA` to enable device-side assertions.

SKIP in_vehicle_coupon_recommendation r0f0: RuntimeError: CUDA error: out of memory
CUDA kernel errors might be asynchronously reported at some other API call, so the stacktrace below might be incorrect.
For debugging consider passing CUDA_LAUNCH_BLOCKING=1
Compile with `TORCH_USE_CUDA_DSA` to enable device-side assertions.

SKIP in_vehicle_coupon_recommendation r0f1: RuntimeError: CUDA error: out of memory
CUDA kernel errors might be asynchronously reported at some other API call, so the stacktrace below might be incorrect.
For debugging consider passing CUDA_LAUNCH_BLOCKING=1
Compile with `TORCH_USE_CUDA_DSA` to enable device-side assertions.

SKIP in_vehicle_coupon_recommendation r0f2: RuntimeError: CUDA error: out of memory
CUDA kernel errors might be asynchronously reported at some other API call, so the stacktrace below might be incorrect.
For debugging consider passing CUDA_LAUNCH_BLOCKING=1
Compile with `TORCH_USE_CUDA_DSA` to enable device-side assertions.

SKIP in_vehicle_coupon_recommendation r1f0: RuntimeError: CUDA error: out of memory
CUDA kernel errors might be asynchronously reported at some other API call, so the stacktrace below might be incorrect.
For debugging consider passing CUDA_LAUNCH_BLOCKING=1
Compile with `TORCH_USE_CUDA_DSA` to enable device-side assertions.

SKIP in_vehicle_coupon_recommendation r1f1: RuntimeError: CUDA error: out of memory
CUDA kernel errors might be asynchronously reported at some other API call, so the stacktrace below might be incorrect.
For debugging consider passing CUDA_LAUNCH_BLOCKING=1
Compile with `TORCH_USE_CUDA_DSA` to enable device-side assertions.

SKIP in_vehicle_coupon_recommendation r1f2: RuntimeError: CUDA error: out of memory
CUDA kernel errors might be asynchronously reported at some other API call, so the stacktrace below might be incorrect.
For debugging consider passing CUDA_LAUNCH_BLOCKING=1
Compile with `TORCH_USE_CUDA_DSA` to enable device-side assertions.

SKIP in_vehicle_coupon_recommendation r2f0: RuntimeError: CUDA error: out of memory
CUDA kernel errors might be asynchronously reported at some other API call, so the stacktrace below might be incorrect.
For debugging consider passing CUDA_LAUNCH_BLOCKING=1
Compile with `TORCH_USE_CUDA_DSA` to enable device-side assertions.

SKIP in_vehicle_coupon_recommendation r2f1: RuntimeError: CUDA error: out of memory
CUDA kernel errors might be asynchronously reported at some other API call, so the stacktrace below might be incorrect.
For debugging consider passing CUDA_LAUNCH_BLOCKING=1
Compile with `TORCH_USE_CUDA_DSA` to enable device-side assertions.

SKIP in_vehicle_coupon_recommendation r2f2: RuntimeError: CUDA error: out of memory
CUDA kernel errors might be asynchronously reported at some other API call, so the stacktrace below might be incorrect.
For debugging consider passing CUDA_LAUNCH_BLOCKING=1
Compile with `TORCH_USE_CUDA_DSA` to enable device-side assertions.

SKIP HR_Analytics_Job_Change_of_Data_Scientists r0f0: RuntimeError: CUDA error: out of memory
CUDA kernel errors might be asynchronously reported at some other API call, so the stacktrace below might be incorrect.
For debugging consider passing CUDA_LAUNCH_BLOCKING=1
Compile with `TORCH_USE_CUDA_DSA` to enable device-side assertions.

SKIP HR_Analytics_Job_Change_of_Data_Scientists r0f1: RuntimeError: CUDA error: out of memory
CUDA kernel errors might be asynchronously reported at some other API call, so the stacktrace below might be incorrect.
For debugging consider passing CUDA_LAUNCH_BLOCKING=1
Compile with `TORCH_USE_CUDA_DSA` to enable device-side assertions.

SKIP HR_Analytics_Job_Change_of_Data_Scientists r0f2: RuntimeError: CUDA error: out of memory
CUDA kernel errors might be asynchronously reported at some other API call, so the stacktrace below might be incorrect.
For debugging consider passing CUDA_LAUNCH_BLOCKING=1
Compile with `TORCH_USE_CUDA_DSA` to enable device-side assertions.

SKIP HR_Analytics_Job_Change_of_Data_Scientists r1f0: RuntimeError: CUDA error: out of memory
CUDA kernel errors might be asynchronously reported at some other API call, so the stacktrace below might be incorrect.
For debugging consider passing CUDA_LAUNCH_BLOCKING=1
Compile with `TORCH_USE_CUDA_DSA` to enable device-side assertions.

SKIP HR_Analytics_Job_Change_of_Data_Scientists r1f1: RuntimeError: CUDA error: out of memory
CUDA kernel errors might be asynchronously reported at some other API call, so the stacktrace below might be incorrect.
For debugging consider passing CUDA_LAUNCH_BLOCKING=1
Compile with `TORCH_USE_CUDA_DSA` to enable device-side assertions.

SKIP HR_Analytics_Job_Change_of_Data_Scientists r1f2: RuntimeError: CUDA error: out of memory
CUDA kernel errors might be asynchronously reported at some other API call, so the stacktrace below might be incorrect.
For debugging consider passing CUDA_LAUNCH_BLOCKING=1
Compile with `TORCH_USE_CUDA_DSA` to enable device-side assertions.

SKIP HR_Analytics_Job_Change_of_Data_Scientists r2f0: RuntimeError: CUDA error: out of memory
CUDA kernel errors might be asynchronously reported at some other API call, so the stacktrace below might be incorrect.
For debugging consider passing CUDA_LAUNCH_BLOCKING=1
Compile with `TORCH_USE_CUDA_DSA` to enable device-side assertions.

SKIP HR_Analytics_Job_Change_of_Data_Scientists r2f1: RuntimeError: CUDA error: out of memory
CUDA kernel errors might be asynchronously reported at some other API call, so the stacktrace below might be incorrect.
For debugging consider passing CUDA_LAUNCH_BLOCKING=1
Compile with `TORCH_USE_CUDA_DSA` to enable device-side assertions.

SKIP HR_Analytics_Job_Change_of_Data_Scientists r2f2: RuntimeError: CUDA error: out of memory
CUDA kernel errors might be asynchronously reported at some other API call, so the stacktrace below might be incorrect.
For debugging consider passing CUDA_LAUNCH_BLOCKING=1
Compile with `TORCH_USE_CUDA_DSA` to enable device-side assertions.

SKIP credit_card_clients_default r0f0: RuntimeError: CUDA error: out of memory
CUDA kernel errors might be asynchronously reported at some other API call, so the stacktrace below might be incorrect.
For debugging consider passing CUDA_LAUNCH_BLOCKING=1
Compile with `TORCH_USE_CUDA_DSA` to enable device-side assertions.

SKIP credit_card_clients_default r0f1: RuntimeError: CUDA error: out of memory
CUDA kernel errors might be asynchronously reported at some other API call, so the stacktrace below might be incorrect.
For debugging consider passing CUDA_LAUNCH_BLOCKING=1
Compile with `TORCH_USE_CUDA_DSA` to enable device-side assertions.

SKIP credit_card_clients_default r0f2: RuntimeError: CUDA error: out of memory
CUDA kernel errors might be asynchronously reported at some other API call, so the stacktrace below might be incorrect.
For debugging consider passing CUDA_LAUNCH_BLOCKING=1
Compile with `TORCH_USE_CUDA_DSA` to enable device-side assertions.

SKIP credit_card_clients_default r1f0: RuntimeError: CUDA error: out of memory
CUDA kernel errors might be asynchronously reported at some other API call, so the stacktrace below might be incorrect.
For debugging consider passing CUDA_LAUNCH_BLOCKING=1
Compile with `TORCH_USE_CUDA_DSA` to enable device-side assertions.

SKIP credit_card_clients_default r1f1: RuntimeError: CUDA error: out of memory
CUDA kernel errors might be asynchronously reported at some other API call, so the stacktrace below might be incorrect.
For debugging consider passing CUDA_LAUNCH_BLOCKING=1
Compile with `TORCH_USE_CUDA_DSA` to enable device-side assertions.

SKIP credit_card_clients_default r1f2: RuntimeError: CUDA error: out of memory
CUDA kernel errors might be asynchronously reported at some other API call, so the stacktrace below might be incorrect.
For debugging consider passing CUDA_LAUNCH_BLOCKING=1
Compile with `TORCH_USE_CUDA_DSA` to enable device-side assertions.

SKIP credit_card_clients_default r2f0: RuntimeError: CUDA error: out of memory
CUDA kernel errors might be asynchronously reported at some other API call, so the stacktrace below might be incorrect.
For debugging consider passing CUDA_LAUNCH_BLOCKING=1
Compile with `TORCH_USE_CUDA_DSA` to enable device-side assertions.

SKIP credit_card_clients_default r2f1: RuntimeError: CUDA error: out of memory
CUDA kernel errors might be asynchronously reported at some other API call, so the stacktrace below might be incorrect.
For debugging consider passing CUDA_LAUNCH_BLOCKING=1
Compile with `TORCH_USE_CUDA_DSA` to enable device-side assertions.

SKIP credit_card_clients_default r2f2: RuntimeError: CUDA error: out of memory
CUDA kernel errors might be asynchronously reported at some other API call, so the stacktrace below might be incorrect.
For debugging consider passing CUDA_LAUNCH_BLOCKING=1
Compile with `TORCH_USE_CUDA_DSA` to enable device-side assertions.

SKIP Amazon_employee_access r0f0: RuntimeError: CUDA error: out of memory
CUDA kernel errors might be asynchronously reported at some other API call, so the stacktrace below might be incorrect.
For debugging consider passing CUDA_LAUNCH_BLOCKING=1
Compile with `TORCH_USE_CUDA_DSA` to enable device-side assertions.

SKIP Amazon_employee_access r0f1: RuntimeError: CUDA error: out of memory
CUDA kernel errors might be asynchronously reported at some other API call, so the stacktrace below might be incorrect.
For debugging consider passing CUDA_LAUNCH_BLOCKING=1
Compile with `TORCH_USE_CUDA_DSA` to enable device-side assertions.

SKIP Amazon_employee_access r0f2: RuntimeError: CUDA error: out of memory
CUDA kernel errors might be asynchronously reported at some other API call, so the stacktrace below might be incorrect.
For debugging consider passing CUDA_LAUNCH_BLOCKING=1
Compile with `TORCH_USE_CUDA_DSA` to enable device-side assertions.

SKIP Amazon_employee_access r1f0: RuntimeError: CUDA error: out of memory
CUDA kernel errors might be asynchronously reported at some other API call, so the stacktrace below might be incorrect.
For debugging consider passing CUDA_LAUNCH_BLOCKING=1
Compile with `TORCH_USE_CUDA_DSA` to enable device-side assertions.

SKIP Amazon_employee_access r1f1: RuntimeError: CUDA error: out of memory
CUDA kernel errors might be asynchronously reported at some other API call, so the stacktrace below might be incorrect.
For debugging consider passing CUDA_LAUNCH_BLOCKING=1
Compile with `TORCH_USE_CUDA_DSA` to enable device-side assertions.

SKIP Amazon_employee_access r1f2: RuntimeError: CUDA error: out of memory
CUDA kernel errors might be asynchronously reported at some other API call, so the stacktrace below might be incorrect.
For debugging consider passing CUDA_LAUNCH_BLOCKING=1
Compile with `TORCH_USE_CUDA_DSA` to enable device-side assertions.

SKIP Amazon_employee_access r2f0: RuntimeError: CUDA error: out of memory
CUDA kernel errors might be asynchronously reported at some other API call, so the stacktrace below might be incorrect.
For debugging consider passing CUDA_LAUNCH_BLOCKING=1
Compile with `TORCH_USE_CUDA_DSA` to enable device-side assertions.

SKIP Amazon_employee_access r2f1: RuntimeError: CUDA error: out of memory
CUDA kernel errors might be asynchronously reported at some other API call, so the stacktrace below might be incorrect.
For debugging consider passing CUDA_LAUNCH_BLOCKING=1
Compile with `TORCH_USE_CUDA_DSA` to enable device-side assertions.

SKIP Amazon_employee_access r2f2: RuntimeError: CUDA error: out of memory
CUDA kernel errors might be asynchronously reported at some other API call, so the stacktrace below might be incorrect.
For debugging consider passing CUDA_LAUNCH_BLOCKING=1
Compile with `TORCH_USE_CUDA_DSA` to enable device-side assertions.

SKIP bank-marketing r0f0: RuntimeError: CUDA error: out of memory
CUDA kernel errors might be asynchronously reported at some other API call, so the stacktrace below might be incorrect.
For debugging consider passing CUDA_LAUNCH_BLOCKING=1
Compile with `TORCH_USE_CUDA_DSA` to enable device-side assertions.

SKIP bank-marketing r0f1: RuntimeError: CUDA error: out of memory
CUDA kernel errors might be asynchronously reported at some other API call, so the stacktrace below might be incorrect.
For debugging consider passing CUDA_LAUNCH_BLOCKING=1
Compile with `TORCH_USE_CUDA_DSA` to enable device-side assertions.

SKIP bank-marketing r0f2: RuntimeError: CUDA error: out of memory
CUDA kernel errors might be asynchronously reported at some other API call, so the stacktrace below might be incorrect.
For debugging consider passing CUDA_LAUNCH_BLOCKING=1
Compile with `TORCH_USE_CUDA_DSA` to enable device-side assertions.

SKIP bank-marketing r1f0: RuntimeError: CUDA error: out of memory
CUDA kernel errors might be asynchronously reported at some other API call, so the stacktrace below might be incorrect.
For debugging consider passing CUDA_LAUNCH_BLOCKING=1
Compile with `TORCH_USE_CUDA_DSA` to enable device-side assertions.

SKIP bank-marketing r1f1: RuntimeError: CUDA error: out of memory
CUDA kernel errors might be asynchronously reported at some other API call, so the stacktrace below might be incorrect.
For debugging consider passing CUDA_LAUNCH_BLOCKING=1
Compile with `TORCH_USE_CUDA_DSA` to enable device-side assertions.

SKIP bank-marketing r1f2: RuntimeError: CUDA error: out of memory
CUDA kernel errors might be asynchronously reported at some other API call, so the stacktrace below might be incorrect.
For debugging consider passing CUDA_LAUNCH_BLOCKING=1
Compile with `TORCH_USE_CUDA_DSA` to enable device-side assertions.

SKIP bank-marketing r2f0: RuntimeError: CUDA error: out of memory
CUDA kernel errors might be asynchronously reported at some other API call, so the stacktrace below might be incorrect.
For debugging consider passing CUDA_LAUNCH_BLOCKING=1
Compile with `TORCH_USE_CUDA_DSA` to enable device-side assertions.

SKIP bank-marketing r2f1: RuntimeError: CUDA error: out of memory
CUDA kernel errors might be asynchronously reported at some other API call, so the stacktrace below might be incorrect.
For debugging consider passing CUDA_LAUNCH_BLOCKING=1
Compile with `TORCH_USE_CUDA_DSA` to enable device-side assertions.

SKIP bank-marketing r2f2: RuntimeError: CUDA error: out of memory
CUDA kernel errors might be asynchronously reported at some other API call, so the stacktrace below might be incorrect.
For debugging consider passing CUDA_LAUNCH_BLOCKING=1
Compile with `TORCH_USE_CUDA_DSA` to enable device-side assertions.

SKIP kddcup09_appetency r0f0: RuntimeError: CUDA error: out of memory
CUDA kernel errors might be asynchronously reported at some other API call, so the stacktrace below might be incorrect.
For debugging consider passing CUDA_LAUNCH_BLOCKING=1
Compile with `TORCH_USE_CUDA_DSA` to enable device-side assertions.

SKIP kddcup09_appetency r0f1: RuntimeError: CUDA error: out of memory
CUDA kernel errors might be asynchronously reported at some other API call, so the stacktrace below might be incorrect.
For debugging consider passing CUDA_LAUNCH_BLOCKING=1
Compile with `TORCH_USE_CUDA_DSA` to enable device-side assertions.

SKIP kddcup09_appetency r0f2: RuntimeError: CUDA error: out of memory
CUDA kernel errors might be asynchronously reported at some other API call, so the stacktrace below might be incorrect.
For debugging consider passing CUDA_LAUNCH_BLOCKING=1
Compile with `TORCH_USE_CUDA_DSA` to enable device-side assertions.

SKIP kddcup09_appetency r1f0: RuntimeError: CUDA error: out of memory
CUDA kernel errors might be asynchronously reported at some other API call, so the stacktrace below might be incorrect.
For debugging consider passing CUDA_LAUNCH_BLOCKING=1
Compile with `TORCH_USE_CUDA_DSA` to enable device-side assertions.

SKIP kddcup09_appetency r1f1: RuntimeError: CUDA error: out of memory
CUDA kernel errors might be asynchronously reported at some other API call, so the stacktrace below might be incorrect.
For debugging consider passing CUDA_LAUNCH_BLOCKING=1
Compile with `TORCH_USE_CUDA_DSA` to enable device-side assertions.

SKIP kddcup09_appetency r1f2: RuntimeError: CUDA error: out of memory
CUDA kernel errors might be asynchronously reported at some other API call, so the stacktrace below might be incorrect.
For debugging consider passing CUDA_LAUNCH_BLOCKING=1
Compile with `TORCH_USE_CUDA_DSA` to enable device-side assertions.

SKIP kddcup09_appetency r2f0: RuntimeError: CUDA error: out of memory
CUDA kernel errors might be asynchronously reported at some other API call, so the stacktrace below might be incorrect.
For debugging consider passing CUDA_LAUNCH_BLOCKING=1
Compile with `TORCH_USE_CUDA_DSA` to enable device-side assertions.

SKIP kddcup09_appetency r2f1: RuntimeError: CUDA error: out of memory
CUDA kernel errors might be asynchronously reported at some other API call, so the stacktrace below might be incorrect.
For debugging consider passing CUDA_LAUNCH_BLOCKING=1
Compile with `TORCH_USE_CUDA_DSA` to enable device-side assertions.

SKIP kddcup09_appetency r2f2: RuntimeError: CUDA error: out of memory
CUDA kernel errors might be asynchronously reported at some other API call, so the stacktrace below might be incorrect.
For debugging consider passing CUDA_LAUNCH_BLOCKING=1
Compile with `TORCH_USE_CUDA_DSA` to enable device-side assertions.

SKIP Diabetes130US r0f0: RuntimeError: CUDA error: out of memory
CUDA kernel errors might be asynchronously reported at some other API call, so the stacktrace below might be incorrect.
For debugging consider passing CUDA_LAUNCH_BLOCKING=1
Compile with `TORCH_USE_CUDA_DSA` to enable device-side assertions.

SKIP Diabetes130US r0f1: RuntimeError: CUDA error: out of memory
CUDA kernel errors might be asynchronously reported at some other API call, so the stacktrace below might be incorrect.
For debugging consider passing CUDA_LAUNCH_BLOCKING=1
Compile with `TORCH_USE_CUDA_DSA` to enable device-side assertions.

SKIP Diabetes130US r0f2: RuntimeError: CUDA error: out of memory
CUDA kernel errors might be asynchronously reported at some other API call, so the stacktrace below might be incorrect.
For debugging consider passing CUDA_LAUNCH_BLOCKING=1
Compile with `TORCH_USE_CUDA_DSA` to enable device-side assertions.

SKIP Diabetes130US r1f0: RuntimeError: CUDA error: out of memory
CUDA kernel errors might be asynchronously reported at some other API call, so the stacktrace below might be incorrect.
For debugging consider passing CUDA_LAUNCH_BLOCKING=1
Compile with `TORCH_USE_CUDA_DSA` to enable device-side assertions.

SKIP Diabetes130US r1f1: RuntimeError: CUDA error: out of memory
CUDA kernel errors might be asynchronously reported at some other API call, so the stacktrace below might be incorrect.
For debugging consider passing CUDA_LAUNCH_BLOCKING=1
Compile with `TORCH_USE_CUDA_DSA` to enable device-side assertions.

SKIP Diabetes130US r1f2: RuntimeError: CUDA error: out of memory
CUDA kernel errors might be asynchronously reported at some other API call, so the stacktrace below might be incorrect.
For debugging consider passing CUDA_LAUNCH_BLOCKING=1
Compile with `TORCH_USE_CUDA_DSA` to enable device-side assertions.

SKIP Diabetes130US r2f0: RuntimeError: CUDA error: out of memory
CUDA kernel errors might be asynchronously reported at some other API call, so the stacktrace below might be incorrect.
For debugging consider passing CUDA_LAUNCH_BLOCKING=1
Compile with `TORCH_USE_CUDA_DSA` to enable device-side assertions.

SKIP Diabetes130US r2f1: RuntimeError: CUDA error: out of memory
CUDA kernel errors might be asynchronously reported at some other API call, so the stacktrace below might be incorrect.
For debugging consider passing CUDA_LAUNCH_BLOCKING=1
Compile with `TORCH_USE_CUDA_DSA` to enable device-side assertions.

SKIP Diabetes130US r2f2: RuntimeError: CUDA error: out of memory
CUDA kernel errors might be asynchronously reported at some other API call, so the stacktrace below might be incorrect.
For debugging consider passing CUDA_LAUNCH_BLOCKING=1
Compile with `TORCH_USE_CUDA_DSA` to enable device-side assertions.

SKIP APSFailure r0f0: RuntimeError: CUDA error: out of memory
CUDA kernel errors might be asynchronously reported at some other API call, so the stacktrace below might be incorrect.
For debugging consider passing CUDA_LAUNCH_BLOCKING=1
Compile with `TORCH_USE_CUDA_DSA` to enable device-side assertions.

SKIP APSFailure r0f1: RuntimeError: CUDA error: out of memory
CUDA kernel errors might be asynchronously reported at some other API call, so the stacktrace below might be incorrect.
For debugging consider passing CUDA_LAUNCH_BLOCKING=1
Compile with `TORCH_USE_CUDA_DSA` to enable device-side assertions.

SKIP APSFailure r0f2: RuntimeError: CUDA error: out of memory
CUDA kernel errors might be asynchronously reported at some other API call, so the stacktrace below might be incorrect.
For debugging consider passing CUDA_LAUNCH_BLOCKING=1
Compile with `TORCH_USE_CUDA_DSA` to enable device-side assertions.

SKIP APSFailure r1f0: RuntimeError: CUDA error: out of memory
CUDA kernel errors might be asynchronously reported at some other API call, so the stacktrace below might be incorrect.
For debugging consider passing CUDA_LAUNCH_BLOCKING=1
Compile with `TORCH_USE_CUDA_DSA` to enable device-side assertions.

SKIP APSFailure r1f1: RuntimeError: CUDA error: out of memory
CUDA kernel errors might be asynchronously reported at some other API call, so the stacktrace below might be incorrect.
For debugging consider passing CUDA_LAUNCH_BLOCKING=1
Compile with `TORCH_USE_CUDA_DSA` to enable device-side assertions.

SKIP APSFailure r1f2: RuntimeError: CUDA error: out of memory
CUDA kernel errors might be asynchronously reported at some other API call, so the stacktrace below might be incorrect.
For debugging consider passing CUDA_LAUNCH_BLOCKING=1
Compile with `TORCH_USE_CUDA_DSA` to enable device-side assertions.

SKIP APSFailure r2f0: RuntimeError: CUDA error: out of memory
CUDA kernel errors might be asynchronously reported at some other API call, so the stacktrace below might be incorrect.
For debugging consider passing CUDA_LAUNCH_BLOCKING=1
Compile with `TORCH_USE_CUDA_DSA` to enable device-side assertions.

SKIP APSFailure r2f1: RuntimeError: CUDA error: out of memory
CUDA kernel errors might be asynchronously reported at some other API call, so the stacktrace below might be incorrect.
For debugging consider passing CUDA_LAUNCH_BLOCKING=1
Compile with `TORCH_USE_CUDA_DSA` to enable device-side assertions.

SKIP APSFailure r2f2: RuntimeError: CUDA error: out of memory
CUDA kernel errors might be asynchronously reported at some other API call, so the stacktrace below might be incorrect.
For debugging consider passing CUDA_LAUNCH_BLOCKING=1
Compile with `TORCH_USE_CUDA_DSA` to enable device-side assertions.

SKIP SDSS17 r0f0: RuntimeError: CUDA error: out of memory
CUDA kernel errors might be asynchronously reported at some other API call, so the stacktrace below might be incorrect.
For debugging consider passing CUDA_LAUNCH_BLOCKING=1
Compile with `TORCH_USE_CUDA_DSA` to enable device-side assertions.

SKIP SDSS17 r0f1: RuntimeError: CUDA error: out of memory
CUDA kernel errors might be asynchronously reported at some other API call, so the stacktrace below might be incorrect.
For debugging consider passing CUDA_LAUNCH_BLOCKING=1
Compile with `TORCH_USE_CUDA_DSA` to enable device-side assertions.

SKIP SDSS17 r0f2: RuntimeError: CUDA error: out of memory
CUDA kernel errors might be asynchronously reported at some other API call, so the stacktrace below might be incorrect.
For debugging consider passing CUDA_LAUNCH_BLOCKING=1
Compile with `TORCH_USE_CUDA_DSA` to enable device-side assertions.

SKIP SDSS17 r1f0: RuntimeError: CUDA error: out of memory
CUDA kernel errors might be asynchronously reported at some other API call, so the stacktrace below might be incorrect.
For debugging consider passing CUDA_LAUNCH_BLOCKING=1
Compile with `TORCH_USE_CUDA_DSA` to enable device-side assertions.

SKIP SDSS17 r1f1: RuntimeError: CUDA error: out of memory
CUDA kernel errors might be asynchronously reported at some other API call, so the stacktrace below might be incorrect.
For debugging consider passing CUDA_LAUNCH_BLOCKING=1
Compile with `TORCH_USE_CUDA_DSA` to enable device-side assertions.

SKIP SDSS17 r1f2: RuntimeError: CUDA error: out of memory
CUDA kernel errors might be asynchronously reported at some other API call, so the stacktrace below might be incorrect.
For debugging consider passing CUDA_LAUNCH_BLOCKING=1
Compile with `TORCH_USE_CUDA_DSA` to enable device-side assertions.

SKIP SDSS17 r2f0: RuntimeError: CUDA error: out of memory
CUDA kernel errors might be asynchronously reported at some other API call, so the stacktrace below might be incorrect.
For debugging consider passing CUDA_LAUNCH_BLOCKING=1
Compile with `TORCH_USE_CUDA_DSA` to enable device-side assertions.

SKIP SDSS17 r2f1: RuntimeError: CUDA error: out of memory
CUDA kernel errors might be asynchronously reported at some other API call, so the stacktrace below might be incorrect.
For debugging consider passing CUDA_LAUNCH_BLOCKING=1
Compile with `TORCH_USE_CUDA_DSA` to enable device-side assertions.

SKIP SDSS17 r2f2: RuntimeError: CUDA error: out of memory
CUDA kernel errors might be asynchronously reported at some other API call, so the stacktrace below might be incorrect.
For debugging consider passing CUDA_LAUNCH_BLOCKING=1
Compile with `TORCH_USE_CUDA_DSA` to enable device-side assertions.

SKIP customer_satisfaction_in_airline r0f0: RuntimeError: CUDA error: out of memory
CUDA kernel errors might be asynchronously reported at some other API call, so the stacktrace below might be incorrect.
For debugging consider passing CUDA_LAUNCH_BLOCKING=1
Compile with `TORCH_USE_CUDA_DSA` to enable device-side assertions.

SKIP customer_satisfaction_in_airline r0f1: RuntimeError: CUDA error: out of memory
CUDA kernel errors might be asynchronously reported at some other API call, so the stacktrace below might be incorrect.
For debugging consider passing CUDA_LAUNCH_BLOCKING=1
Compile with `TORCH_USE_CUDA_DSA` to enable device-side assertions.

SKIP customer_satisfaction_in_airline r0f2: RuntimeError: CUDA error: out of memory
CUDA kernel errors might be asynchronously reported at some other API call, so the stacktrace below might be incorrect.
For debugging consider passing CUDA_LAUNCH_BLOCKING=1
Compile with `TORCH_USE_CUDA_DSA` to enable device-side assertions.

SKIP customer_satisfaction_in_airline r1f0: RuntimeError: CUDA error: out of memory
CUDA kernel errors might be asynchronously reported at some other API call, so the stacktrace below might be incorrect.
For debugging consider passing CUDA_LAUNCH_BLOCKING=1
Compile with `TORCH_USE_CUDA_DSA` to enable device-side assertions.

SKIP customer_satisfaction_in_airline r1f1: RuntimeError: CUDA error: out of memory
CUDA kernel errors might be asynchronously reported at some other API call, so the stacktrace below might be incorrect.
For debugging consider passing CUDA_LAUNCH_BLOCKING=1
Compile with `TORCH_USE_CUDA_DSA` to enable device-side assertions.

SKIP customer_satisfaction_in_airline r1f2: RuntimeError: CUDA error: out of memory
CUDA kernel errors might be asynchronously reported at some other API call, so the stacktrace below might be incorrect.
For debugging consider passing CUDA_LAUNCH_BLOCKING=1
Compile with `TORCH_USE_CUDA_DSA` to enable device-side assertions.

SKIP customer_satisfaction_in_airline r2f0: RuntimeError: CUDA error: out of memory
CUDA kernel errors might be asynchronously reported at some other API call, so the stacktrace below might be incorrect.
For debugging consider passing CUDA_LAUNCH_BLOCKING=1
Compile with `TORCH_USE_CUDA_DSA` to enable device-side assertions.

SKIP customer_satisfaction_in_airline r2f1: RuntimeError: CUDA error: out of memory
CUDA kernel errors might be asynchronously reported at some other API call, so the stacktrace below might be incorrect.
For debugging consider passing CUDA_LAUNCH_BLOCKING=1
Compile with `TORCH_USE_CUDA_DSA` to enable device-side assertions.

SKIP customer_satisfaction_in_airline r2f2: RuntimeError: CUDA error: out of memory
CUDA kernel errors might be asynchronously reported at some other API call, so the stacktrace below might be incorrect.
For debugging consider passing CUDA_LAUNCH_BLOCKING=1
Compile with `TORCH_USE_CUDA_DSA` to enable device-side assertions.

SKIP GiveMeSomeCredit r0f0: RuntimeError: CUDA error: out of memory
CUDA kernel errors might be asynchronously reported at some other API call, so the stacktrace below might be incorrect.
For debugging consider passing CUDA_LAUNCH_BLOCKING=1
Compile with `TORCH_USE_CUDA_DSA` to enable device-side assertions.

SKIP GiveMeSomeCredit r0f1: RuntimeError: CUDA error: out of memory
CUDA kernel errors might be asynchronously reported at some other API call, so the stacktrace below might be incorrect.
For debugging consider passing CUDA_LAUNCH_BLOCKING=1
Compile with `TORCH_USE_CUDA_DSA` to enable device-side assertions.

SKIP GiveMeSomeCredit r0f2: RuntimeError: CUDA error: out of memory
CUDA kernel errors might be asynchronously reported at some other API call, so the stacktrace below might be incorrect.
For debugging consider passing CUDA_LAUNCH_BLOCKING=1
Compile with `TORCH_USE_CUDA_DSA` to enable device-side assertions.

SKIP GiveMeSomeCredit r1f0: RuntimeError: CUDA error: out of memory
CUDA kernel errors might be asynchronously reported at some other API call, so the stacktrace below might be incorrect.
For debugging consider passing CUDA_LAUNCH_BLOCKING=1
Compile with `TORCH_USE_CUDA_DSA` to enable device-side assertions.

SKIP GiveMeSomeCredit r1f1: RuntimeError: CUDA error: out of memory
CUDA kernel errors might be asynchronously reported at some other API call, so the stacktrace below might be incorrect.
For debugging consider passing CUDA_LAUNCH_BLOCKING=1
Compile with `TORCH_USE_CUDA_DSA` to enable device-side assertions.

SKIP GiveMeSomeCredit r1f2: RuntimeError: CUDA error: out of memory
CUDA kernel errors might be asynchronously reported at some other API call, so the stacktrace below might be incorrect.
For debugging consider passing CUDA_LAUNCH_BLOCKING=1
Compile with `TORCH_USE_CUDA_DSA` to enable device-side assertions.

SKIP GiveMeSomeCredit r2f0: RuntimeError: CUDA error: out of memory
CUDA kernel errors might be asynchronously reported at some other API call, so the stacktrace below might be incorrect.
For debugging consider passing CUDA_LAUNCH_BLOCKING=1
Compile with `TORCH_USE_CUDA_DSA` to enable device-side assertions.

SKIP GiveMeSomeCredit r2f1: RuntimeError: CUDA error: out of memory
CUDA kernel errors might be asynchronously reported at some other API call, so the stacktrace below might be incorrect.
For debugging consider passing CUDA_LAUNCH_BLOCKING=1
Compile with `TORCH_USE_CUDA_DSA` to enable device-side assertions.

SKIP GiveMeSomeCredit r2f2: RuntimeError: CUDA error: out of memory
CUDA kernel errors might be asynchronously reported at some other API call, so the stacktrace below might be incorrect.
For debugging consider passing CUDA_LAUNCH_BLOCKING=1
Compile with `TORCH_USE_CUDA_DSA` to enable device-side assertions.

done 1221 rows -> C:\Users\iamsa\Documents\ISAB-r\phase1\experiments\h2-barnes-hut-tabiclv2\code\..\results\real_tabarena_results.csv
38 classification tasks, 594 total splits
resuming: 1221 rows already done
SKIP Bioresponse r0f0: RuntimeError: CPU memory allocation failed (CUDA error: out of memory
CUDA kernel errors might be asynchronously reported at some other API call, so the stacktrace below might be incorrect.
For debugging consider passing CUDA_LAUNCH_BLOCKING=1
Compile with `TORCH_USE_CUDA_DSA` to enable device-side assertions.
) and disk offload is not available. Please specify disk_offload_dir in the configuration to enable disk offloading, or reduce the output size (estimated: 13026MB).
SKIP Bioresponse r0f1: RuntimeError: CUDA error: out of memory
CUDA kernel errors might be asynchronously reported at some other API call, so the stacktrace below might be incorrect.
For debugging consider passing CUDA_LAUNCH_BLOCKING=1
Compile with `TORCH_USE_CUDA_DSA` to enable device-side assertions.

SKIP Bioresponse r0f2: RuntimeError: CPU memory allocation failed (CUDA error: out of memory
CUDA kernel errors might be asynchronously reported at some other API call, so the stacktrace below might be incorrect.
For debugging consider passing CUDA_LAUNCH_BLOCKING=1
Compile with `TORCH_USE_CUDA_DSA` to enable device-side assertions.
) and disk offload is not available. Please specify disk_offload_dir in the configuration to enable disk offloading, or reduce the output size (estimated: 13041MB).
SKIP Bioresponse r1f0: RuntimeError: CUDA error: out of memory
CUDA kernel errors might be asynchronously reported at some other API call, so the stacktrace below might be incorrect.
For debugging consider passing CUDA_LAUNCH_BLOCKING=1
Compile with `TORCH_USE_CUDA_DSA` to enable device-side assertions.

SKIP Bioresponse r1f1: RuntimeError: CPU memory allocation failed (CUDA error: out of memory
CUDA kernel errors might be asynchronously reported at some other API call, so the stacktrace below might be incorrect.
For debugging consider passing CUDA_LAUNCH_BLOCKING=1
Compile with `TORCH_USE_CUDA_DSA` to enable device-side assertions.
) and disk offload is not available. Please specify disk_offload_dir in the configuration to enable disk offloading, or reduce the output size (estimated: 13041MB).
SKIP Bioresponse r1f2: RuntimeError: CUDA error: out of memory
CUDA kernel errors might be asynchronously reported at some other API call, so the stacktrace below might be incorrect.
For debugging consider passing CUDA_LAUNCH_BLOCKING=1
Compile with `TORCH_USE_CUDA_DSA` to enable device-side assertions.

SKIP Bioresponse r2f0: RuntimeError: CPU memory allocation failed (CUDA error: out of memory
CUDA kernel errors might be asynchronously reported at some other API call, so the stacktrace below might be incorrect.
For debugging consider passing CUDA_LAUNCH_BLOCKING=1
Compile with `TORCH_USE_CUDA_DSA` to enable device-side assertions.
) and disk offload is not available. Please specify disk_offload_dir in the configuration to enable disk offloading, or reduce the output size (estimated: 13041MB).
SKIP Bioresponse r2f1: RuntimeError: CUDA error: out of memory
CUDA kernel errors might be asynchronously reported at some other API call, so the stacktrace below might be incorrect.
For debugging consider passing CUDA_LAUNCH_BLOCKING=1
Compile with `TORCH_USE_CUDA_DSA` to enable device-side assertions.

SKIP Bioresponse r2f2: RuntimeError: CPU memory allocation failed (CUDA error: out of memory
CUDA kernel errors might be asynchronously reported at some other API call, so the stacktrace below might be incorrect.
For debugging consider passing CUDA_LAUNCH_BLOCKING=1
Compile with `TORCH_USE_CUDA_DSA` to enable device-side assertions.
) and disk offload is not available. Please specify disk_offload_dir in the configuration to enable disk offloading, or reduce the output size (estimated: 13019MB).
SKIP hiva_agnostic r0f0: RuntimeError: CUDA error: out of memory
CUDA kernel errors might be asynchronously reported at some other API call, so the stacktrace below might be incorrect.
For debugging consider passing CUDA_LAUNCH_BLOCKING=1
Compile with `TORCH_USE_CUDA_DSA` to enable device-side assertions.

SKIP hiva_agnostic r0f1: RuntimeError: CPU memory allocation failed (CUDA error: out of memory
CUDA kernel errors might be asynchronously reported at some other API call, so the stacktrace below might be incorrect.
For debugging consider passing CUDA_LAUNCH_BLOCKING=1
Compile with `TORCH_USE_CUDA_DSA` to enable device-side assertions.
) and disk offload is not available. Please specify disk_offload_dir in the configuration to enable disk offloading, or reduce the output size (estimated: 12173MB).
SKIP hiva_agnostic r0f2: RuntimeError: CUDA error: out of memory
CUDA kernel errors might be asynchronously reported at some other API call, so the stacktrace below might be incorrect.
For debugging consider passing CUDA_LAUNCH_BLOCKING=1
Compile with `TORCH_USE_CUDA_DSA` to enable device-side assertions.

SKIP hiva_agnostic r1f0: RuntimeError: CPU memory allocation failed (CUDA error: out of memory
CUDA kernel errors might be asynchronously reported at some other API call, so the stacktrace below might be incorrect.
For debugging consider passing CUDA_LAUNCH_BLOCKING=1
Compile with `TORCH_USE_CUDA_DSA` to enable device-side assertions.
) and disk offload is not available. Please specify disk_offload_dir in the configuration to enable disk offloading, or reduce the output size (estimated: 12173MB).
SKIP hiva_agnostic r1f1: RuntimeError: CUDA error: out of memory
CUDA kernel errors might be asynchronously reported at some other API call, so the stacktrace below might be incorrect.
For debugging consider passing CUDA_LAUNCH_BLOCKING=1
Compile with `TORCH_USE_CUDA_DSA` to enable device-side assertions.

SKIP hiva_agnostic r1f2: RuntimeError: CPU memory allocation failed (CUDA error: out of memory
CUDA kernel errors might be asynchronously reported at some other API call, so the stacktrace below might be incorrect.
For debugging consider passing CUDA_LAUNCH_BLOCKING=1
Compile with `TORCH_USE_CUDA_DSA` to enable device-side assertions.
) and disk offload is not available. Please specify disk_offload_dir in the configuration to enable disk offloading, or reduce the output size (estimated: 12173MB).
SKIP hiva_agnostic r2f0: RuntimeError: CUDA error: out of memory
CUDA kernel errors might be asynchronously reported at some other API call, so the stacktrace below might be incorrect.
For debugging consider passing CUDA_LAUNCH_BLOCKING=1
Compile with `TORCH_USE_CUDA_DSA` to enable device-side assertions.

SKIP hiva_agnostic r2f1: RuntimeError: CPU memory allocation failed (CUDA error: out of memory
CUDA kernel errors might be asynchronously reported at some other API call, so the stacktrace below might be incorrect.
For debugging consider passing CUDA_LAUNCH_BLOCKING=1
Compile with `TORCH_USE_CUDA_DSA` to enable device-side assertions.
) and disk offload is not available. Please specify disk_offload_dir in the configuration to enable disk offloading, or reduce the output size (estimated: 12173MB).
SKIP hiva_agnostic r2f2: RuntimeError: CUDA error: out of memory
CUDA kernel errors might be asynchronously reported at some other API call, so the stacktrace below might be incorrect.
For debugging consider passing CUDA_LAUNCH_BLOCKING=1
Compile with `TORCH_USE_CUDA_DSA` to enable device-side assertions.

SKIP taiwanese_bankruptcy_prediction r0f0: OutOfMemoryError: CUDA out of memory. Tried to allocate 1.88 GiB. GPU 0 has a total capacity of 4.00 GiB of which 0 bytes is free. Of the allocated memory 6.79 GiB is allocated by PyTorch, and 3.07 GiB is reserved by PyTorch but unallocated. If reserved but unallocated memory is large try setting PYTORCH_CUDA_ALLOC_CONF=expandable_segments:True to avoid fragmentation.  See documentation for Memory Management  (https://pytorch.org/docs/stable/notes/cuda.html#environment-variables)
SKIP taiwanese_bankruptcy_prediction r0f1: RuntimeError: CUDA error: out of memory
CUDA kernel errors might be asynchronously reported at some other API call, so the stacktrace below might be incorrect.
For debugging consider passing CUDA_LAUNCH_BLOCKING=1
Compile with `TORCH_USE_CUDA_DSA` to enable device-side assertions.

SKIP taiwanese_bankruptcy_prediction r0f2: RuntimeError: CUDA error: out of memory
CUDA kernel errors might be asynchronously reported at some other API call, so the stacktrace below might be incorrect.
For debugging consider passing CUDA_LAUNCH_BLOCKING=1
Compile with `TORCH_USE_CUDA_DSA` to enable device-side assertions.

SKIP taiwanese_bankruptcy_prediction r1f0: RuntimeError: CUDA error: out of memory
CUDA kernel errors might be asynchronously reported at some other API call, so the stacktrace below might be incorrect.
For debugging consider passing CUDA_LAUNCH_BLOCKING=1
Compile with `TORCH_USE_CUDA_DSA` to enable device-side assertions.

SKIP taiwanese_bankruptcy_prediction r1f1: RuntimeError: CUDA error: out of memory
CUDA kernel errors might be asynchronously reported at some other API call, so the stacktrace below might be incorrect.
For debugging consider passing CUDA_LAUNCH_BLOCKING=1
Compile with `TORCH_USE_CUDA_DSA` to enable device-side assertions.

SKIP taiwanese_bankruptcy_prediction r1f2: RuntimeError: CUDA error: out of memory
CUDA kernel errors might be asynchronously reported at some other API call, so the stacktrace below might be incorrect.
For debugging consider passing CUDA_LAUNCH_BLOCKING=1
Compile with `TORCH_USE_CUDA_DSA` to enable device-side assertions.

SKIP taiwanese_bankruptcy_prediction r2f0: RuntimeError: CUDA error: out of memory
CUDA kernel errors might be asynchronously reported at some other API call, so the stacktrace below might be incorrect.
For debugging consider passing CUDA_LAUNCH_BLOCKING=1
Compile with `TORCH_USE_CUDA_DSA` to enable device-side assertions.

SKIP taiwanese_bankruptcy_prediction r2f1: RuntimeError: CUDA error: out of memory
CUDA kernel errors might be asynchronously reported at some other API call, so the stacktrace below might be incorrect.
For debugging consider passing CUDA_LAUNCH_BLOCKING=1
Compile with `TORCH_USE_CUDA_DSA` to enable device-side assertions.

SKIP taiwanese_bankruptcy_prediction r2f2: RuntimeError: CUDA error: out of memory
CUDA kernel errors might be asynchronously reported at some other API call, so the stacktrace below might be incorrect.
For debugging consider passing CUDA_LAUNCH_BLOCKING=1
Compile with `TORCH_USE_CUDA_DSA` to enable device-side assertions.

SKIP NATICUSdroid r0f0: RuntimeError: CUDA error: out of memory
CUDA kernel errors might be asynchronously reported at some other API call, so the stacktrace below might be incorrect.
For debugging consider passing CUDA_LAUNCH_BLOCKING=1
Compile with `TORCH_USE_CUDA_DSA` to enable device-side assertions.

SKIP NATICUSdroid r0f1: RuntimeError: CUDA error: out of memory
CUDA kernel errors might be asynchronously reported at some other API call, so the stacktrace below might be incorrect.
For debugging consider passing CUDA_LAUNCH_BLOCKING=1
Compile with `TORCH_USE_CUDA_DSA` to enable device-side assertions.

SKIP NATICUSdroid r0f2: RuntimeError: CUDA error: out of memory
CUDA kernel errors might be asynchronously reported at some other API call, so the stacktrace below might be incorrect.
For debugging consider passing CUDA_LAUNCH_BLOCKING=1
Compile with `TORCH_USE_CUDA_DSA` to enable device-side assertions.

SKIP NATICUSdroid r1f0: RuntimeError: CUDA error: out of memory
CUDA kernel errors might be asynchronously reported at some other API call, so the stacktrace below might be incorrect.
For debugging consider passing CUDA_LAUNCH_BLOCKING=1
Compile with `TORCH_USE_CUDA_DSA` to enable device-side assertions.

SKIP NATICUSdroid r1f1: RuntimeError: CUDA error: out of memory
CUDA kernel errors might be asynchronously reported at some other API call, so the stacktrace below might be incorrect.
For debugging consider passing CUDA_LAUNCH_BLOCKING=1
Compile with `TORCH_USE_CUDA_DSA` to enable device-side assertions.

SKIP NATICUSdroid r1f2: RuntimeError: CUDA error: out of memory
CUDA kernel errors might be asynchronously reported at some other API call, so the stacktrace below might be incorrect.
For debugging consider passing CUDA_LAUNCH_BLOCKING=1
Compile with `TORCH_USE_CUDA_DSA` to enable device-side assertions.

SKIP NATICUSdroid r2f0: RuntimeError: CUDA error: out of memory
CUDA kernel errors might be asynchronously reported at some other API call, so the stacktrace below might be incorrect.
For debugging consider passing CUDA_LAUNCH_BLOCKING=1
Compile with `TORCH_USE_CUDA_DSA` to enable device-side assertions.

SKIP NATICUSdroid r2f1: RuntimeError: CUDA error: out of memory
CUDA kernel errors might be asynchronously reported at some other API call, so the stacktrace below might be incorrect.
For debugging consider passing CUDA_LAUNCH_BLOCKING=1
Compile with `TORCH_USE_CUDA_DSA` to enable device-side assertions.

SKIP NATICUSdroid r2f2: RuntimeError: CUDA error: out of memory
CUDA kernel errors might be asynchronously reported at some other API call, so the stacktrace below might be incorrect.
For debugging consider passing CUDA_LAUNCH_BLOCKING=1
Compile with `TORCH_USE_CUDA_DSA` to enable device-side assertions.

SKIP coil2000_insurance_policies r0f0: RuntimeError: CUDA error: out of memory
CUDA kernel errors might be asynchronously reported at some other API call, so the stacktrace below might be incorrect.
For debugging consider passing CUDA_LAUNCH_BLOCKING=1
Compile with `TORCH_USE_CUDA_DSA` to enable device-side assertions.

SKIP coil2000_insurance_policies r0f1: RuntimeError: CUDA error: out of memory
CUDA kernel errors might be asynchronously reported at some other API call, so the stacktrace below might be incorrect.
For debugging consider passing CUDA_LAUNCH_BLOCKING=1
Compile with `TORCH_USE_CUDA_DSA` to enable device-side assertions.

SKIP coil2000_insurance_policies r0f2: RuntimeError: CUDA error: out of memory
CUDA kernel errors might be asynchronously reported at some other API call, so the stacktrace below might be incorrect.
For debugging consider passing CUDA_LAUNCH_BLOCKING=1
Compile with `TORCH_USE_CUDA_DSA` to enable device-side assertions.

SKIP coil2000_insurance_policies r1f0: RuntimeError: CUDA error: out of memory
CUDA kernel errors might be asynchronously reported at some other API call, so the stacktrace below might be incorrect.
For debugging consider passing CUDA_LAUNCH_BLOCKING=1
Compile with `TORCH_USE_CUDA_DSA` to enable device-side assertions.

SKIP coil2000_insurance_policies r1f1: RuntimeError: CUDA error: out of memory
CUDA kernel errors might be asynchronously reported at some other API call, so the stacktrace below might be incorrect.
For debugging consider passing CUDA_LAUNCH_BLOCKING=1
Compile with `TORCH_USE_CUDA_DSA` to enable device-side assertions.

SKIP coil2000_insurance_policies r1f2: RuntimeError: CUDA error: out of memory
CUDA kernel errors might be asynchronously reported at some other API call, so the stacktrace below might be incorrect.
For debugging consider passing CUDA_LAUNCH_BLOCKING=1
Compile with `TORCH_USE_CUDA_DSA` to enable device-side assertions.

SKIP coil2000_insurance_policies r2f0: RuntimeError: CUDA error: out of memory
CUDA kernel errors might be asynchronously reported at some other API call, so the stacktrace below might be incorrect.
For debugging consider passing CUDA_LAUNCH_BLOCKING=1
Compile with `TORCH_USE_CUDA_DSA` to enable device-side assertions.

SKIP coil2000_insurance_policies r2f1: RuntimeError: CUDA error: out of memory
CUDA kernel errors might be asynchronously reported at some other API call, so the stacktrace below might be incorrect.
For debugging consider passing CUDA_LAUNCH_BLOCKING=1
Compile with `TORCH_USE_CUDA_DSA` to enable device-side assertions.

SKIP coil2000_insurance_policies r2f2: RuntimeError: CUDA error: out of memory
CUDA kernel errors might be asynchronously reported at some other API call, so the stacktrace below might be incorrect.
For debugging consider passing CUDA_LAUNCH_BLOCKING=1
Compile with `TORCH_USE_CUDA_DSA` to enable device-side assertions.

SKIP Bank_Customer_Churn r0f0: RuntimeError: CUDA error: out of memory
CUDA kernel errors might be asynchronously reported at some other API call, so the stacktrace below might be incorrect.
For debugging consider passing CUDA_LAUNCH_BLOCKING=1
Compile with `TORCH_USE_CUDA_DSA` to enable device-side assertions.

SKIP Bank_Customer_Churn r0f1: RuntimeError: CUDA error: out of memory
CUDA kernel errors might be asynchronously reported at some other API call, so the stacktrace below might be incorrect.
For debugging consider passing CUDA_LAUNCH_BLOCKING=1
Compile with `TORCH_USE_CUDA_DSA` to enable device-side assertions.

SKIP Bank_Customer_Churn r0f2: RuntimeError: CUDA error: out of memory
CUDA kernel errors might be asynchronously reported at some other API call, so the stacktrace below might be incorrect.
For debugging consider passing CUDA_LAUNCH_BLOCKING=1
Compile with `TORCH_USE_CUDA_DSA` to enable device-side assertions.

SKIP Bank_Customer_Churn r1f0: RuntimeError: CUDA error: out of memory
CUDA kernel errors might be asynchronously reported at some other API call, so the stacktrace below might be incorrect.
For debugging consider passing CUDA_LAUNCH_BLOCKING=1
Compile with `TORCH_USE_CUDA_DSA` to enable device-side assertions.

SKIP Bank_Customer_Churn r1f1: RuntimeError: CUDA error: out of memory
CUDA kernel errors might be asynchronously reported at some other API call, so the stacktrace below might be incorrect.
For debugging consider passing CUDA_LAUNCH_BLOCKING=1
Compile with `TORCH_USE_CUDA_DSA` to enable device-side assertions.

SKIP Bank_Customer_Churn r1f2: RuntimeError: CUDA error: out of memory
CUDA kernel errors might be asynchronously reported at some other API call, so the stacktrace below might be incorrect.
For debugging consider passing CUDA_LAUNCH_BLOCKING=1
Compile with `TORCH_USE_CUDA_DSA` to enable device-side assertions.

SKIP Bank_Customer_Churn r2f0: RuntimeError: CUDA error: out of memory
CUDA kernel errors might be asynchronously reported at some other API call, so the stacktrace below might be incorrect.
For debugging consider passing CUDA_LAUNCH_BLOCKING=1
Compile with `TORCH_USE_CUDA_DSA` to enable device-side assertions.

SKIP Bank_Customer_Churn r2f1: RuntimeError: CUDA error: out of memory
CUDA kernel errors might be asynchronously reported at some other API call, so the stacktrace below might be incorrect.
For debugging consider passing CUDA_LAUNCH_BLOCKING=1
Compile with `TORCH_USE_CUDA_DSA` to enable device-side assertions.

SKIP Bank_Customer_Churn r2f2: RuntimeError: CUDA error: out of memory
CUDA kernel errors might be asynchronously reported at some other API call, so the stacktrace below might be incorrect.
For debugging consider passing CUDA_LAUNCH_BLOCKING=1
Compile with `TORCH_USE_CUDA_DSA` to enable device-side assertions.

SKIP heloc r0f0: RuntimeError: CUDA error: out of memory
CUDA kernel errors might be asynchronously reported at some other API call, so the stacktrace below might be incorrect.
For debugging consider passing CUDA_LAUNCH_BLOCKING=1
Compile with `TORCH_USE_CUDA_DSA` to enable device-side assertions.

SKIP heloc r0f1: RuntimeError: CUDA error: out of memory
CUDA kernel errors might be asynchronously reported at some other API call, so the stacktrace below might be incorrect.
For debugging consider passing CUDA_LAUNCH_BLOCKING=1
Compile with `TORCH_USE_CUDA_DSA` to enable device-side assertions.

SKIP heloc r0f2: RuntimeError: CUDA error: out of memory
CUDA kernel errors might be asynchronously reported at some other API call, so the stacktrace below might be incorrect.
For debugging consider passing CUDA_LAUNCH_BLOCKING=1
Compile with `TORCH_USE_CUDA_DSA` to enable device-side assertions.

SKIP heloc r1f0: RuntimeError: CUDA error: out of memory
CUDA kernel errors might be asynchronously reported at some other API call, so the stacktrace below might be incorrect.
For debugging consider passing CUDA_LAUNCH_BLOCKING=1
Compile with `TORCH_USE_CUDA_DSA` to enable device-side assertions.

SKIP heloc r1f1: RuntimeError: CUDA error: out of memory
CUDA kernel errors might be asynchronously reported at some other API call, so the stacktrace below might be incorrect.
For debugging consider passing CUDA_LAUNCH_BLOCKING=1
Compile with `TORCH_USE_CUDA_DSA` to enable device-side assertions.

SKIP heloc r1f2: RuntimeError: CUDA error: out of memory
CUDA kernel errors might be asynchronously reported at some other API call, so the stacktrace below might be incorrect.
For debugging consider passing CUDA_LAUNCH_BLOCKING=1
Compile with `TORCH_USE_CUDA_DSA` to enable device-side assertions.

SKIP heloc r2f0: RuntimeError: CUDA error: out of memory
CUDA kernel errors might be asynchronously reported at some other API call, so the stacktrace below might be incorrect.
For debugging consider passing CUDA_LAUNCH_BLOCKING=1
Compile with `TORCH_USE_CUDA_DSA` to enable device-side assertions.

SKIP heloc r2f1: RuntimeError: CUDA error: out of memory
CUDA kernel errors might be asynchronously reported at some other API call, so the stacktrace below might be incorrect.
For debugging consider passing CUDA_LAUNCH_BLOCKING=1
Compile with `TORCH_USE_CUDA_DSA` to enable device-side assertions.

SKIP heloc r2f2: RuntimeError: CUDA error: out of memory
CUDA kernel errors might be asynchronously reported at some other API call, so the stacktrace below might be incorrect.
For debugging consider passing CUDA_LAUNCH_BLOCKING=1
Compile with `TORCH_USE_CUDA_DSA` to enable device-side assertions.

SKIP jm1 r0f0: RuntimeError: CUDA error: out of memory
CUDA kernel errors might be asynchronously reported at some other API call, so the stacktrace below might be incorrect.
For debugging consider passing CUDA_LAUNCH_BLOCKING=1
Compile with `TORCH_USE_CUDA_DSA` to enable device-side assertions.

SKIP jm1 r0f1: RuntimeError: CUDA error: out of memory
CUDA kernel errors might be asynchronously reported at some other API call, so the stacktrace below might be incorrect.
For debugging consider passing CUDA_LAUNCH_BLOCKING=1
Compile with `TORCH_USE_CUDA_DSA` to enable device-side assertions.

SKIP jm1 r0f2: RuntimeError: CUDA error: out of memory
CUDA kernel errors might be asynchronously reported at some other API call, so the stacktrace below might be incorrect.
For debugging consider passing CUDA_LAUNCH_BLOCKING=1
Compile with `TORCH_USE_CUDA_DSA` to enable device-side assertions.

SKIP jm1 r1f0: RuntimeError: CUDA error: out of memory
CUDA kernel errors might be asynchronously reported at some other API call, so the stacktrace below might be incorrect.
For debugging consider passing CUDA_LAUNCH_BLOCKING=1
Compile with `TORCH_USE_CUDA_DSA` to enable device-side assertions.

SKIP jm1 r1f1: RuntimeError: CUDA error: out of memory
CUDA kernel errors might be asynchronously reported at some other API call, so the stacktrace below might be incorrect.
For debugging consider passing CUDA_LAUNCH_BLOCKING=1
Compile with `TORCH_USE_CUDA_DSA` to enable device-side assertions.

SKIP jm1 r1f2: RuntimeError: CUDA error: out of memory
CUDA kernel errors might be asynchronously reported at some other API call, so the stacktrace below might be incorrect.
For debugging consider passing CUDA_LAUNCH_BLOCKING=1
Compile with `TORCH_USE_CUDA_DSA` to enable device-side assertions.

SKIP jm1 r2f0: RuntimeError: CUDA error: out of memory
CUDA kernel errors might be asynchronously reported at some other API call, so the stacktrace below might be incorrect.
For debugging consider passing CUDA_LAUNCH_BLOCKING=1
Compile with `TORCH_USE_CUDA_DSA` to enable device-side assertions.

SKIP jm1 r2f1: RuntimeError: CUDA error: out of memory
CUDA kernel errors might be asynchronously reported at some other API call, so the stacktrace below might be incorrect.
For debugging consider passing CUDA_LAUNCH_BLOCKING=1
Compile with `TORCH_USE_CUDA_DSA` to enable device-side assertions.

SKIP jm1 r2f2: RuntimeError: CUDA error: out of memory
CUDA kernel errors might be asynchronously reported at some other API call, so the stacktrace below might be incorrect.
For debugging consider passing CUDA_LAUNCH_BLOCKING=1
Compile with `TORCH_USE_CUDA_DSA` to enable device-side assertions.

SKIP E-CommereShippingData r0f0: RuntimeError: CUDA error: out of memory
CUDA kernel errors might be asynchronously reported at some other API call, so the stacktrace below might be incorrect.
For debugging consider passing CUDA_LAUNCH_BLOCKING=1
Compile with `TORCH_USE_CUDA_DSA` to enable device-side assertions.

SKIP E-CommereShippingData r0f1: RuntimeError: CUDA error: out of memory
CUDA kernel errors might be asynchronously reported at some other API call, so the stacktrace below might be incorrect.
For debugging consider passing CUDA_LAUNCH_BLOCKING=1
Compile with `TORCH_USE_CUDA_DSA` to enable device-side assertions.

SKIP E-CommereShippingData r0f2: RuntimeError: CUDA error: out of memory
CUDA kernel errors might be asynchronously reported at some other API call, so the stacktrace below might be incorrect.
For debugging consider passing CUDA_LAUNCH_BLOCKING=1
Compile with `TORCH_USE_CUDA_DSA` to enable device-side assertions.

SKIP E-CommereShippingData r1f0: RuntimeError: CUDA error: out of memory
CUDA kernel errors might be asynchronously reported at some other API call, so the stacktrace below might be incorrect.
For debugging consider passing CUDA_LAUNCH_BLOCKING=1
Compile with `TORCH_USE_CUDA_DSA` to enable device-side assertions.

SKIP E-CommereShippingData r1f1: RuntimeError: CUDA error: out of memory
CUDA kernel errors might be asynchronously reported at some other API call, so the stacktrace below might be incorrect.
For debugging consider passing CUDA_LAUNCH_BLOCKING=1
Compile with `TORCH_USE_CUDA_DSA` to enable device-side assertions.

SKIP E-CommereShippingData r1f2: RuntimeError: CUDA error: out of memory
CUDA kernel errors might be asynchronously reported at some other API call, so the stacktrace below might be incorrect.
For debugging consider passing CUDA_LAUNCH_BLOCKING=1
Compile with `TORCH_USE_CUDA_DSA` to enable device-side assertions.

SKIP E-CommereShippingData r2f0: RuntimeError: CUDA error: out of memory
CUDA kernel errors might be asynchronously reported at some other API call, so the stacktrace below might be incorrect.
For debugging consider passing CUDA_LAUNCH_BLOCKING=1
Compile with `TORCH_USE_CUDA_DSA` to enable device-side assertions.

SKIP E-CommereShippingData r2f1: RuntimeError: CUDA error: out of memory
CUDA kernel errors might be asynchronously reported at some other API call, so the stacktrace below might be incorrect.
For debugging consider passing CUDA_LAUNCH_BLOCKING=1
Compile with `TORCH_USE_CUDA_DSA` to enable device-side assertions.

SKIP E-CommereShippingData r2f2: RuntimeError: CUDA error: out of memory
CUDA kernel errors might be asynchronously reported at some other API call, so the stacktrace below might be incorrect.
For debugging consider passing CUDA_LAUNCH_BLOCKING=1
Compile with `TORCH_USE_CUDA_DSA` to enable device-side assertions.

SKIP online_shoppers_intention r0f0: RuntimeError: CUDA error: out of memory
CUDA kernel errors might be asynchronously reported at some other API call, so the stacktrace below might be incorrect.
For debugging consider passing CUDA_LAUNCH_BLOCKING=1
Compile with `TORCH_USE_CUDA_DSA` to enable device-side assertions.

SKIP online_shoppers_intention r0f1: RuntimeError: CUDA error: out of memory
CUDA kernel errors might be asynchronously reported at some other API call, so the stacktrace below might be incorrect.
For debugging consider passing CUDA_LAUNCH_BLOCKING=1
Compile with `TORCH_USE_CUDA_DSA` to enable device-side assertions.

SKIP online_shoppers_intention r0f2: RuntimeError: CUDA error: out of memory
CUDA kernel errors might be asynchronously reported at some other API call, so the stacktrace below might be incorrect.
For debugging consider passing CUDA_LAUNCH_BLOCKING=1
Compile with `TORCH_USE_CUDA_DSA` to enable device-side assertions.

SKIP online_shoppers_intention r1f0: RuntimeError: CUDA error: out of memory
CUDA kernel errors might be asynchronously reported at some other API call, so the stacktrace below might be incorrect.
For debugging consider passing CUDA_LAUNCH_BLOCKING=1
Compile with `TORCH_USE_CUDA_DSA` to enable device-side assertions.

SKIP online_shoppers_intention r1f1: RuntimeError: CUDA error: out of memory
CUDA kernel errors might be asynchronously reported at some other API call, so the stacktrace below might be incorrect.
For debugging consider passing CUDA_LAUNCH_BLOCKING=1
Compile with `TORCH_USE_CUDA_DSA` to enable device-side assertions.

SKIP online_shoppers_intention r1f2: RuntimeError: CUDA error: out of memory
CUDA kernel errors might be asynchronously reported at some other API call, so the stacktrace below might be incorrect.
For debugging consider passing CUDA_LAUNCH_BLOCKING=1
Compile with `TORCH_USE_CUDA_DSA` to enable device-side assertions.

SKIP online_shoppers_intention r2f0: RuntimeError: CUDA error: out of memory
CUDA kernel errors might be asynchronously reported at some other API call, so the stacktrace below might be incorrect.
For debugging consider passing CUDA_LAUNCH_BLOCKING=1
Compile with `TORCH_USE_CUDA_DSA` to enable device-side assertions.

SKIP online_shoppers_intention r2f1: RuntimeError: CUDA error: out of memory
CUDA kernel errors might be asynchronously reported at some other API call, so the stacktrace below might be incorrect.
For debugging consider passing CUDA_LAUNCH_BLOCKING=1
Compile with `TORCH_USE_CUDA_DSA` to enable device-side assertions.

SKIP online_shoppers_intention r2f2: RuntimeError: CUDA error: out of memory
CUDA kernel errors might be asynchronously reported at some other API call, so the stacktrace below might be incorrect.
For debugging consider passing CUDA_LAUNCH_BLOCKING=1
Compile with `TORCH_USE_CUDA_DSA` to enable device-side assertions.

SKIP in_vehicle_coupon_recommendation r0f0: RuntimeError: CUDA error: out of memory
CUDA kernel errors might be asynchronously reported at some other API call, so the stacktrace below might be incorrect.
For debugging consider passing CUDA_LAUNCH_BLOCKING=1
Compile with `TORCH_USE_CUDA_DSA` to enable device-side assertions.

SKIP in_vehicle_coupon_recommendation r0f1: RuntimeError: CUDA error: out of memory
CUDA kernel errors might be asynchronously reported at some other API call, so the stacktrace below might be incorrect.
For debugging consider passing CUDA_LAUNCH_BLOCKING=1
Compile with `TORCH_USE_CUDA_DSA` to enable device-side assertions.

SKIP in_vehicle_coupon_recommendation r0f2: RuntimeError: CUDA error: out of memory
CUDA kernel errors might be asynchronously reported at some other API call, so the stacktrace below might be incorrect.
For debugging consider passing CUDA_LAUNCH_BLOCKING=1
Compile with `TORCH_USE_CUDA_DSA` to enable device-side assertions.

SKIP in_vehicle_coupon_recommendation r1f0: RuntimeError: CUDA error: out of memory
CUDA kernel errors might be asynchronously reported at some other API call, so the stacktrace below might be incorrect.
For debugging consider passing CUDA_LAUNCH_BLOCKING=1
Compile with `TORCH_USE_CUDA_DSA` to enable device-side assertions.

SKIP in_vehicle_coupon_recommendation r1f1: RuntimeError: CUDA error: out of memory
CUDA kernel errors might be asynchronously reported at some other API call, so the stacktrace below might be incorrect.
For debugging consider passing CUDA_LAUNCH_BLOCKING=1
Compile with `TORCH_USE_CUDA_DSA` to enable device-side assertions.

SKIP in_vehicle_coupon_recommendation r1f2: RuntimeError: CUDA error: out of memory
CUDA kernel errors might be asynchronously reported at some other API call, so the stacktrace below might be incorrect.
For debugging consider passing CUDA_LAUNCH_BLOCKING=1
Compile with `TORCH_USE_CUDA_DSA` to enable device-side assertions.

SKIP in_vehicle_coupon_recommendation r2f0: RuntimeError: CUDA error: out of memory
CUDA kernel errors might be asynchronously reported at some other API call, so the stacktrace below might be incorrect.
For debugging consider passing CUDA_LAUNCH_BLOCKING=1
Compile with `TORCH_USE_CUDA_DSA` to enable device-side assertions.

SKIP in_vehicle_coupon_recommendation r2f1: RuntimeError: CUDA error: out of memory
CUDA kernel errors might be asynchronously reported at some other API call, so the stacktrace below might be incorrect.
For debugging consider passing CUDA_LAUNCH_BLOCKING=1
Compile with `TORCH_USE_CUDA_DSA` to enable device-side assertions.

SKIP in_vehicle_coupon_recommendation r2f2: RuntimeError: CUDA error: out of memory
CUDA kernel errors might be asynchronously reported at some other API call, so the stacktrace below might be incorrect.
For debugging consider passing CUDA_LAUNCH_BLOCKING=1
Compile with `TORCH_USE_CUDA_DSA` to enable device-side assertions.

SKIP HR_Analytics_Job_Change_of_Data_Scientists r0f0: RuntimeError: CUDA error: out of memory
CUDA kernel errors might be asynchronously reported at some other API call, so the stacktrace below might be incorrect.
For debugging consider passing CUDA_LAUNCH_BLOCKING=1
Compile with `TORCH_USE_CUDA_DSA` to enable device-side assertions.

SKIP HR_Analytics_Job_Change_of_Data_Scientists r0f1: RuntimeError: CUDA error: out of memory
CUDA kernel errors might be asynchronously reported at some other API call, so the stacktrace below might be incorrect.
For debugging consider passing CUDA_LAUNCH_BLOCKING=1
Compile with `TORCH_USE_CUDA_DSA` to enable device-side assertions.

SKIP HR_Analytics_Job_Change_of_Data_Scientists r0f2: RuntimeError: CUDA error: out of memory
CUDA kernel errors might be asynchronously reported at some other API call, so the stacktrace below might be incorrect.
For debugging consider passing CUDA_LAUNCH_BLOCKING=1
Compile with `TORCH_USE_CUDA_DSA` to enable device-side assertions.

SKIP HR_Analytics_Job_Change_of_Data_Scientists r1f0: RuntimeError: CUDA error: out of memory
CUDA kernel errors might be asynchronously reported at some other API call, so the stacktrace below might be incorrect.
For debugging consider passing CUDA_LAUNCH_BLOCKING=1
Compile with `TORCH_USE_CUDA_DSA` to enable device-side assertions.

SKIP HR_Analytics_Job_Change_of_Data_Scientists r1f1: RuntimeError: CUDA error: out of memory
CUDA kernel errors might be asynchronously reported at some other API call, so the stacktrace below might be incorrect.
For debugging consider passing CUDA_LAUNCH_BLOCKING=1
Compile with `TORCH_USE_CUDA_DSA` to enable device-side assertions.

SKIP HR_Analytics_Job_Change_of_Data_Scientists r1f2: RuntimeError: CUDA error: out of memory
CUDA kernel errors might be asynchronously reported at some other API call, so the stacktrace below might be incorrect.
For debugging consider passing CUDA_LAUNCH_BLOCKING=1
Compile with `TORCH_USE_CUDA_DSA` to enable device-side assertions.

SKIP HR_Analytics_Job_Change_of_Data_Scientists r2f0: RuntimeError: CUDA error: out of memory
CUDA kernel errors might be asynchronously reported at some other API call, so the stacktrace below might be incorrect.
For debugging consider passing CUDA_LAUNCH_BLOCKING=1
Compile with `TORCH_USE_CUDA_DSA` to enable device-side assertions.

SKIP HR_Analytics_Job_Change_of_Data_Scientists r2f1: RuntimeError: CUDA error: out of memory
CUDA kernel errors might be asynchronously reported at some other API call, so the stacktrace below might be incorrect.
For debugging consider passing CUDA_LAUNCH_BLOCKING=1
Compile with `TORCH_USE_CUDA_DSA` to enable device-side assertions.

SKIP HR_Analytics_Job_Change_of_Data_Scientists r2f2: RuntimeError: CUDA error: out of memory
CUDA kernel errors might be asynchronously reported at some other API call, so the stacktrace below might be incorrect.
For debugging consider passing CUDA_LAUNCH_BLOCKING=1
Compile with `TORCH_USE_CUDA_DSA` to enable device-side assertions.

SKIP credit_card_clients_default r0f0: RuntimeError: CUDA error: out of memory
CUDA kernel errors might be asynchronously reported at some other API call, so the stacktrace below might be incorrect.
For debugging consider passing CUDA_LAUNCH_BLOCKING=1
Compile with `TORCH_USE_CUDA_DSA` to enable device-side assertions.

SKIP credit_card_clients_default r0f1: RuntimeError: CUDA error: out of memory
CUDA kernel errors might be asynchronously reported at some other API call, so the stacktrace below might be incorrect.
For debugging consider passing CUDA_LAUNCH_BLOCKING=1
Compile with `TORCH_USE_CUDA_DSA` to enable device-side assertions.

SKIP credit_card_clients_default r0f2: RuntimeError: CUDA error: out of memory
CUDA kernel errors might be asynchronously reported at some other API call, so the stacktrace below might be incorrect.
For debugging consider passing CUDA_LAUNCH_BLOCKING=1
Compile with `TORCH_USE_CUDA_DSA` to enable device-side assertions.

SKIP credit_card_clients_default r1f0: RuntimeError: CUDA error: out of memory
CUDA kernel errors might be asynchronously reported at some other API call, so the stacktrace below might be incorrect.
For debugging consider passing CUDA_LAUNCH_BLOCKING=1
Compile with `TORCH_USE_CUDA_DSA` to enable device-side assertions.

SKIP credit_card_clients_default r1f1: RuntimeError: CUDA error: out of memory
CUDA kernel errors might be asynchronously reported at some other API call, so the stacktrace below might be incorrect.
For debugging consider passing CUDA_LAUNCH_BLOCKING=1
Compile with `TORCH_USE_CUDA_DSA` to enable device-side assertions.

SKIP credit_card_clients_default r1f2: RuntimeError: CUDA error: out of memory
CUDA kernel errors might be asynchronously reported at some other API call, so the stacktrace below might be incorrect.
For debugging consider passing CUDA_LAUNCH_BLOCKING=1
Compile with `TORCH_USE_CUDA_DSA` to enable device-side assertions.

SKIP credit_card_clients_default r2f0: RuntimeError: CUDA error: out of memory
CUDA kernel errors might be asynchronously reported at some other API call, so the stacktrace below might be incorrect.
For debugging consider passing CUDA_LAUNCH_BLOCKING=1
Compile with `TORCH_USE_CUDA_DSA` to enable device-side assertions.

SKIP credit_card_clients_default r2f1: RuntimeError: CUDA error: out of memory
CUDA kernel errors might be asynchronously reported at some other API call, so the stacktrace below might be incorrect.
For debugging consider passing CUDA_LAUNCH_BLOCKING=1
Compile with `TORCH_USE_CUDA_DSA` to enable device-side assertions.

SKIP credit_card_clients_default r2f2: RuntimeError: CUDA error: out of memory
CUDA kernel errors might be asynchronously reported at some other API call, so the stacktrace below might be incorrect.
For debugging consider passing CUDA_LAUNCH_BLOCKING=1
Compile with `TORCH_USE_CUDA_DSA` to enable device-side assertions.

SKIP Amazon_employee_access r0f0: RuntimeError: CUDA error: out of memory
CUDA kernel errors might be asynchronously reported at some other API call, so the stacktrace below might be incorrect.
For debugging consider passing CUDA_LAUNCH_BLOCKING=1
Compile with `TORCH_USE_CUDA_DSA` to enable device-side assertions.

SKIP Amazon_employee_access r0f1: RuntimeError: CUDA error: out of memory
CUDA kernel errors might be asynchronously reported at some other API call, so the stacktrace below might be incorrect.
For debugging consider passing CUDA_LAUNCH_BLOCKING=1
Compile with `TORCH_USE_CUDA_DSA` to enable device-side assertions.

SKIP Amazon_employee_access r0f2: RuntimeError: CUDA error: out of memory
CUDA kernel errors might be asynchronously reported at some other API call, so the stacktrace below might be incorrect.
For debugging consider passing CUDA_LAUNCH_BLOCKING=1
Compile with `TORCH_USE_CUDA_DSA` to enable device-side assertions.

SKIP Amazon_employee_access r1f0: RuntimeError: CUDA error: out of memory
CUDA kernel errors might be asynchronously reported at some other API call, so the stacktrace below might be incorrect.
For debugging consider passing CUDA_LAUNCH_BLOCKING=1
Compile with `TORCH_USE_CUDA_DSA` to enable device-side assertions.

SKIP Amazon_employee_access r1f1: RuntimeError: CUDA error: out of memory
CUDA kernel errors might be asynchronously reported at some other API call, so the stacktrace below might be incorrect.
For debugging consider passing CUDA_LAUNCH_BLOCKING=1
Compile with `TORCH_USE_CUDA_DSA` to enable device-side assertions.

SKIP Amazon_employee_access r1f2: RuntimeError: CUDA error: out of memory
CUDA kernel errors might be asynchronously reported at some other API call, so the stacktrace below might be incorrect.
For debugging consider passing CUDA_LAUNCH_BLOCKING=1
Compile with `TORCH_USE_CUDA_DSA` to enable device-side assertions.

SKIP Amazon_employee_access r2f0: RuntimeError: CUDA error: out of memory
CUDA kernel errors might be asynchronously reported at some other API call, so the stacktrace below might be incorrect.
For debugging consider passing CUDA_LAUNCH_BLOCKING=1
Compile with `TORCH_USE_CUDA_DSA` to enable device-side assertions.

SKIP Amazon_employee_access r2f1: RuntimeError: CUDA error: out of memory
CUDA kernel errors might be asynchronously reported at some other API call, so the stacktrace below might be incorrect.
For debugging consider passing CUDA_LAUNCH_BLOCKING=1
Compile with `TORCH_USE_CUDA_DSA` to enable device-side assertions.

SKIP Amazon_employee_access r2f2: RuntimeError: CUDA error: out of memory
CUDA kernel errors might be asynchronously reported at some other API call, so the stacktrace below might be incorrect.
For debugging consider passing CUDA_LAUNCH_BLOCKING=1
Compile with `TORCH_USE_CUDA_DSA` to enable device-side assertions.

SKIP bank-marketing r0f0: RuntimeError: CUDA error: out of memory
CUDA kernel errors might be asynchronously reported at some other API call, so the stacktrace below might be incorrect.
For debugging consider passing CUDA_LAUNCH_BLOCKING=1
Compile with `TORCH_USE_CUDA_DSA` to enable device-side assertions.

SKIP bank-marketing r0f1: RuntimeError: CUDA error: out of memory
CUDA kernel errors might be asynchronously reported at some other API call, so the stacktrace below might be incorrect.
For debugging consider passing CUDA_LAUNCH_BLOCKING=1
Compile with `TORCH_USE_CUDA_DSA` to enable device-side assertions.

SKIP bank-marketing r0f2: RuntimeError: CUDA error: out of memory
CUDA kernel errors might be asynchronously reported at some other API call, so the stacktrace below might be incorrect.
For debugging consider passing CUDA_LAUNCH_BLOCKING=1
Compile with `TORCH_USE_CUDA_DSA` to enable device-side assertions.

SKIP bank-marketing r1f0: RuntimeError: CUDA error: out of memory
CUDA kernel errors might be asynchronously reported at some other API call, so the stacktrace below might be incorrect.
For debugging consider passing CUDA_LAUNCH_BLOCKING=1
Compile with `TORCH_USE_CUDA_DSA` to enable device-side assertions.

SKIP bank-marketing r1f1: RuntimeError: CUDA error: out of memory
CUDA kernel errors might be asynchronously reported at some other API call, so the stacktrace below might be incorrect.
For debugging consider passing CUDA_LAUNCH_BLOCKING=1
Compile with `TORCH_USE_CUDA_DSA` to enable device-side assertions.

SKIP bank-marketing r1f2: RuntimeError: CUDA error: out of memory
CUDA kernel errors might be asynchronously reported at some other API call, so the stacktrace below might be incorrect.
For debugging consider passing CUDA_LAUNCH_BLOCKING=1
Compile with `TORCH_USE_CUDA_DSA` to enable device-side assertions.

SKIP bank-marketing r2f0: RuntimeError: CUDA error: out of memory
CUDA kernel errors might be asynchronously reported at some other API call, so the stacktrace below might be incorrect.
For debugging consider passing CUDA_LAUNCH_BLOCKING=1
Compile with `TORCH_USE_CUDA_DSA` to enable device-side assertions.

SKIP bank-marketing r2f1: RuntimeError: CUDA error: out of memory
CUDA kernel errors might be asynchronously reported at some other API call, so the stacktrace below might be incorrect.
For debugging consider passing CUDA_LAUNCH_BLOCKING=1
Compile with `TORCH_USE_CUDA_DSA` to enable device-side assertions.

SKIP bank-marketing r2f2: RuntimeError: CUDA error: out of memory
CUDA kernel errors might be asynchronously reported at some other API call, so the stacktrace below might be incorrect.
For debugging consider passing CUDA_LAUNCH_BLOCKING=1
Compile with `TORCH_USE_CUDA_DSA` to enable device-side assertions.

SKIP kddcup09_appetency r0f0: RuntimeError: CUDA error: out of memory
CUDA kernel errors might be asynchronously reported at some other API call, so the stacktrace below might be incorrect.
For debugging consider passing CUDA_LAUNCH_BLOCKING=1
Compile with `TORCH_USE_CUDA_DSA` to enable device-side assertions.

SKIP kddcup09_appetency r0f1: RuntimeError: CUDA error: out of memory
CUDA kernel errors might be asynchronously reported at some other API call, so the stacktrace below might be incorrect.
For debugging consider passing CUDA_LAUNCH_BLOCKING=1
Compile with `TORCH_USE_CUDA_DSA` to enable device-side assertions.

SKIP kddcup09_appetency r0f2: RuntimeError: CUDA error: out of memory
CUDA kernel errors might be asynchronously reported at some other API call, so the stacktrace below might be incorrect.
For debugging consider passing CUDA_LAUNCH_BLOCKING=1
Compile with `TORCH_USE_CUDA_DSA` to enable device-side assertions.

SKIP kddcup09_appetency r1f0: RuntimeError: CUDA error: out of memory
CUDA kernel errors might be asynchronously reported at some other API call, so the stacktrace below might be incorrect.
For debugging consider passing CUDA_LAUNCH_BLOCKING=1
Compile with `TORCH_USE_CUDA_DSA` to enable device-side assertions.

SKIP kddcup09_appetency r1f1: RuntimeError: CUDA error: out of memory
CUDA kernel errors might be asynchronously reported at some other API call, so the stacktrace below might be incorrect.
For debugging consider passing CUDA_LAUNCH_BLOCKING=1
Compile with `TORCH_USE_CUDA_DSA` to enable device-side assertions.

SKIP kddcup09_appetency r1f2: RuntimeError: CUDA error: out of memory
CUDA kernel errors might be asynchronously reported at some other API call, so the stacktrace below might be incorrect.
For debugging consider passing CUDA_LAUNCH_BLOCKING=1
Compile with `TORCH_USE_CUDA_DSA` to enable device-side assertions.

SKIP kddcup09_appetency r2f0: RuntimeError: CUDA error: out of memory
CUDA kernel errors might be asynchronously reported at some other API call, so the stacktrace below might be incorrect.
For debugging consider passing CUDA_LAUNCH_BLOCKING=1
Compile with `TORCH_USE_CUDA_DSA` to enable device-side assertions.

SKIP kddcup09_appetency r2f1: RuntimeError: CUDA error: out of memory
CUDA kernel errors might be asynchronously reported at some other API call, so the stacktrace below might be incorrect.
For debugging consider passing CUDA_LAUNCH_BLOCKING=1
Compile with `TORCH_USE_CUDA_DSA` to enable device-side assertions.

SKIP kddcup09_appetency r2f2: RuntimeError: CUDA error: out of memory
CUDA kernel errors might be asynchronously reported at some other API call, so the stacktrace below might be incorrect.
For debugging consider passing CUDA_LAUNCH_BLOCKING=1
Compile with `TORCH_USE_CUDA_DSA` to enable device-side assertions.

SKIP Diabetes130US r0f0: RuntimeError: CUDA error: out of memory
CUDA kernel errors might be asynchronously reported at some other API call, so the stacktrace below might be incorrect.
For debugging consider passing CUDA_LAUNCH_BLOCKING=1
Compile with `TORCH_USE_CUDA_DSA` to enable device-side assertions.

SKIP Diabetes130US r0f1: RuntimeError: CUDA error: out of memory
CUDA kernel errors might be asynchronously reported at some other API call, so the stacktrace below might be incorrect.
For debugging consider passing CUDA_LAUNCH_BLOCKING=1
Compile with `TORCH_USE_CUDA_DSA` to enable device-side assertions.

SKIP Diabetes130US r0f2: RuntimeError: CUDA error: out of memory
CUDA kernel errors might be asynchronously reported at some other API call, so the stacktrace below might be incorrect.
For debugging consider passing CUDA_LAUNCH_BLOCKING=1
Compile with `TORCH_USE_CUDA_DSA` to enable device-side assertions.

SKIP Diabetes130US r1f0: RuntimeError: CUDA error: out of memory
CUDA kernel errors might be asynchronously reported at some other API call, so the stacktrace below might be incorrect.
For debugging consider passing CUDA_LAUNCH_BLOCKING=1
Compile with `TORCH_USE_CUDA_DSA` to enable device-side assertions.

SKIP Diabetes130US r1f1: RuntimeError: CUDA error: out of memory
CUDA kernel errors might be asynchronously reported at some other API call, so the stacktrace below might be incorrect.
For debugging consider passing CUDA_LAUNCH_BLOCKING=1
Compile with `TORCH_USE_CUDA_DSA` to enable device-side assertions.

SKIP Diabetes130US r1f2: RuntimeError: CUDA error: out of memory
CUDA kernel errors might be asynchronously reported at some other API call, so the stacktrace below might be incorrect.
For debugging consider passing CUDA_LAUNCH_BLOCKING=1
Compile with `TORCH_USE_CUDA_DSA` to enable device-side assertions.

SKIP Diabetes130US r2f0: RuntimeError: CUDA error: out of memory
CUDA kernel errors might be asynchronously reported at some other API call, so the stacktrace below might be incorrect.
For debugging consider passing CUDA_LAUNCH_BLOCKING=1
Compile with `TORCH_USE_CUDA_DSA` to enable device-side assertions.

SKIP Diabetes130US r2f1: RuntimeError: CUDA error: out of memory
CUDA kernel errors might be asynchronously reported at some other API call, so the stacktrace below might be incorrect.
For debugging consider passing CUDA_LAUNCH_BLOCKING=1
Compile with `TORCH_USE_CUDA_DSA` to enable device-side assertions.

SKIP Diabetes130US r2f2: RuntimeError: CUDA error: out of memory
CUDA kernel errors might be asynchronously reported at some other API call, so the stacktrace below might be incorrect.
For debugging consider passing CUDA_LAUNCH_BLOCKING=1
Compile with `TORCH_USE_CUDA_DSA` to enable device-side assertions.

SKIP APSFailure r0f0: RuntimeError: CUDA error: out of memory
CUDA kernel errors might be asynchronously reported at some other API call, so the stacktrace below might be incorrect.
For debugging consider passing CUDA_LAUNCH_BLOCKING=1
Compile with `TORCH_USE_CUDA_DSA` to enable device-side assertions.

SKIP APSFailure r0f1: RuntimeError: CUDA error: out of memory
CUDA kernel errors might be asynchronously reported at some other API call, so the stacktrace below might be incorrect.
For debugging consider passing CUDA_LAUNCH_BLOCKING=1
Compile with `TORCH_USE_CUDA_DSA` to enable device-side assertions.

SKIP APSFailure r0f2: RuntimeError: CUDA error: out of memory
CUDA kernel errors might be asynchronously reported at some other API call, so the stacktrace below might be incorrect.
For debugging consider passing CUDA_LAUNCH_BLOCKING=1
Compile with `TORCH_USE_CUDA_DSA` to enable device-side assertions.

SKIP APSFailure r1f0: RuntimeError: CUDA error: out of memory
CUDA kernel errors might be asynchronously reported at some other API call, so the stacktrace below might be incorrect.
For debugging consider passing CUDA_LAUNCH_BLOCKING=1
Compile with `TORCH_USE_CUDA_DSA` to enable device-side assertions.

SKIP APSFailure r1f1: RuntimeError: CUDA error: out of memory
CUDA kernel errors might be asynchronously reported at some other API call, so the stacktrace below might be incorrect.
For debugging consider passing CUDA_LAUNCH_BLOCKING=1
Compile with `TORCH_USE_CUDA_DSA` to enable device-side assertions.

SKIP APSFailure r1f2: RuntimeError: CUDA error: out of memory
CUDA kernel errors might be asynchronously reported at some other API call, so the stacktrace below might be incorrect.
For debugging consider passing CUDA_LAUNCH_BLOCKING=1
Compile with `TORCH_USE_CUDA_DSA` to enable device-side assertions.

SKIP APSFailure r2f0: RuntimeError: CUDA error: out of memory
CUDA kernel errors might be asynchronously reported at some other API call, so the stacktrace below might be incorrect.
For debugging consider passing CUDA_LAUNCH_BLOCKING=1
Compile with `TORCH_USE_CUDA_DSA` to enable device-side assertions.

SKIP APSFailure r2f1: RuntimeError: CUDA error: out of memory
CUDA kernel errors might be asynchronously reported at some other API call, so the stacktrace below might be incorrect.
For debugging consider passing CUDA_LAUNCH_BLOCKING=1
Compile with `TORCH_USE_CUDA_DSA` to enable device-side assertions.

SKIP APSFailure r2f2: RuntimeError: CUDA error: out of memory
CUDA kernel errors might be asynchronously reported at some other API call, so the stacktrace below might be incorrect.
For debugging consider passing CUDA_LAUNCH_BLOCKING=1
Compile with `TORCH_USE_CUDA_DSA` to enable device-side assertions.

SKIP SDSS17 r0f0: RuntimeError: CUDA error: out of memory
CUDA kernel errors might be asynchronously reported at some other API call, so the stacktrace below might be incorrect.
For debugging consider passing CUDA_LAUNCH_BLOCKING=1
Compile with `TORCH_USE_CUDA_DSA` to enable device-side assertions.

SKIP SDSS17 r0f1: RuntimeError: CUDA error: out of memory
CUDA kernel errors might be asynchronously reported at some other API call, so the stacktrace below might be incorrect.
For debugging consider passing CUDA_LAUNCH_BLOCKING=1
Compile with `TORCH_USE_CUDA_DSA` to enable device-side assertions.

SKIP SDSS17 r0f2: RuntimeError: CUDA error: out of memory
CUDA kernel errors might be asynchronously reported at some other API call, so the stacktrace below might be incorrect.
For debugging consider passing CUDA_LAUNCH_BLOCKING=1
Compile with `TORCH_USE_CUDA_DSA` to enable device-side assertions.

SKIP SDSS17 r1f0: RuntimeError: CUDA error: out of memory
CUDA kernel errors might be asynchronously reported at some other API call, so the stacktrace below might be incorrect.
For debugging consider passing CUDA_LAUNCH_BLOCKING=1
Compile with `TORCH_USE_CUDA_DSA` to enable device-side assertions.

SKIP SDSS17 r1f1: RuntimeError: CUDA error: out of memory
CUDA kernel errors might be asynchronously reported at some other API call, so the stacktrace below might be incorrect.
For debugging consider passing CUDA_LAUNCH_BLOCKING=1
Compile with `TORCH_USE_CUDA_DSA` to enable device-side assertions.

SKIP SDSS17 r1f2: RuntimeError: CUDA error: out of memory
CUDA kernel errors might be asynchronously reported at some other API call, so the stacktrace below might be incorrect.
For debugging consider passing CUDA_LAUNCH_BLOCKING=1
Compile with `TORCH_USE_CUDA_DSA` to enable device-side assertions.

SKIP SDSS17 r2f0: RuntimeError: CUDA error: out of memory
CUDA kernel errors might be asynchronously reported at some other API call, so the stacktrace below might be incorrect.
For debugging consider passing CUDA_LAUNCH_BLOCKING=1
Compile with `TORCH_USE_CUDA_DSA` to enable device-side assertions.

SKIP SDSS17 r2f1: RuntimeError: CUDA error: out of memory
CUDA kernel errors might be asynchronously reported at some other API call, so the stacktrace below might be incorrect.
For debugging consider passing CUDA_LAUNCH_BLOCKING=1
Compile with `TORCH_USE_CUDA_DSA` to enable device-side assertions.

SKIP SDSS17 r2f2: RuntimeError: CUDA error: out of memory
CUDA kernel errors might be asynchronously reported at some other API call, so the stacktrace below might be incorrect.
For debugging consider passing CUDA_LAUNCH_BLOCKING=1
Compile with `TORCH_USE_CUDA_DSA` to enable device-side assertions.

SKIP customer_satisfaction_in_airline r0f0: RuntimeError: CUDA error: out of memory
CUDA kernel errors might be asynchronously reported at some other API call, so the stacktrace below might be incorrect.
For debugging consider passing CUDA_LAUNCH_BLOCKING=1
Compile with `TORCH_USE_CUDA_DSA` to enable device-side assertions.

SKIP customer_satisfaction_in_airline r0f1: RuntimeError: CUDA error: out of memory
CUDA kernel errors might be asynchronously reported at some other API call, so the stacktrace below might be incorrect.
For debugging consider passing CUDA_LAUNCH_BLOCKING=1
Compile with `TORCH_USE_CUDA_DSA` to enable device-side assertions.

SKIP customer_satisfaction_in_airline r0f2: RuntimeError: CUDA error: out of memory
CUDA kernel errors might be asynchronously reported at some other API call, so the stacktrace below might be incorrect.
For debugging consider passing CUDA_LAUNCH_BLOCKING=1
Compile with `TORCH_USE_CUDA_DSA` to enable device-side assertions.

SKIP customer_satisfaction_in_airline r1f0: RuntimeError: CUDA error: out of memory
CUDA kernel errors might be asynchronously reported at some other API call, so the stacktrace below might be incorrect.
For debugging consider passing CUDA_LAUNCH_BLOCKING=1
Compile with `TORCH_USE_CUDA_DSA` to enable device-side assertions.

SKIP customer_satisfaction_in_airline r1f1: RuntimeError: CUDA error: out of memory
CUDA kernel errors might be asynchronously reported at some other API call, so the stacktrace below might be incorrect.
For debugging consider passing CUDA_LAUNCH_BLOCKING=1
Compile with `TORCH_USE_CUDA_DSA` to enable device-side assertions.

SKIP customer_satisfaction_in_airline r1f2: RuntimeError: CUDA error: out of memory
CUDA kernel errors might be asynchronously reported at some other API call, so the stacktrace below might be incorrect.
For debugging consider passing CUDA_LAUNCH_BLOCKING=1
Compile with `TORCH_USE_CUDA_DSA` to enable device-side assertions.

SKIP customer_satisfaction_in_airline r2f0: RuntimeError: CUDA error: out of memory
CUDA kernel errors might be asynchronously reported at some other API call, so the stacktrace below might be incorrect.
For debugging consider passing CUDA_LAUNCH_BLOCKING=1
Compile with `TORCH_USE_CUDA_DSA` to enable device-side assertions.

SKIP customer_satisfaction_in_airline r2f1: RuntimeError: CUDA error: out of memory
CUDA kernel errors might be asynchronously reported at some other API call, so the stacktrace below might be incorrect.
For debugging consider passing CUDA_LAUNCH_BLOCKING=1
Compile with `TORCH_USE_CUDA_DSA` to enable device-side assertions.

SKIP customer_satisfaction_in_airline r2f2: RuntimeError: CUDA error: out of memory
CUDA kernel errors might be asynchronously reported at some other API call, so the stacktrace below might be incorrect.
For debugging consider passing CUDA_LAUNCH_BLOCKING=1
Compile with `TORCH_USE_CUDA_DSA` to enable device-side assertions.

SKIP GiveMeSomeCredit r0f0: RuntimeError: CUDA error: out of memory
CUDA kernel errors might be asynchronously reported at some other API call, so the stacktrace below might be incorrect.
For debugging consider passing CUDA_LAUNCH_BLOCKING=1
Compile with `TORCH_USE_CUDA_DSA` to enable device-side assertions.

SKIP GiveMeSomeCredit r0f1: RuntimeError: CUDA error: out of memory
CUDA kernel errors might be asynchronously reported at some other API call, so the stacktrace below might be incorrect.
For debugging consider passing CUDA_LAUNCH_BLOCKING=1
Compile with `TORCH_USE_CUDA_DSA` to enable device-side assertions.

SKIP GiveMeSomeCredit r0f2: RuntimeError: CUDA error: out of memory
CUDA kernel errors might be asynchronously reported at some other API call, so the stacktrace below might be incorrect.
For debugging consider passing CUDA_LAUNCH_BLOCKING=1
Compile with `TORCH_USE_CUDA_DSA` to enable device-side assertions.

SKIP GiveMeSomeCredit r1f0: RuntimeError: CUDA error: out of memory
CUDA kernel errors might be asynchronously reported at some other API call, so the stacktrace below might be incorrect.
For debugging consider passing CUDA_LAUNCH_BLOCKING=1
Compile with `TORCH_USE_CUDA_DSA` to enable device-side assertions.

SKIP GiveMeSomeCredit r1f1: RuntimeError: CUDA error: out of memory
CUDA kernel errors might be asynchronously reported at some other API call, so the stacktrace below might be incorrect.
For debugging consider passing CUDA_LAUNCH_BLOCKING=1
Compile with `TORCH_USE_CUDA_DSA` to enable device-side assertions.

SKIP GiveMeSomeCredit r1f2: RuntimeError: CUDA error: out of memory
CUDA kernel errors might be asynchronously reported at some other API call, so the stacktrace below might be incorrect.
For debugging consider passing CUDA_LAUNCH_BLOCKING=1
Compile with `TORCH_USE_CUDA_DSA` to enable device-side assertions.

SKIP GiveMeSomeCredit r2f0: RuntimeError: CUDA error: out of memory
CUDA kernel errors might be asynchronously reported at some other API call, so the stacktrace below might be incorrect.
For debugging consider passing CUDA_LAUNCH_BLOCKING=1
Compile with `TORCH_USE_CUDA_DSA` to enable device-side assertions.

SKIP GiveMeSomeCredit r2f1: RuntimeError: CUDA error: out of memory
CUDA kernel errors might be asynchronously reported at some other API call, so the stacktrace below might be incorrect.
For debugging consider passing CUDA_LAUNCH_BLOCKING=1
Compile with `TORCH_USE_CUDA_DSA` to enable device-side assertions.

SKIP GiveMeSomeCredit r2f2: RuntimeError: CUDA error: out of memory
CUDA kernel errors might be asynchronously reported at some other API call, so the stacktrace below might be incorrect.
For debugging consider passing CUDA_LAUNCH_BLOCKING=1
Compile with `TORCH_USE_CUDA_DSA` to enable device-side assertions.

done 1225 rows -> C:\Users\iamsa\Documents\ISAB-r\phase1\experiments\h2-barnes-hut-tabiclv2\code\..\results\real_tabarena_results.csv
EXCLUDED (>500 features, caused CUDA context corruption last run): ['Bioresponse', 'hiva_agnostic']
36 classification tasks, 594 total splits
resuming: 1225 rows already done
SKIP taiwanese_bankruptcy_prediction r0f0: RuntimeError: CUDA error: out of memory
CUDA kernel errors might be asynchronously reported at some other API call, so the stacktrace below might be incorrect.
For debugging consider passing CUDA_LAUNCH_BLOCKING=1
Compile with `TORCH_USE_CUDA_DSA` to enable device-side assertions.

SKIP taiwanese_bankruptcy_prediction r0f1: RuntimeError: CUDA error: out of memory
CUDA kernel errors might be asynchronously reported at some other API call, so the stacktrace below might be incorrect.
For debugging consider passing CUDA_LAUNCH_BLOCKING=1
Compile with `TORCH_USE_CUDA_DSA` to enable device-side assertions.

SKIP taiwanese_bankruptcy_prediction r0f2: RuntimeError: CUDA error: out of memory
CUDA kernel errors might be asynchronously reported at some other API call, so the stacktrace below might be incorrect.
For debugging consider passing CUDA_LAUNCH_BLOCKING=1
Compile with `TORCH_USE_CUDA_DSA` to enable device-side assertions.

SKIP taiwanese_bankruptcy_prediction r1f0: RuntimeError: CUDA error: out of memory
CUDA kernel errors might be asynchronously reported at some other API call, so the stacktrace below might be incorrect.
For debugging consider passing CUDA_LAUNCH_BLOCKING=1
Compile with `TORCH_USE_CUDA_DSA` to enable device-side assertions.

SKIP taiwanese_bankruptcy_prediction r1f1: RuntimeError: CUDA error: out of memory
CUDA kernel errors might be asynchronously reported at some other API call, so the stacktrace below might be incorrect.
For debugging consider passing CUDA_LAUNCH_BLOCKING=1
Compile with `TORCH_USE_CUDA_DSA` to enable device-side assertions.

SKIP taiwanese_bankruptcy_prediction r1f2: RuntimeError: CUDA error: out of memory
CUDA kernel errors might be asynchronously reported at some other API call, so the stacktrace below might be incorrect.
For debugging consider passing CUDA_LAUNCH_BLOCKING=1
Compile with `TORCH_USE_CUDA_DSA` to enable device-side assertions.

SKIP taiwanese_bankruptcy_prediction r2f0: RuntimeError: CUDA error: out of memory
CUDA kernel errors might be asynchronously reported at some other API call, so the stacktrace below might be incorrect.
For debugging consider passing CUDA_LAUNCH_BLOCKING=1
Compile with `TORCH_USE_CUDA_DSA` to enable device-side assertions.

SKIP taiwanese_bankruptcy_prediction r2f1: RuntimeError: CUDA error: out of memory
CUDA kernel errors might be asynchronously reported at some other API call, so the stacktrace below might be incorrect.
For debugging consider passing CUDA_LAUNCH_BLOCKING=1
Compile with `TORCH_USE_CUDA_DSA` to enable device-side assertions.

SKIP taiwanese_bankruptcy_prediction r2f2: RuntimeError: CUDA error: out of memory
CUDA kernel errors might be asynchronously reported at some other API call, so the stacktrace below might be incorrect.
For debugging consider passing CUDA_LAUNCH_BLOCKING=1
Compile with `TORCH_USE_CUDA_DSA` to enable device-side assertions.

SKIP NATICUSdroid r0f0: RuntimeError: CUDA error: out of memory
CUDA kernel errors might be asynchronously reported at some other API call, so the stacktrace below might be incorrect.
For debugging consider passing CUDA_LAUNCH_BLOCKING=1
Compile with `TORCH_USE_CUDA_DSA` to enable device-side assertions.

SKIP NATICUSdroid r0f1: RuntimeError: CUDA error: out of memory
CUDA kernel errors might be asynchronously reported at some other API call, so the stacktrace below might be incorrect.
For debugging consider passing CUDA_LAUNCH_BLOCKING=1
Compile with `TORCH_USE_CUDA_DSA` to enable device-side assertions.

SKIP NATICUSdroid r0f2: RuntimeError: CUDA error: out of memory
CUDA kernel errors might be asynchronously reported at some other API call, so the stacktrace below might be incorrect.
For debugging consider passing CUDA_LAUNCH_BLOCKING=1
Compile with `TORCH_USE_CUDA_DSA` to enable device-side assertions.

SKIP NATICUSdroid r1f0: RuntimeError: CUDA error: out of memory
CUDA kernel errors might be asynchronously reported at some other API call, so the stacktrace below might be incorrect.
For debugging consider passing CUDA_LAUNCH_BLOCKING=1
Compile with `TORCH_USE_CUDA_DSA` to enable device-side assertions.

SKIP NATICUSdroid r1f1: RuntimeError: CUDA error: out of memory
CUDA kernel errors might be asynchronously reported at some other API call, so the stacktrace below might be incorrect.
For debugging consider passing CUDA_LAUNCH_BLOCKING=1
Compile with `TORCH_USE_CUDA_DSA` to enable device-side assertions.

SKIP NATICUSdroid r1f2: RuntimeError: CUDA error: out of memory
CUDA kernel errors might be asynchronously reported at some other API call, so the stacktrace below might be incorrect.
For debugging consider passing CUDA_LAUNCH_BLOCKING=1
Compile with `TORCH_USE_CUDA_DSA` to enable device-side assertions.

SKIP NATICUSdroid r2f0: RuntimeError: CUDA error: out of memory
CUDA kernel errors might be asynchronously reported at some other API call, so the stacktrace below might be incorrect.
For debugging consider passing CUDA_LAUNCH_BLOCKING=1
Compile with `TORCH_USE_CUDA_DSA` to enable device-side assertions.

SKIP NATICUSdroid r2f1: RuntimeError: CUDA error: out of memory
CUDA kernel errors might be asynchronously reported at some other API call, so the stacktrace below might be incorrect.
For debugging consider passing CUDA_LAUNCH_BLOCKING=1
Compile with `TORCH_USE_CUDA_DSA` to enable device-side assertions.

SKIP NATICUSdroid r2f2: RuntimeError: CUDA error: out of memory
CUDA kernel errors might be asynchronously reported at some other API call, so the stacktrace below might be incorrect.
For debugging consider passing CUDA_LAUNCH_BLOCKING=1
Compile with `TORCH_USE_CUDA_DSA` to enable device-side assertions.

SKIP coil2000_insurance_policies r0f0: RuntimeError: CUDA error: out of memory
CUDA kernel errors might be asynchronously reported at some other API call, so the stacktrace below might be incorrect.
For debugging consider passing CUDA_LAUNCH_BLOCKING=1
Compile with `TORCH_USE_CUDA_DSA` to enable device-side assertions.

SKIP coil2000_insurance_policies r0f1: RuntimeError: CUDA error: out of memory
CUDA kernel errors might be asynchronously reported at some other API call, so the stacktrace below might be incorrect.
For debugging consider passing CUDA_LAUNCH_BLOCKING=1
Compile with `TORCH_USE_CUDA_DSA` to enable device-side assertions.

SKIP coil2000_insurance_policies r0f2: RuntimeError: CUDA error: out of memory
CUDA kernel errors might be asynchronously reported at some other API call, so the stacktrace below might be incorrect.
For debugging consider passing CUDA_LAUNCH_BLOCKING=1
Compile with `TORCH_USE_CUDA_DSA` to enable device-side assertions.

SKIP coil2000_insurance_policies r1f0: RuntimeError: CUDA error: out of memory
CUDA kernel errors might be asynchronously reported at some other API call, so the stacktrace below might be incorrect.
For debugging consider passing CUDA_LAUNCH_BLOCKING=1
Compile with `TORCH_USE_CUDA_DSA` to enable device-side assertions.

SKIP coil2000_insurance_policies r1f1: RuntimeError: CUDA error: out of memory
CUDA kernel errors might be asynchronously reported at some other API call, so the stacktrace below might be incorrect.
For debugging consider passing CUDA_LAUNCH_BLOCKING=1
Compile with `TORCH_USE_CUDA_DSA` to enable device-side assertions.

SKIP coil2000_insurance_policies r1f2: RuntimeError: CUDA error: out of memory
CUDA kernel errors might be asynchronously reported at some other API call, so the stacktrace below might be incorrect.
For debugging consider passing CUDA_LAUNCH_BLOCKING=1
Compile with `TORCH_USE_CUDA_DSA` to enable device-side assertions.

SKIP coil2000_insurance_policies r2f0: RuntimeError: CUDA error: out of memory
CUDA kernel errors might be asynchronously reported at some other API call, so the stacktrace below might be incorrect.
For debugging consider passing CUDA_LAUNCH_BLOCKING=1
Compile with `TORCH_USE_CUDA_DSA` to enable device-side assertions.

SKIP coil2000_insurance_policies r2f1: RuntimeError: CUDA error: out of memory
CUDA kernel errors might be asynchronously reported at some other API call, so the stacktrace below might be incorrect.
For debugging consider passing CUDA_LAUNCH_BLOCKING=1
Compile with `TORCH_USE_CUDA_DSA` to enable device-side assertions.

SKIP coil2000_insurance_policies r2f2: RuntimeError: CUDA error: out of memory
CUDA kernel errors might be asynchronously reported at some other API call, so the stacktrace below might be incorrect.
For debugging consider passing CUDA_LAUNCH_BLOCKING=1
Compile with `TORCH_USE_CUDA_DSA` to enable device-side assertions.

SKIP Bank_Customer_Churn r0f0: RuntimeError: CUDA error: out of memory
CUDA kernel errors might be asynchronously reported at some other API call, so the stacktrace below might be incorrect.
For debugging consider passing CUDA_LAUNCH_BLOCKING=1
Compile with `TORCH_USE_CUDA_DSA` to enable device-side assertions.

SKIP Bank_Customer_Churn r0f1: RuntimeError: CUDA error: out of memory
CUDA kernel errors might be asynchronously reported at some other API call, so the stacktrace below might be incorrect.
For debugging consider passing CUDA_LAUNCH_BLOCKING=1
Compile with `TORCH_USE_CUDA_DSA` to enable device-side assertions.

SKIP Bank_Customer_Churn r0f2: RuntimeError: CUDA error: out of memory
CUDA kernel errors might be asynchronously reported at some other API call, so the stacktrace below might be incorrect.
For debugging consider passing CUDA_LAUNCH_BLOCKING=1
Compile with `TORCH_USE_CUDA_DSA` to enable device-side assertions.

SKIP Bank_Customer_Churn r1f0: RuntimeError: CUDA error: out of memory
CUDA kernel errors might be asynchronously reported at some other API call, so the stacktrace below might be incorrect.
For debugging consider passing CUDA_LAUNCH_BLOCKING=1
Compile with `TORCH_USE_CUDA_DSA` to enable device-side assertions.

SKIP Bank_Customer_Churn r1f1: RuntimeError: CUDA error: out of memory
CUDA kernel errors might be asynchronously reported at some other API call, so the stacktrace below might be incorrect.
For debugging consider passing CUDA_LAUNCH_BLOCKING=1
Compile with `TORCH_USE_CUDA_DSA` to enable device-side assertions.

SKIP Bank_Customer_Churn r1f2: RuntimeError: CUDA error: out of memory
CUDA kernel errors might be asynchronously reported at some other API call, so the stacktrace below might be incorrect.
For debugging consider passing CUDA_LAUNCH_BLOCKING=1
Compile with `TORCH_USE_CUDA_DSA` to enable device-side assertions.

SKIP Bank_Customer_Churn r2f0: RuntimeError: CUDA error: out of memory
CUDA kernel errors might be asynchronously reported at some other API call, so the stacktrace below might be incorrect.
For debugging consider passing CUDA_LAUNCH_BLOCKING=1
Compile with `TORCH_USE_CUDA_DSA` to enable device-side assertions.

SKIP Bank_Customer_Churn r2f1: RuntimeError: CUDA error: out of memory
CUDA kernel errors might be asynchronously reported at some other API call, so the stacktrace below might be incorrect.
For debugging consider passing CUDA_LAUNCH_BLOCKING=1
Compile with `TORCH_USE_CUDA_DSA` to enable device-side assertions.

SKIP Bank_Customer_Churn r2f2: RuntimeError: CUDA error: out of memory
CUDA kernel errors might be asynchronously reported at some other API call, so the stacktrace below might be incorrect.
For debugging consider passing CUDA_LAUNCH_BLOCKING=1
Compile with `TORCH_USE_CUDA_DSA` to enable device-side assertions.

SKIP heloc r0f0: RuntimeError: CUDA error: out of memory
CUDA kernel errors might be asynchronously reported at some other API call, so the stacktrace below might be incorrect.
For debugging consider passing CUDA_LAUNCH_BLOCKING=1
Compile with `TORCH_USE_CUDA_DSA` to enable device-side assertions.

SKIP heloc r0f1: RuntimeError: CUDA error: out of memory
CUDA kernel errors might be asynchronously reported at some other API call, so the stacktrace below might be incorrect.
For debugging consider passing CUDA_LAUNCH_BLOCKING=1
Compile with `TORCH_USE_CUDA_DSA` to enable device-side assertions.

SKIP heloc r0f2: RuntimeError: CUDA error: out of memory
CUDA kernel errors might be asynchronously reported at some other API call, so the stacktrace below might be incorrect.
For debugging consider passing CUDA_LAUNCH_BLOCKING=1
Compile with `TORCH_USE_CUDA_DSA` to enable device-side assertions.

SKIP heloc r1f0: RuntimeError: CUDA error: out of memory
CUDA kernel errors might be asynchronously reported at some other API call, so the stacktrace below might be incorrect.
For debugging consider passing CUDA_LAUNCH_BLOCKING=1
Compile with `TORCH_USE_CUDA_DSA` to enable device-side assertions.

SKIP heloc r1f1: RuntimeError: CUDA error: out of memory
CUDA kernel errors might be asynchronously reported at some other API call, so the stacktrace below might be incorrect.
For debugging consider passing CUDA_LAUNCH_BLOCKING=1
Compile with `TORCH_USE_CUDA_DSA` to enable device-side assertions.

SKIP heloc r1f2: RuntimeError: CUDA error: out of memory
CUDA kernel errors might be asynchronously reported at some other API call, so the stacktrace below might be incorrect.
For debugging consider passing CUDA_LAUNCH_BLOCKING=1
Compile with `TORCH_USE_CUDA_DSA` to enable device-side assertions.

SKIP heloc r2f0: RuntimeError: CUDA error: out of memory
CUDA kernel errors might be asynchronously reported at some other API call, so the stacktrace below might be incorrect.
For debugging consider passing CUDA_LAUNCH_BLOCKING=1
Compile with `TORCH_USE_CUDA_DSA` to enable device-side assertions.

SKIP heloc r2f1: RuntimeError: CUDA error: out of memory
CUDA kernel errors might be asynchronously reported at some other API call, so the stacktrace below might be incorrect.
For debugging consider passing CUDA_LAUNCH_BLOCKING=1
Compile with `TORCH_USE_CUDA_DSA` to enable device-side assertions.

SKIP heloc r2f2: RuntimeError: CUDA error: out of memory
CUDA kernel errors might be asynchronously reported at some other API call, so the stacktrace below might be incorrect.
For debugging consider passing CUDA_LAUNCH_BLOCKING=1
Compile with `TORCH_USE_CUDA_DSA` to enable device-side assertions.

SKIP jm1 r0f0: RuntimeError: CUDA error: out of memory
CUDA kernel errors might be asynchronously reported at some other API call, so the stacktrace below might be incorrect.
For debugging consider passing CUDA_LAUNCH_BLOCKING=1
Compile with `TORCH_USE_CUDA_DSA` to enable device-side assertions.

SKIP jm1 r0f1: RuntimeError: CUDA error: out of memory
CUDA kernel errors might be asynchronously reported at some other API call, so the stacktrace below might be incorrect.
For debugging consider passing CUDA_LAUNCH_BLOCKING=1
Compile with `TORCH_USE_CUDA_DSA` to enable device-side assertions.

SKIP jm1 r0f2: RuntimeError: CUDA error: out of memory
CUDA kernel errors might be asynchronously reported at some other API call, so the stacktrace below might be incorrect.
For debugging consider passing CUDA_LAUNCH_BLOCKING=1
Compile with `TORCH_USE_CUDA_DSA` to enable device-side assertions.

SKIP jm1 r1f0: RuntimeError: CUDA error: out of memory
CUDA kernel errors might be asynchronously reported at some other API call, so the stacktrace below might be incorrect.
For debugging consider passing CUDA_LAUNCH_BLOCKING=1
Compile with `TORCH_USE_CUDA_DSA` to enable device-side assertions.

SKIP jm1 r1f1: RuntimeError: CUDA error: out of memory
CUDA kernel errors might be asynchronously reported at some other API call, so the stacktrace below might be incorrect.
For debugging consider passing CUDA_LAUNCH_BLOCKING=1
Compile with `TORCH_USE_CUDA_DSA` to enable device-side assertions.

SKIP jm1 r1f2: RuntimeError: CUDA error: out of memory
CUDA kernel errors might be asynchronously reported at some other API call, so the stacktrace below might be incorrect.
For debugging consider passing CUDA_LAUNCH_BLOCKING=1
Compile with `TORCH_USE_CUDA_DSA` to enable device-side assertions.

SKIP jm1 r2f0: RuntimeError: CUDA error: out of memory
CUDA kernel errors might be asynchronously reported at some other API call, so the stacktrace below might be incorrect.
For debugging consider passing CUDA_LAUNCH_BLOCKING=1
Compile with `TORCH_USE_CUDA_DSA` to enable device-side assertions.

SKIP jm1 r2f1: RuntimeError: CUDA error: out of memory
CUDA kernel errors might be asynchronously reported at some other API call, so the stacktrace below might be incorrect.
For debugging consider passing CUDA_LAUNCH_BLOCKING=1
Compile with `TORCH_USE_CUDA_DSA` to enable device-side assertions.

SKIP jm1 r2f2: RuntimeError: CUDA error: out of memory
CUDA kernel errors might be asynchronously reported at some other API call, so the stacktrace below might be incorrect.
For debugging consider passing CUDA_LAUNCH_BLOCKING=1
Compile with `TORCH_USE_CUDA_DSA` to enable device-side assertions.

SKIP E-CommereShippingData r0f0: RuntimeError: CUDA error: out of memory
CUDA kernel errors might be asynchronously reported at some other API call, so the stacktrace below might be incorrect.
For debugging consider passing CUDA_LAUNCH_BLOCKING=1
Compile with `TORCH_USE_CUDA_DSA` to enable device-side assertions.

SKIP E-CommereShippingData r0f1: RuntimeError: CUDA error: out of memory
CUDA kernel errors might be asynchronously reported at some other API call, so the stacktrace below might be incorrect.
For debugging consider passing CUDA_LAUNCH_BLOCKING=1
Compile with `TORCH_USE_CUDA_DSA` to enable device-side assertions.

SKIP E-CommereShippingData r0f2: RuntimeError: CUDA error: out of memory
CUDA kernel errors might be asynchronously reported at some other API call, so the stacktrace below might be incorrect.
For debugging consider passing CUDA_LAUNCH_BLOCKING=1
Compile with `TORCH_USE_CUDA_DSA` to enable device-side assertions.

SKIP E-CommereShippingData r1f0: RuntimeError: CUDA error: out of memory
CUDA kernel errors might be asynchronously reported at some other API call, so the stacktrace below might be incorrect.
For debugging consider passing CUDA_LAUNCH_BLOCKING=1
Compile with `TORCH_USE_CUDA_DSA` to enable device-side assertions.

SKIP E-CommereShippingData r1f1: RuntimeError: CUDA error: out of memory
CUDA kernel errors might be asynchronously reported at some other API call, so the stacktrace below might be incorrect.
For debugging consider passing CUDA_LAUNCH_BLOCKING=1
Compile with `TORCH_USE_CUDA_DSA` to enable device-side assertions.

SKIP E-CommereShippingData r1f2: RuntimeError: CUDA error: out of memory
CUDA kernel errors might be asynchronously reported at some other API call, so the stacktrace below might be incorrect.
For debugging consider passing CUDA_LAUNCH_BLOCKING=1
Compile with `TORCH_USE_CUDA_DSA` to enable device-side assertions.

SKIP E-CommereShippingData r2f0: RuntimeError: CUDA error: out of memory
CUDA kernel errors might be asynchronously reported at some other API call, so the stacktrace below might be incorrect.
For debugging consider passing CUDA_LAUNCH_BLOCKING=1
Compile with `TORCH_USE_CUDA_DSA` to enable device-side assertions.

SKIP E-CommereShippingData r2f1: RuntimeError: CUDA error: out of memory
CUDA kernel errors might be asynchronously reported at some other API call, so the stacktrace below might be incorrect.
For debugging consider passing CUDA_LAUNCH_BLOCKING=1
Compile with `TORCH_USE_CUDA_DSA` to enable device-side assertions.

SKIP E-CommereShippingData r2f2: RuntimeError: CUDA error: out of memory
CUDA kernel errors might be asynchronously reported at some other API call, so the stacktrace below might be incorrect.
For debugging consider passing CUDA_LAUNCH_BLOCKING=1
Compile with `TORCH_USE_CUDA_DSA` to enable device-side assertions.

SKIP online_shoppers_intention r0f0: RuntimeError: CUDA error: out of memory
CUDA kernel errors might be asynchronously reported at some other API call, so the stacktrace below might be incorrect.
For debugging consider passing CUDA_LAUNCH_BLOCKING=1
Compile with `TORCH_USE_CUDA_DSA` to enable device-side assertions.

SKIP online_shoppers_intention r0f1: RuntimeError: CUDA error: out of memory
CUDA kernel errors might be asynchronously reported at some other API call, so the stacktrace below might be incorrect.
For debugging consider passing CUDA_LAUNCH_BLOCKING=1
Compile with `TORCH_USE_CUDA_DSA` to enable device-side assertions.

SKIP online_shoppers_intention r0f2: RuntimeError: CUDA error: out of memory
CUDA kernel errors might be asynchronously reported at some other API call, so the stacktrace below might be incorrect.
For debugging consider passing CUDA_LAUNCH_BLOCKING=1
Compile with `TORCH_USE_CUDA_DSA` to enable device-side assertions.

SKIP online_shoppers_intention r1f0: RuntimeError: CUDA error: out of memory
CUDA kernel errors might be asynchronously reported at some other API call, so the stacktrace below might be incorrect.
For debugging consider passing CUDA_LAUNCH_BLOCKING=1
Compile with `TORCH_USE_CUDA_DSA` to enable device-side assertions.

SKIP online_shoppers_intention r1f1: RuntimeError: CUDA error: out of memory
CUDA kernel errors might be asynchronously reported at some other API call, so the stacktrace below might be incorrect.
For debugging consider passing CUDA_LAUNCH_BLOCKING=1
Compile with `TORCH_USE_CUDA_DSA` to enable device-side assertions.

SKIP online_shoppers_intention r1f2: RuntimeError: CUDA error: out of memory
CUDA kernel errors might be asynchronously reported at some other API call, so the stacktrace below might be incorrect.
For debugging consider passing CUDA_LAUNCH_BLOCKING=1
Compile with `TORCH_USE_CUDA_DSA` to enable device-side assertions.

SKIP online_shoppers_intention r2f0: RuntimeError: CUDA error: out of memory
CUDA kernel errors might be asynchronously reported at some other API call, so the stacktrace below might be incorrect.
For debugging consider passing CUDA_LAUNCH_BLOCKING=1
Compile with `TORCH_USE_CUDA_DSA` to enable device-side assertions.

SKIP online_shoppers_intention r2f1: RuntimeError: CUDA error: out of memory
CUDA kernel errors might be asynchronously reported at some other API call, so the stacktrace below might be incorrect.
For debugging consider passing CUDA_LAUNCH_BLOCKING=1
Compile with `TORCH_USE_CUDA_DSA` to enable device-side assertions.

SKIP online_shoppers_intention r2f2: RuntimeError: CUDA error: out of memory
CUDA kernel errors might be asynchronously reported at some other API call, so the stacktrace below might be incorrect.
For debugging consider passing CUDA_LAUNCH_BLOCKING=1
Compile with `TORCH_USE_CUDA_DSA` to enable device-side assertions.

SKIP in_vehicle_coupon_recommendation r0f0: RuntimeError: CUDA error: out of memory
CUDA kernel errors might be asynchronously reported at some other API call, so the stacktrace below might be incorrect.
For debugging consider passing CUDA_LAUNCH_BLOCKING=1
Compile with `TORCH_USE_CUDA_DSA` to enable device-side assertions.

SKIP in_vehicle_coupon_recommendation r0f1: RuntimeError: CUDA error: out of memory
CUDA kernel errors might be asynchronously reported at some other API call, so the stacktrace below might be incorrect.
For debugging consider passing CUDA_LAUNCH_BLOCKING=1
Compile with `TORCH_USE_CUDA_DSA` to enable device-side assertions.

SKIP in_vehicle_coupon_recommendation r0f2: RuntimeError: CUDA error: out of memory
CUDA kernel errors might be asynchronously reported at some other API call, so the stacktrace below might be incorrect.
For debugging consider passing CUDA_LAUNCH_BLOCKING=1
Compile with `TORCH_USE_CUDA_DSA` to enable device-side assertions.

SKIP in_vehicle_coupon_recommendation r1f0: RuntimeError: CUDA error: out of memory
CUDA kernel errors might be asynchronously reported at some other API call, so the stacktrace below might be incorrect.
For debugging consider passing CUDA_LAUNCH_BLOCKING=1
Compile with `TORCH_USE_CUDA_DSA` to enable device-side assertions.

SKIP in_vehicle_coupon_recommendation r1f1: RuntimeError: CUDA error: out of memory
CUDA kernel errors might be asynchronously reported at some other API call, so the stacktrace below might be incorrect.
For debugging consider passing CUDA_LAUNCH_BLOCKING=1
Compile with `TORCH_USE_CUDA_DSA` to enable device-side assertions.

SKIP in_vehicle_coupon_recommendation r1f2: RuntimeError: CUDA error: out of memory
CUDA kernel errors might be asynchronously reported at some other API call, so the stacktrace below might be incorrect.
For debugging consider passing CUDA_LAUNCH_BLOCKING=1
Compile with `TORCH_USE_CUDA_DSA` to enable device-side assertions.

SKIP in_vehicle_coupon_recommendation r2f0: RuntimeError: CUDA error: out of memory
CUDA kernel errors might be asynchronously reported at some other API call, so the stacktrace below might be incorrect.
For debugging consider passing CUDA_LAUNCH_BLOCKING=1
Compile with `TORCH_USE_CUDA_DSA` to enable device-side assertions.

SKIP in_vehicle_coupon_recommendation r2f1: RuntimeError: CUDA error: out of memory
CUDA kernel errors might be asynchronously reported at some other API call, so the stacktrace below might be incorrect.
For debugging consider passing CUDA_LAUNCH_BLOCKING=1
Compile with `TORCH_USE_CUDA_DSA` to enable device-side assertions.

SKIP in_vehicle_coupon_recommendation r2f2: RuntimeError: CUDA error: out of memory
CUDA kernel errors might be asynchronously reported at some other API call, so the stacktrace below might be incorrect.
For debugging consider passing CUDA_LAUNCH_BLOCKING=1
Compile with `TORCH_USE_CUDA_DSA` to enable device-side assertions.

SKIP HR_Analytics_Job_Change_of_Data_Scientists r0f0: RuntimeError: CUDA error: out of memory
CUDA kernel errors might be asynchronously reported at some other API call, so the stacktrace below might be incorrect.
For debugging consider passing CUDA_LAUNCH_BLOCKING=1
Compile with `TORCH_USE_CUDA_DSA` to enable device-side assertions.

SKIP HR_Analytics_Job_Change_of_Data_Scientists r0f1: RuntimeError: CUDA error: out of memory
CUDA kernel errors might be asynchronously reported at some other API call, so the stacktrace below might be incorrect.
For debugging consider passing CUDA_LAUNCH_BLOCKING=1
Compile with `TORCH_USE_CUDA_DSA` to enable device-side assertions.

SKIP HR_Analytics_Job_Change_of_Data_Scientists r0f2: RuntimeError: CUDA error: out of memory
CUDA kernel errors might be asynchronously reported at some other API call, so the stacktrace below might be incorrect.
For debugging consider passing CUDA_LAUNCH_BLOCKING=1
Compile with `TORCH_USE_CUDA_DSA` to enable device-side assertions.

SKIP HR_Analytics_Job_Change_of_Data_Scientists r1f0: RuntimeError: CUDA error: out of memory
CUDA kernel errors might be asynchronously reported at some other API call, so the stacktrace below might be incorrect.
For debugging consider passing CUDA_LAUNCH_BLOCKING=1
Compile with `TORCH_USE_CUDA_DSA` to enable device-side assertions.

SKIP HR_Analytics_Job_Change_of_Data_Scientists r1f1: RuntimeError: CUDA error: out of memory
CUDA kernel errors might be asynchronously reported at some other API call, so the stacktrace below might be incorrect.
For debugging consider passing CUDA_LAUNCH_BLOCKING=1
Compile with `TORCH_USE_CUDA_DSA` to enable device-side assertions.

SKIP HR_Analytics_Job_Change_of_Data_Scientists r1f2: RuntimeError: CUDA error: out of memory
CUDA kernel errors might be asynchronously reported at some other API call, so the stacktrace below might be incorrect.
For debugging consider passing CUDA_LAUNCH_BLOCKING=1
Compile with `TORCH_USE_CUDA_DSA` to enable device-side assertions.

SKIP HR_Analytics_Job_Change_of_Data_Scientists r2f0: RuntimeError: CUDA error: out of memory
CUDA kernel errors might be asynchronously reported at some other API call, so the stacktrace below might be incorrect.
For debugging consider passing CUDA_LAUNCH_BLOCKING=1
Compile with `TORCH_USE_CUDA_DSA` to enable device-side assertions.

SKIP HR_Analytics_Job_Change_of_Data_Scientists r2f1: RuntimeError: CUDA error: out of memory
CUDA kernel errors might be asynchronously reported at some other API call, so the stacktrace below might be incorrect.
For debugging consider passing CUDA_LAUNCH_BLOCKING=1
Compile with `TORCH_USE_CUDA_DSA` to enable device-side assertions.

SKIP HR_Analytics_Job_Change_of_Data_Scientists r2f2: RuntimeError: CUDA error: out of memory
CUDA kernel errors might be asynchronously reported at some other API call, so the stacktrace below might be incorrect.
For debugging consider passing CUDA_LAUNCH_BLOCKING=1
Compile with `TORCH_USE_CUDA_DSA` to enable device-side assertions.

SKIP credit_card_clients_default r0f0: RuntimeError: CUDA error: out of memory
CUDA kernel errors might be asynchronously reported at some other API call, so the stacktrace below might be incorrect.
For debugging consider passing CUDA_LAUNCH_BLOCKING=1
Compile with `TORCH_USE_CUDA_DSA` to enable device-side assertions.

SKIP credit_card_clients_default r0f1: RuntimeError: CUDA error: out of memory
CUDA kernel errors might be asynchronously reported at some other API call, so the stacktrace below might be incorrect.
For debugging consider passing CUDA_LAUNCH_BLOCKING=1
Compile with `TORCH_USE_CUDA_DSA` to enable device-side assertions.

SKIP credit_card_clients_default r0f2: RuntimeError: CUDA error: out of memory
CUDA kernel errors might be asynchronously reported at some other API call, so the stacktrace below might be incorrect.
For debugging consider passing CUDA_LAUNCH_BLOCKING=1
Compile with `TORCH_USE_CUDA_DSA` to enable device-side assertions.

SKIP credit_card_clients_default r1f0: RuntimeError: CUDA error: out of memory
CUDA kernel errors might be asynchronously reported at some other API call, so the stacktrace below might be incorrect.
For debugging consider passing CUDA_LAUNCH_BLOCKING=1
Compile with `TORCH_USE_CUDA_DSA` to enable device-side assertions.

SKIP credit_card_clients_default r1f1: RuntimeError: CUDA error: out of memory
CUDA kernel errors might be asynchronously reported at some other API call, so the stacktrace below might be incorrect.
For debugging consider passing CUDA_LAUNCH_BLOCKING=1
Compile with `TORCH_USE_CUDA_DSA` to enable device-side assertions.

SKIP credit_card_clients_default r1f2: RuntimeError: CUDA error: out of memory
CUDA kernel errors might be asynchronously reported at some other API call, so the stacktrace below might be incorrect.
For debugging consider passing CUDA_LAUNCH_BLOCKING=1
Compile with `TORCH_USE_CUDA_DSA` to enable device-side assertions.

SKIP credit_card_clients_default r2f0: RuntimeError: CUDA error: out of memory
CUDA kernel errors might be asynchronously reported at some other API call, so the stacktrace below might be incorrect.
For debugging consider passing CUDA_LAUNCH_BLOCKING=1
Compile with `TORCH_USE_CUDA_DSA` to enable device-side assertions.

SKIP credit_card_clients_default r2f1: RuntimeError: CUDA error: out of memory
CUDA kernel errors might be asynchronously reported at some other API call, so the stacktrace below might be incorrect.
For debugging consider passing CUDA_LAUNCH_BLOCKING=1
Compile with `TORCH_USE_CUDA_DSA` to enable device-side assertions.

SKIP credit_card_clients_default r2f2: RuntimeError: CUDA error: out of memory
CUDA kernel errors might be asynchronously reported at some other API call, so the stacktrace below might be incorrect.
For debugging consider passing CUDA_LAUNCH_BLOCKING=1
Compile with `TORCH_USE_CUDA_DSA` to enable device-side assertions.

SKIP Amazon_employee_access r0f0: RuntimeError: CUDA error: out of memory
CUDA kernel errors might be asynchronously reported at some other API call, so the stacktrace below might be incorrect.
For debugging consider passing CUDA_LAUNCH_BLOCKING=1
Compile with `TORCH_USE_CUDA_DSA` to enable device-side assertions.

SKIP Amazon_employee_access r0f1: RuntimeError: CUDA error: out of memory
CUDA kernel errors might be asynchronously reported at some other API call, so the stacktrace below might be incorrect.
For debugging consider passing CUDA_LAUNCH_BLOCKING=1
Compile with `TORCH_USE_CUDA_DSA` to enable device-side assertions.

SKIP Amazon_employee_access r0f2: RuntimeError: CUDA error: out of memory
CUDA kernel errors might be asynchronously reported at some other API call, so the stacktrace below might be incorrect.
For debugging consider passing CUDA_LAUNCH_BLOCKING=1
Compile with `TORCH_USE_CUDA_DSA` to enable device-side assertions.

SKIP Amazon_employee_access r1f0: RuntimeError: CUDA error: out of memory
CUDA kernel errors might be asynchronously reported at some other API call, so the stacktrace below might be incorrect.
For debugging consider passing CUDA_LAUNCH_BLOCKING=1
Compile with `TORCH_USE_CUDA_DSA` to enable device-side assertions.

SKIP Amazon_employee_access r1f1: RuntimeError: CUDA error: out of memory
CUDA kernel errors might be asynchronously reported at some other API call, so the stacktrace below might be incorrect.
For debugging consider passing CUDA_LAUNCH_BLOCKING=1
Compile with `TORCH_USE_CUDA_DSA` to enable device-side assertions.

SKIP Amazon_employee_access r1f2: RuntimeError: CUDA error: out of memory
CUDA kernel errors might be asynchronously reported at some other API call, so the stacktrace below might be incorrect.
For debugging consider passing CUDA_LAUNCH_BLOCKING=1
Compile with `TORCH_USE_CUDA_DSA` to enable device-side assertions.

SKIP Amazon_employee_access r2f0: RuntimeError: CUDA error: out of memory
CUDA kernel errors might be asynchronously reported at some other API call, so the stacktrace below might be incorrect.
For debugging consider passing CUDA_LAUNCH_BLOCKING=1
Compile with `TORCH_USE_CUDA_DSA` to enable device-side assertions.

SKIP Amazon_employee_access r2f1: RuntimeError: CUDA error: out of memory
CUDA kernel errors might be asynchronously reported at some other API call, so the stacktrace below might be incorrect.
For debugging consider passing CUDA_LAUNCH_BLOCKING=1
Compile with `TORCH_USE_CUDA_DSA` to enable device-side assertions.

SKIP Amazon_employee_access r2f2: RuntimeError: CUDA error: out of memory
CUDA kernel errors might be asynchronously reported at some other API call, so the stacktrace below might be incorrect.
For debugging consider passing CUDA_LAUNCH_BLOCKING=1
Compile with `TORCH_USE_CUDA_DSA` to enable device-side assertions.

SKIP bank-marketing r0f0: RuntimeError: CUDA error: out of memory
CUDA kernel errors might be asynchronously reported at some other API call, so the stacktrace below might be incorrect.
For debugging consider passing CUDA_LAUNCH_BLOCKING=1
Compile with `TORCH_USE_CUDA_DSA` to enable device-side assertions.

SKIP bank-marketing r0f1: RuntimeError: CUDA error: out of memory
CUDA kernel errors might be asynchronously reported at some other API call, so the stacktrace below might be incorrect.
For debugging consider passing CUDA_LAUNCH_BLOCKING=1
Compile with `TORCH_USE_CUDA_DSA` to enable device-side assertions.

SKIP bank-marketing r0f2: RuntimeError: CUDA error: out of memory
CUDA kernel errors might be asynchronously reported at some other API call, so the stacktrace below might be incorrect.
For debugging consider passing CUDA_LAUNCH_BLOCKING=1
Compile with `TORCH_USE_CUDA_DSA` to enable device-side assertions.

SKIP bank-marketing r1f0: RuntimeError: CUDA error: out of memory
CUDA kernel errors might be asynchronously reported at some other API call, so the stacktrace below might be incorrect.
For debugging consider passing CUDA_LAUNCH_BLOCKING=1
Compile with `TORCH_USE_CUDA_DSA` to enable device-side assertions.

SKIP bank-marketing r1f1: RuntimeError: CUDA error: out of memory
CUDA kernel errors might be asynchronously reported at some other API call, so the stacktrace below might be incorrect.
For debugging consider passing CUDA_LAUNCH_BLOCKING=1
Compile with `TORCH_USE_CUDA_DSA` to enable device-side assertions.

SKIP bank-marketing r1f2: RuntimeError: CUDA error: out of memory
CUDA kernel errors might be asynchronously reported at some other API call, so the stacktrace below might be incorrect.
For debugging consider passing CUDA_LAUNCH_BLOCKING=1
Compile with `TORCH_USE_CUDA_DSA` to enable device-side assertions.

SKIP bank-marketing r2f0: RuntimeError: CUDA error: out of memory
CUDA kernel errors might be asynchronously reported at some other API call, so the stacktrace below might be incorrect.
For debugging consider passing CUDA_LAUNCH_BLOCKING=1
Compile with `TORCH_USE_CUDA_DSA` to enable device-side assertions.

SKIP bank-marketing r2f1: RuntimeError: CUDA error: out of memory
CUDA kernel errors might be asynchronously reported at some other API call, so the stacktrace below might be incorrect.
For debugging consider passing CUDA_LAUNCH_BLOCKING=1
Compile with `TORCH_USE_CUDA_DSA` to enable device-side assertions.

SKIP bank-marketing r2f2: RuntimeError: CUDA error: out of memory
CUDA kernel errors might be asynchronously reported at some other API call, so the stacktrace below might be incorrect.
For debugging consider passing CUDA_LAUNCH_BLOCKING=1
Compile with `TORCH_USE_CUDA_DSA` to enable device-side assertions.

SKIP kddcup09_appetency r0f0: RuntimeError: CUDA error: out of memory
CUDA kernel errors might be asynchronously reported at some other API call, so the stacktrace below might be incorrect.
For debugging consider passing CUDA_LAUNCH_BLOCKING=1
Compile with `TORCH_USE_CUDA_DSA` to enable device-side assertions.

SKIP kddcup09_appetency r0f1: RuntimeError: CUDA error: out of memory
CUDA kernel errors might be asynchronously reported at some other API call, so the stacktrace below might be incorrect.
For debugging consider passing CUDA_LAUNCH_BLOCKING=1
Compile with `TORCH_USE_CUDA_DSA` to enable device-side assertions.

SKIP kddcup09_appetency r0f2: RuntimeError: CUDA error: out of memory
CUDA kernel errors might be asynchronously reported at some other API call, so the stacktrace below might be incorrect.
For debugging consider passing CUDA_LAUNCH_BLOCKING=1
Compile with `TORCH_USE_CUDA_DSA` to enable device-side assertions.

SKIP kddcup09_appetency r1f0: RuntimeError: CUDA error: out of memory
CUDA kernel errors might be asynchronously reported at some other API call, so the stacktrace below might be incorrect.
For debugging consider passing CUDA_LAUNCH_BLOCKING=1
Compile with `TORCH_USE_CUDA_DSA` to enable device-side assertions.

SKIP kddcup09_appetency r1f1: RuntimeError: CUDA error: out of memory
CUDA kernel errors might be asynchronously reported at some other API call, so the stacktrace below might be incorrect.
For debugging consider passing CUDA_LAUNCH_BLOCKING=1
Compile with `TORCH_USE_CUDA_DSA` to enable device-side assertions.

SKIP kddcup09_appetency r1f2: RuntimeError: CUDA error: out of memory
CUDA kernel errors might be asynchronously reported at some other API call, so the stacktrace below might be incorrect.
For debugging consider passing CUDA_LAUNCH_BLOCKING=1
Compile with `TORCH_USE_CUDA_DSA` to enable device-side assertions.

SKIP kddcup09_appetency r2f0: RuntimeError: CUDA error: out of memory
CUDA kernel errors might be asynchronously reported at some other API call, so the stacktrace below might be incorrect.
For debugging consider passing CUDA_LAUNCH_BLOCKING=1
Compile with `TORCH_USE_CUDA_DSA` to enable device-side assertions.

SKIP kddcup09_appetency r2f1: RuntimeError: CUDA error: out of memory
CUDA kernel errors might be asynchronously reported at some other API call, so the stacktrace below might be incorrect.
For debugging consider passing CUDA_LAUNCH_BLOCKING=1
Compile with `TORCH_USE_CUDA_DSA` to enable device-side assertions.

SKIP kddcup09_appetency r2f2: RuntimeError: CUDA error: out of memory
CUDA kernel errors might be asynchronously reported at some other API call, so the stacktrace below might be incorrect.
For debugging consider passing CUDA_LAUNCH_BLOCKING=1
Compile with `TORCH_USE_CUDA_DSA` to enable device-side assertions.

SKIP Diabetes130US r0f0: RuntimeError: CUDA error: out of memory
CUDA kernel errors might be asynchronously reported at some other API call, so the stacktrace below might be incorrect.
For debugging consider passing CUDA_LAUNCH_BLOCKING=1
Compile with `TORCH_USE_CUDA_DSA` to enable device-side assertions.

SKIP Diabetes130US r0f1: RuntimeError: CUDA error: out of memory
CUDA kernel errors might be asynchronously reported at some other API call, so the stacktrace below might be incorrect.
For debugging consider passing CUDA_LAUNCH_BLOCKING=1
Compile with `TORCH_USE_CUDA_DSA` to enable device-side assertions.

SKIP Diabetes130US r0f2: RuntimeError: CUDA error: out of memory
CUDA kernel errors might be asynchronously reported at some other API call, so the stacktrace below might be incorrect.
For debugging consider passing CUDA_LAUNCH_BLOCKING=1
Compile with `TORCH_USE_CUDA_DSA` to enable device-side assertions.

SKIP Diabetes130US r1f0: RuntimeError: CUDA error: out of memory
CUDA kernel errors might be asynchronously reported at some other API call, so the stacktrace below might be incorrect.
For debugging consider passing CUDA_LAUNCH_BLOCKING=1
Compile with `TORCH_USE_CUDA_DSA` to enable device-side assertions.

SKIP Diabetes130US r1f1: RuntimeError: CUDA error: out of memory
CUDA kernel errors might be asynchronously reported at some other API call, so the stacktrace below might be incorrect.
For debugging consider passing CUDA_LAUNCH_BLOCKING=1
Compile with `TORCH_USE_CUDA_DSA` to enable device-side assertions.

SKIP Diabetes130US r1f2: RuntimeError: CUDA error: out of memory
CUDA kernel errors might be asynchronously reported at some other API call, so the stacktrace below might be incorrect.
For debugging consider passing CUDA_LAUNCH_BLOCKING=1
Compile with `TORCH_USE_CUDA_DSA` to enable device-side assertions.

SKIP Diabetes130US r2f0: RuntimeError: CUDA error: out of memory
CUDA kernel errors might be asynchronously reported at some other API call, so the stacktrace below might be incorrect.
For debugging consider passing CUDA_LAUNCH_BLOCKING=1
Compile with `TORCH_USE_CUDA_DSA` to enable device-side assertions.

SKIP Diabetes130US r2f1: RuntimeError: CUDA error: out of memory
CUDA kernel errors might be asynchronously reported at some other API call, so the stacktrace below might be incorrect.
For debugging consider passing CUDA_LAUNCH_BLOCKING=1
Compile with `TORCH_USE_CUDA_DSA` to enable device-side assertions.

SKIP Diabetes130US r2f2: RuntimeError: CUDA error: out of memory
CUDA kernel errors might be asynchronously reported at some other API call, so the stacktrace below might be incorrect.
For debugging consider passing CUDA_LAUNCH_BLOCKING=1
Compile with `TORCH_USE_CUDA_DSA` to enable device-side assertions.

SKIP APSFailure r0f0: RuntimeError: CUDA error: out of memory
CUDA kernel errors might be asynchronously reported at some other API call, so the stacktrace below might be incorrect.
For debugging consider passing CUDA_LAUNCH_BLOCKING=1
Compile with `TORCH_USE_CUDA_DSA` to enable device-side assertions.

SKIP APSFailure r0f1: RuntimeError: CUDA error: out of memory
CUDA kernel errors might be asynchronously reported at some other API call, so the stacktrace below might be incorrect.
For debugging consider passing CUDA_LAUNCH_BLOCKING=1
Compile with `TORCH_USE_CUDA_DSA` to enable device-side assertions.

SKIP APSFailure r0f2: RuntimeError: CUDA error: out of memory
CUDA kernel errors might be asynchronously reported at some other API call, so the stacktrace below might be incorrect.
For debugging consider passing CUDA_LAUNCH_BLOCKING=1
Compile with `TORCH_USE_CUDA_DSA` to enable device-side assertions.

SKIP APSFailure r1f0: RuntimeError: CUDA error: out of memory
CUDA kernel errors might be asynchronously reported at some other API call, so the stacktrace below might be incorrect.
For debugging consider passing CUDA_LAUNCH_BLOCKING=1
Compile with `TORCH_USE_CUDA_DSA` to enable device-side assertions.

SKIP APSFailure r1f1: RuntimeError: CUDA error: out of memory
CUDA kernel errors might be asynchronously reported at some other API call, so the stacktrace below might be incorrect.
For debugging consider passing CUDA_LAUNCH_BLOCKING=1
Compile with `TORCH_USE_CUDA_DSA` to enable device-side assertions.

SKIP APSFailure r1f2: RuntimeError: CUDA error: out of memory
CUDA kernel errors might be asynchronously reported at some other API call, so the stacktrace below might be incorrect.
For debugging consider passing CUDA_LAUNCH_BLOCKING=1
Compile with `TORCH_USE_CUDA_DSA` to enable device-side assertions.

SKIP APSFailure r2f0: RuntimeError: CUDA error: out of memory
CUDA kernel errors might be asynchronously reported at some other API call, so the stacktrace below might be incorrect.
For debugging consider passing CUDA_LAUNCH_BLOCKING=1
Compile with `TORCH_USE_CUDA_DSA` to enable device-side assertions.

SKIP APSFailure r2f1: RuntimeError: CUDA error: out of memory
CUDA kernel errors might be asynchronously reported at some other API call, so the stacktrace below might be incorrect.
For debugging consider passing CUDA_LAUNCH_BLOCKING=1
Compile with `TORCH_USE_CUDA_DSA` to enable device-side assertions.

SKIP APSFailure r2f2: RuntimeError: CUDA error: out of memory
CUDA kernel errors might be asynchronously reported at some other API call, so the stacktrace below might be incorrect.
For debugging consider passing CUDA_LAUNCH_BLOCKING=1
Compile with `TORCH_USE_CUDA_DSA` to enable device-side assertions.

SKIP SDSS17 r0f0: RuntimeError: CUDA error: out of memory
CUDA kernel errors might be asynchronously reported at some other API call, so the stacktrace below might be incorrect.
For debugging consider passing CUDA_LAUNCH_BLOCKING=1
Compile with `TORCH_USE_CUDA_DSA` to enable device-side assertions.

SKIP SDSS17 r0f1: RuntimeError: CUDA error: out of memory
CUDA kernel errors might be asynchronously reported at some other API call, so the stacktrace below might be incorrect.
For debugging consider passing CUDA_LAUNCH_BLOCKING=1
Compile with `TORCH_USE_CUDA_DSA` to enable device-side assertions.

SKIP SDSS17 r0f2: RuntimeError: CUDA error: out of memory
CUDA kernel errors might be asynchronously reported at some other API call, so the stacktrace below might be incorrect.
For debugging consider passing CUDA_LAUNCH_BLOCKING=1
Compile with `TORCH_USE_CUDA_DSA` to enable device-side assertions.

SKIP SDSS17 r1f0: RuntimeError: CUDA error: out of memory
CUDA kernel errors might be asynchronously reported at some other API call, so the stacktrace below might be incorrect.
For debugging consider passing CUDA_LAUNCH_BLOCKING=1
Compile with `TORCH_USE_CUDA_DSA` to enable device-side assertions.

SKIP SDSS17 r1f1: RuntimeError: CUDA error: out of memory
CUDA kernel errors might be asynchronously reported at some other API call, so the stacktrace below might be incorrect.
For debugging consider passing CUDA_LAUNCH_BLOCKING=1
Compile with `TORCH_USE_CUDA_DSA` to enable device-side assertions.

SKIP SDSS17 r1f2: RuntimeError: CUDA error: out of memory
CUDA kernel errors might be asynchronously reported at some other API call, so the stacktrace below might be incorrect.
For debugging consider passing CUDA_LAUNCH_BLOCKING=1
Compile with `TORCH_USE_CUDA_DSA` to enable device-side assertions.

SKIP SDSS17 r2f0: RuntimeError: CUDA error: out of memory
CUDA kernel errors might be asynchronously reported at some other API call, so the stacktrace below might be incorrect.
For debugging consider passing CUDA_LAUNCH_BLOCKING=1
Compile with `TORCH_USE_CUDA_DSA` to enable device-side assertions.

SKIP SDSS17 r2f1: RuntimeError: CUDA error: out of memory
CUDA kernel errors might be asynchronously reported at some other API call, so the stacktrace below might be incorrect.
For debugging consider passing CUDA_LAUNCH_BLOCKING=1
Compile with `TORCH_USE_CUDA_DSA` to enable device-side assertions.

SKIP SDSS17 r2f2: RuntimeError: CUDA error: out of memory
CUDA kernel errors might be asynchronously reported at some other API call, so the stacktrace below might be incorrect.
For debugging consider passing CUDA_LAUNCH_BLOCKING=1
Compile with `TORCH_USE_CUDA_DSA` to enable device-side assertions.

SKIP customer_satisfaction_in_airline r0f0: RuntimeError: CUDA error: out of memory
CUDA kernel errors might be asynchronously reported at some other API call, so the stacktrace below might be incorrect.
For debugging consider passing CUDA_LAUNCH_BLOCKING=1
Compile with `TORCH_USE_CUDA_DSA` to enable device-side assertions.

SKIP customer_satisfaction_in_airline r0f1: RuntimeError: CUDA error: out of memory
CUDA kernel errors might be asynchronously reported at some other API call, so the stacktrace below might be incorrect.
For debugging consider passing CUDA_LAUNCH_BLOCKING=1
Compile with `TORCH_USE_CUDA_DSA` to enable device-side assertions.

SKIP customer_satisfaction_in_airline r0f2: RuntimeError: CUDA error: out of memory
CUDA kernel errors might be asynchronously reported at some other API call, so the stacktrace below might be incorrect.
For debugging consider passing CUDA_LAUNCH_BLOCKING=1
Compile with `TORCH_USE_CUDA_DSA` to enable device-side assertions.

SKIP customer_satisfaction_in_airline r1f0: RuntimeError: CUDA error: out of memory
CUDA kernel errors might be asynchronously reported at some other API call, so the stacktrace below might be incorrect.
For debugging consider passing CUDA_LAUNCH_BLOCKING=1
Compile with `TORCH_USE_CUDA_DSA` to enable device-side assertions.

SKIP customer_satisfaction_in_airline r1f1: RuntimeError: CUDA error: out of memory
CUDA kernel errors might be asynchronously reported at some other API call, so the stacktrace below might be incorrect.
For debugging consider passing CUDA_LAUNCH_BLOCKING=1
Compile with `TORCH_USE_CUDA_DSA` to enable device-side assertions.

SKIP customer_satisfaction_in_airline r1f2: RuntimeError: CUDA error: out of memory
CUDA kernel errors might be asynchronously reported at some other API call, so the stacktrace below might be incorrect.
For debugging consider passing CUDA_LAUNCH_BLOCKING=1
Compile with `TORCH_USE_CUDA_DSA` to enable device-side assertions.

SKIP customer_satisfaction_in_airline r2f0: RuntimeError: CUDA error: out of memory
CUDA kernel errors might be asynchronously reported at some other API call, so the stacktrace below might be incorrect.
For debugging consider passing CUDA_LAUNCH_BLOCKING=1
Compile with `TORCH_USE_CUDA_DSA` to enable device-side assertions.

SKIP customer_satisfaction_in_airline r2f1: RuntimeError: CUDA error: out of memory
CUDA kernel errors might be asynchronously reported at some other API call, so the stacktrace below might be incorrect.
For debugging consider passing CUDA_LAUNCH_BLOCKING=1
Compile with `TORCH_USE_CUDA_DSA` to enable device-side assertions.

SKIP customer_satisfaction_in_airline r2f2: RuntimeError: CUDA error: out of memory
CUDA kernel errors might be asynchronously reported at some other API call, so the stacktrace below might be incorrect.
For debugging consider passing CUDA_LAUNCH_BLOCKING=1
Compile with `TORCH_USE_CUDA_DSA` to enable device-side assertions.

SKIP GiveMeSomeCredit r0f0: RuntimeError: CUDA error: out of memory
CUDA kernel errors might be asynchronously reported at some other API call, so the stacktrace below might be incorrect.
For debugging consider passing CUDA_LAUNCH_BLOCKING=1
Compile with `TORCH_USE_CUDA_DSA` to enable device-side assertions.

SKIP GiveMeSomeCredit r0f1: RuntimeError: CUDA error: out of memory
CUDA kernel errors might be asynchronously reported at some other API call, so the stacktrace below might be incorrect.
For debugging consider passing CUDA_LAUNCH_BLOCKING=1
Compile with `TORCH_USE_CUDA_DSA` to enable device-side assertions.

SKIP GiveMeSomeCredit r0f2: RuntimeError: CUDA error: out of memory
CUDA kernel errors might be asynchronously reported at some other API call, so the stacktrace below might be incorrect.
For debugging consider passing CUDA_LAUNCH_BLOCKING=1
Compile with `TORCH_USE_CUDA_DSA` to enable device-side assertions.

SKIP GiveMeSomeCredit r1f0: RuntimeError: CUDA error: out of memory
CUDA kernel errors might be asynchronously reported at some other API call, so the stacktrace below might be incorrect.
For debugging consider passing CUDA_LAUNCH_BLOCKING=1
Compile with `TORCH_USE_CUDA_DSA` to enable device-side assertions.

SKIP GiveMeSomeCredit r1f1: RuntimeError: CUDA error: out of memory
CUDA kernel errors might be asynchronously reported at some other API call, so the stacktrace below might be incorrect.
For debugging consider passing CUDA_LAUNCH_BLOCKING=1
Compile with `TORCH_USE_CUDA_DSA` to enable device-side assertions.

SKIP GiveMeSomeCredit r1f2: RuntimeError: CUDA error: out of memory
CUDA kernel errors might be asynchronously reported at some other API call, so the stacktrace below might be incorrect.
For debugging consider passing CUDA_LAUNCH_BLOCKING=1
Compile with `TORCH_USE_CUDA_DSA` to enable device-side assertions.

SKIP GiveMeSomeCredit r2f0: RuntimeError: CUDA error: out of memory
CUDA kernel errors might be asynchronously reported at some other API call, so the stacktrace below might be incorrect.
For debugging consider passing CUDA_LAUNCH_BLOCKING=1
Compile with `TORCH_USE_CUDA_DSA` to enable device-side assertions.

SKIP GiveMeSomeCredit r2f1: RuntimeError: CUDA error: out of memory
CUDA kernel errors might be asynchronously reported at some other API call, so the stacktrace below might be incorrect.
For debugging consider passing CUDA_LAUNCH_BLOCKING=1
Compile with `TORCH_USE_CUDA_DSA` to enable device-side assertions.

SKIP GiveMeSomeCredit r2f2: RuntimeError: CUDA error: out of memory
CUDA kernel errors might be asynchronously reported at some other API call, so the stacktrace below might be incorrect.
For debugging consider passing CUDA_LAUNCH_BLOCKING=1
Compile with `TORCH_USE_CUDA_DSA` to enable device-side assertions.

done 1227 rows -> C:\Users\iamsa\Documents\ISAB-r\phase1\experiments\h2-barnes-hut-tabiclv2\code\..\results\real_tabarena_results.csv
EXCLUDED (extreme feature count, never successfully run): ['Bioresponse', 'hiva_agnostic']
36 classification tasks, subprocess-isolated per dataset
=== blood-transfusion-service-center (n_train=499, n_feat=4) ===
worker done: blood-transfusion-service-center, 0 new rows
=== diabetes (n_train=512, n_feat=8) ===
worker done: diabetes, 0 new rows
=== anneal (n_train=599, n_feat=38) ===
worker done: anneal, 0 new rows
=== credit-g (n_train=667, n_feat=20) ===
worker done: credit-g, 0 new rows
=== maternal_health_risk (n_train=676, n_feat=6) ===
worker done: maternal_health_risk, 0 new rows
=== qsar-biodeg (n_train=703, n_feat=41) ===
worker done: qsar-biodeg, 0 new rows
=== website_phishing (n_train=902, n_feat=9) ===
worker done: website_phishing, 0 new rows
=== Fitness_Club (n_train=1000, n_feat=6) ===
worker done: Fitness_Club, 0 new rows
=== MIC (n_train=1133, n_feat=111) ===
worker done: MIC, 0 new rows
=== Is-this-a-good-customer (n_train=1149, n_feat=13) ===
worker done: Is-this-a-good-customer, 0 new rows
=== Marketing_Campaign (n_train=1493, n_feat=25) ===
worker done: Marketing_Campaign, 0 new rows
=== hazelnut-spread-contaminant-detection (n_train=1600, n_feat=30) ===
worker done: hazelnut-spread-contaminant-detection, 0 new rows
=== seismic-bumps (n_train=1723, n_feat=15) ===
worker done: seismic-bumps, 0 new rows
=== splice (n_train=2127, n_feat=60) ===
worker done: splice, 0 new rows
=== students_dropout_and_academic_success (n_train=2949, n_feat=36) ===
worker done: students_dropout_and_academic_success, 0 new rows
=== churn (n_train=3333, n_feat=19) ===
worker done: churn, 0 new rows
=== polish_companies_bankruptcy (n_train=3940, n_feat=64) ===
worker done: polish_companies_bankruptcy, 0 new rows
=== taiwanese_bankruptcy_prediction (n_train=4546, n_feat=94) ===
SKIP taiwanese_bankruptcy_prediction r0f0: OutOfMemoryError: CUDA out of memory. Tried to allocate 1.88 GiB. GPU 0 has a total capacity of 4.00 GiB of which 0 bytes is free. Of the allocated memory 6.79 GiB is allocated by PyTorch, and 3.10 GiB is reserved by PyTorch but unallocated. If reserved but unallocated memory is large try setting PYTORCH_CUDA_ALLOC_CONF=expandable_segments:True to avoid fragmentation.  See documentation for Memory Management  (https://pytorch.org/docs/stable/notes/cuda.html#environment-variables)
SKIP taiwanese_bankruptcy_prediction r0f1: RuntimeError: CUDA error: out of memory
CUDA kernel errors might be asynchronously reported at some other API call, so the stacktrace below might be incorrect.
For debugging consider passing CUDA_LAUNCH_BLOCKING=1
Compile with `TORCH_USE_CUDA_DSA` to enable device-side assertions.

SKIP taiwanese_bankruptcy_prediction r0f2: RuntimeError: CUDA error: out of memory
CUDA kernel errors might be asynchronously reported at some other API call, so the stacktrace below might be incorrect.
For debugging consider passing CUDA_LAUNCH_BLOCKING=1
Compile with `TORCH_USE_CUDA_DSA` to enable device-side assertions.

SKIP taiwanese_bankruptcy_prediction r1f0: RuntimeError: CUDA error: out of memory
CUDA kernel errors might be asynchronously reported at some other API call, so the stacktrace below might be incorrect.
For debugging consider passing CUDA_LAUNCH_BLOCKING=1
Compile with `TORCH_USE_CUDA_DSA` to enable device-side assertions.

SKIP taiwanese_bankruptcy_prediction r1f1: RuntimeError: CUDA error: out of memory
CUDA kernel errors might be asynchronously reported at some other API call, so the stacktrace below might be incorrect.
For debugging consider passing CUDA_LAUNCH_BLOCKING=1
Compile with `TORCH_USE_CUDA_DSA` to enable device-side assertions.

SKIP taiwanese_bankruptcy_prediction r1f2: RuntimeError: CUDA error: out of memory
CUDA kernel errors might be asynchronously reported at some other API call, so the stacktrace below might be incorrect.
For debugging consider passing CUDA_LAUNCH_BLOCKING=1
Compile with `TORCH_USE_CUDA_DSA` to enable device-side assertions.

SKIP taiwanese_bankruptcy_prediction r2f0: RuntimeError: CUDA error: out of memory
CUDA kernel errors might be asynchronously reported at some other API call, so the stacktrace below might be incorrect.
For debugging consider passing CUDA_LAUNCH_BLOCKING=1
Compile with `TORCH_USE_CUDA_DSA` to enable device-side assertions.

SKIP taiwanese_bankruptcy_prediction r2f1: RuntimeError: CUDA error: out of memory
CUDA kernel errors might be asynchronously reported at some other API call, so the stacktrace below might be incorrect.
For debugging consider passing CUDA_LAUNCH_BLOCKING=1
Compile with `TORCH_USE_CUDA_DSA` to enable device-side assertions.

SKIP taiwanese_bankruptcy_prediction r2f2: RuntimeError: CUDA error: out of memory
CUDA kernel errors might be asynchronously reported at some other API call, so the stacktrace below might be incorrect.
For debugging consider passing CUDA_LAUNCH_BLOCKING=1
Compile with `TORCH_USE_CUDA_DSA` to enable device-side assertions.

worker done: taiwanese_bankruptcy_prediction, 4 new rows
=== NATICUSdroid (n_train=4994, n_feat=86) ===
SKIP NATICUSdroid r0f0: RuntimeError: CUDA error: out of memory
CUDA kernel errors might be asynchronously reported at some other API call, so the stacktrace below might be incorrect.
For debugging consider passing CUDA_LAUNCH_BLOCKING=1
Compile with `TORCH_USE_CUDA_DSA` to enable device-side assertions.

SKIP NATICUSdroid r0f1: RuntimeError: CUDA error: out of memory
CUDA kernel errors might be asynchronously reported at some other API call, so the stacktrace below might be incorrect.
For debugging consider passing CUDA_LAUNCH_BLOCKING=1
Compile with `TORCH_USE_CUDA_DSA` to enable device-side assertions.

SKIP NATICUSdroid r0f2: RuntimeError: CUDA error: out of memory
CUDA kernel errors might be asynchronously reported at some other API call, so the stacktrace below might be incorrect.
For debugging consider passing CUDA_LAUNCH_BLOCKING=1
Compile with `TORCH_USE_CUDA_DSA` to enable device-side assertions.

SKIP NATICUSdroid r1f0: RuntimeError: CUDA error: out of memory
CUDA kernel errors might be asynchronously reported at some other API call, so the stacktrace below might be incorrect.
For debugging consider passing CUDA_LAUNCH_BLOCKING=1
Compile with `TORCH_USE_CUDA_DSA` to enable device-side assertions.

SKIP NATICUSdroid r1f1: RuntimeError: CUDA error: out of memory
CUDA kernel errors might be asynchronously reported at some other API call, so the stacktrace below might be incorrect.
For debugging consider passing CUDA_LAUNCH_BLOCKING=1
Compile with `TORCH_USE_CUDA_DSA` to enable device-side assertions.

SKIP NATICUSdroid r1f2: RuntimeError: CUDA error: out of memory
CUDA kernel errors might be asynchronously reported at some other API call, so the stacktrace below might be incorrect.
For debugging consider passing CUDA_LAUNCH_BLOCKING=1
Compile with `TORCH_USE_CUDA_DSA` to enable device-side assertions.

SKIP NATICUSdroid r2f0: RuntimeError: CUDA error: out of memory
CUDA kernel errors might be asynchronously reported at some other API call, so the stacktrace below might be incorrect.
For debugging consider passing CUDA_LAUNCH_BLOCKING=1
Compile with `TORCH_USE_CUDA_DSA` to enable device-side assertions.

SKIP NATICUSdroid r2f1: RuntimeError: CUDA error: out of memory
CUDA kernel errors might be asynchronously reported at some other API call, so the stacktrace below might be incorrect.
For debugging consider passing CUDA_LAUNCH_BLOCKING=1
Compile with `TORCH_USE_CUDA_DSA` to enable device-side assertions.

SKIP NATICUSdroid r2f2: RuntimeError: CUDA error: out of memory
CUDA kernel errors might be asynchronously reported at some other API call, so the stacktrace below might be incorrect.
For debugging consider passing CUDA_LAUNCH_BLOCKING=1
Compile with `TORCH_USE_CUDA_DSA` to enable device-side assertions.

worker done: NATICUSdroid, 2 new rows
=== coil2000_insurance_policies (n_train=6548, n_feat=85) ===
SKIP coil2000_insurance_policies r0f0: OutOfMemoryError: CUDA out of memory. Tried to allocate 7.74 GiB. GPU 0 has a total capacity of 4.00 GiB of which 1.43 GiB is free. Of the allocated memory 1.74 GiB is allocated by PyTorch, and 12.87 MiB is reserved by PyTorch but unallocated. If reserved but unallocated memory is large try setting PYTORCH_CUDA_ALLOC_CONF=expandable_segments:True to avoid fragmentation.  See documentation for Memory Management  (https://pytorch.org/docs/stable/notes/cuda.html#environment-variables)
SKIP coil2000_insurance_policies r0f1: OutOfMemoryError: CUDA out of memory. Tried to allocate 7.74 GiB. GPU 0 has a total capacity of 4.00 GiB of which 1.29 GiB is free. Of the allocated memory 1.84 GiB is allocated by PyTorch, and 59.68 MiB is reserved by PyTorch but unallocated. If reserved but unallocated memory is large try setting PYTORCH_CUDA_ALLOC_CONF=expandable_segments:True to avoid fragmentation.  See documentation for Memory Management  (https://pytorch.org/docs/stable/notes/cuda.html#environment-variables)
SKIP coil2000_insurance_policies r0f2: OutOfMemoryError: CUDA out of memory. Tried to allocate 7.74 GiB. GPU 0 has a total capacity of 4.00 GiB of which 1.29 GiB is free. Of the allocated memory 1.84 GiB is allocated by PyTorch, and 60.08 MiB is reserved by PyTorch but unallocated. If reserved but unallocated memory is large try setting PYTORCH_CUDA_ALLOC_CONF=expandable_segments:True to avoid fragmentation.  See documentation for Memory Management  (https://pytorch.org/docs/stable/notes/cuda.html#environment-variables)
SKIP coil2000_insurance_policies r1f0: OutOfMemoryError: CUDA out of memory. Tried to allocate 7.74 GiB. GPU 0 has a total capacity of 4.00 GiB of which 1.20 GiB is free. Of the allocated memory 1.94 GiB is allocated by PyTorch, and 54.90 MiB is reserved by PyTorch but unallocated. If reserved but unallocated memory is large try setting PYTORCH_CUDA_ALLOC_CONF=expandable_segments:True to avoid fragmentation.  See documentation for Memory Management  (https://pytorch.org/docs/stable/notes/cuda.html#environment-variables)
SKIP coil2000_insurance_policies r1f1: OutOfMemoryError: CUDA out of memory. Tried to allocate 7.74 GiB. GPU 0 has a total capacity of 4.00 GiB of which 1.09 GiB is free. Of the allocated memory 2.03 GiB is allocated by PyTorch, and 61.75 MiB is reserved by PyTorch but unallocated. If reserved but unallocated memory is large try setting PYTORCH_CUDA_ALLOC_CONF=expandable_segments:True to avoid fragmentation.  See documentation for Memory Management  (https://pytorch.org/docs/stable/notes/cuda.html#environment-variables)
SKIP coil2000_insurance_policies r1f2: OutOfMemoryError: CUDA out of memory. Tried to allocate 7.74 GiB. GPU 0 has a total capacity of 4.00 GiB of which 1.00 GiB is free. Of the allocated memory 2.13 GiB is allocated by PyTorch, and 54.14 MiB is reserved by PyTorch but unallocated. If reserved but unallocated memory is large try setting PYTORCH_CUDA_ALLOC_CONF=expandable_segments:True to avoid fragmentation.  See documentation for Memory Management  (https://pytorch.org/docs/stable/notes/cuda.html#environment-variables)
SKIP coil2000_insurance_policies r2f0: OutOfMemoryError: CUDA out of memory. Tried to allocate 7.74 GiB. GPU 0 has a total capacity of 4.00 GiB of which 921.40 MiB is free. Of the allocated memory 2.23 GiB is allocated by PyTorch, and 61.39 MiB is reserved by PyTorch but unallocated. If reserved but unallocated memory is large try setting PYTORCH_CUDA_ALLOC_CONF=expandable_segments:True to avoid fragmentation.  See documentation for Memory Management  (https://pytorch.org/docs/stable/notes/cuda.html#environment-variables)
SKIP coil2000_insurance_policies r2f1: OutOfMemoryError: CUDA out of memory. Tried to allocate 7.74 GiB. GPU 0 has a total capacity of 4.00 GiB of which 829.40 MiB is free. Of the allocated memory 2.32 GiB is allocated by PyTorch, and 53.78 MiB is reserved by PyTorch but unallocated. If reserved but unallocated memory is large try setting PYTORCH_CUDA_ALLOC_CONF=expandable_segments:True to avoid fragmentation.  See documentation for Memory Management  (https://pytorch.org/docs/stable/notes/cuda.html#environment-variables)
SKIP coil2000_insurance_policies r2f2: OutOfMemoryError: CUDA out of memory. Tried to allocate 7.74 GiB. GPU 0 has a total capacity of 4.00 GiB of which 723.40 MiB is free. Of the allocated memory 2.42 GiB is allocated by PyTorch, and 61.03 MiB is reserved by PyTorch but unallocated. If reserved but unallocated memory is large try setting PYTORCH_CUDA_ALLOC_CONF=expandable_segments:True to avoid fragmentation.  See documentation for Memory Management  (https://pytorch.org/docs/stable/notes/cuda.html#environment-variables)
worker done: coil2000_insurance_policies, 18 new rows
=== Bank_Customer_Churn (n_train=6667, n_feat=10) ===
SKIP Bank_Customer_Churn r0f0: RuntimeError: CUDA error: out of memory
CUDA kernel errors might be asynchronously reported at some other API call, so the stacktrace below might be incorrect.
For debugging consider passing CUDA_LAUNCH_BLOCKING=1
Compile with `TORCH_USE_CUDA_DSA` to enable device-side assertions.

SKIP Bank_Customer_Churn r0f1: RuntimeError: CUDA error: out of memory
CUDA kernel errors might be asynchronously reported at some other API call, so the stacktrace below might be incorrect.
For debugging consider passing CUDA_LAUNCH_BLOCKING=1
Compile with `TORCH_USE_CUDA_DSA` to enable device-side assertions.

SKIP Bank_Customer_Churn r0f2: RuntimeError: CUDA error: out of memory
CUDA kernel errors might be asynchronously reported at some other API call, so the stacktrace below might be incorrect.
For debugging consider passing CUDA_LAUNCH_BLOCKING=1
Compile with `TORCH_USE_CUDA_DSA` to enable device-side assertions.

SKIP Bank_Customer_Churn r1f0: RuntimeError: CUDA error: out of memory
CUDA kernel errors might be asynchronously reported at some other API call, so the stacktrace below might be incorrect.
For debugging consider passing CUDA_LAUNCH_BLOCKING=1
Compile with `TORCH_USE_CUDA_DSA` to enable device-side assertions.

SKIP Bank_Customer_Churn r1f1: RuntimeError: CUDA error: out of memory
CUDA kernel errors might be asynchronously reported at some other API call, so the stacktrace below might be incorrect.
For debugging consider passing CUDA_LAUNCH_BLOCKING=1
Compile with `TORCH_USE_CUDA_DSA` to enable device-side assertions.

SKIP Bank_Customer_Churn r1f2: RuntimeError: CUDA error: out of memory
CUDA kernel errors might be asynchronously reported at some other API call, so the stacktrace below might be incorrect.
For debugging consider passing CUDA_LAUNCH_BLOCKING=1
Compile with `TORCH_USE_CUDA_DSA` to enable device-side assertions.

SKIP Bank_Customer_Churn r2f0: RuntimeError: CUDA error: out of memory
CUDA kernel errors might be asynchronously reported at some other API call, so the stacktrace below might be incorrect.
For debugging consider passing CUDA_LAUNCH_BLOCKING=1
Compile with `TORCH_USE_CUDA_DSA` to enable device-side assertions.

SKIP Bank_Customer_Churn r2f1: RuntimeError: CUDA error: out of memory
CUDA kernel errors might be asynchronously reported at some other API call, so the stacktrace below might be incorrect.
For debugging consider passing CUDA_LAUNCH_BLOCKING=1
Compile with `TORCH_USE_CUDA_DSA` to enable device-side assertions.

SKIP Bank_Customer_Churn r2f2: RuntimeError: CUDA error: out of memory
CUDA kernel errors might be asynchronously reported at some other API call, so the stacktrace below might be incorrect.
For debugging consider passing CUDA_LAUNCH_BLOCKING=1
Compile with `TORCH_USE_CUDA_DSA` to enable device-side assertions.

worker done: Bank_Customer_Churn, 2 new rows
=== heloc (n_train=6973, n_feat=23) ===
SKIP heloc r0f0: OutOfMemoryError: CUDA out of memory. Tried to allocate 8.77 GiB. GPU 0 has a total capacity of 4.00 GiB of which 1.20 GiB is free. Of the allocated memory 1.94 GiB is allocated by PyTorch, and 64.96 MiB is reserved by PyTorch but unallocated. If reserved but unallocated memory is large try setting PYTORCH_CUDA_ALLOC_CONF=expandable_segments:True to avoid fragmentation.  See documentation for Memory Management  (https://pytorch.org/docs/stable/notes/cuda.html#environment-variables)
SKIP heloc r0f1: OutOfMemoryError: CUDA out of memory. Tried to allocate 8.78 GiB. GPU 0 has a total capacity of 4.00 GiB of which 1.15 GiB is free. Of the allocated memory 2.04 GiB is allocated by PyTorch, and 9.92 MiB is reserved by PyTorch but unallocated. If reserved but unallocated memory is large try setting PYTORCH_CUDA_ALLOC_CONF=expandable_segments:True to avoid fragmentation.  See documentation for Memory Management  (https://pytorch.org/docs/stable/notes/cuda.html#environment-variables)
SKIP heloc r0f2: OutOfMemoryError: CUDA out of memory. Tried to allocate 8.78 GiB. GPU 0 has a total capacity of 4.00 GiB of which 1.15 GiB is free. Of the allocated memory 2.03 GiB is allocated by PyTorch, and 10.93 MiB is reserved by PyTorch but unallocated. If reserved but unallocated memory is large try setting PYTORCH_CUDA_ALLOC_CONF=expandable_segments:True to avoid fragmentation.  See documentation for Memory Management  (https://pytorch.org/docs/stable/notes/cuda.html#environment-variables)
SKIP heloc r1f0: OutOfMemoryError: CUDA out of memory. Tried to allocate 8.77 GiB. GPU 0 has a total capacity of 4.00 GiB of which 1.06 GiB is free. Of the allocated memory 2.13 GiB is allocated by PyTorch, and 13.50 MiB is reserved by PyTorch but unallocated. If reserved but unallocated memory is large try setting PYTORCH_CUDA_ALLOC_CONF=expandable_segments:True to avoid fragmentation.  See documentation for Memory Management  (https://pytorch.org/docs/stable/notes/cuda.html#environment-variables)
SKIP heloc r1f1: OutOfMemoryError: CUDA out of memory. Tried to allocate 8.78 GiB. GPU 0 has a total capacity of 4.00 GiB of which 983.40 MiB is free. Of the allocated memory 2.23 GiB is allocated by PyTorch, and 11.56 MiB is reserved by PyTorch but unallocated. If reserved but unallocated memory is large try setting PYTORCH_CUDA_ALLOC_CONF=expandable_segments:True to avoid fragmentation.  See documentation for Memory Management  (https://pytorch.org/docs/stable/notes/cuda.html#environment-variables)
SKIP heloc r1f2: OutOfMemoryError: CUDA out of memory. Tried to allocate 8.78 GiB. GPU 0 has a total capacity of 4.00 GiB of which 885.40 MiB is free. Of the allocated memory 2.32 GiB is allocated by PyTorch, and 11.38 MiB is reserved by PyTorch but unallocated. If reserved but unallocated memory is large try setting PYTORCH_CUDA_ALLOC_CONF=expandable_segments:True to avoid fragmentation.  See documentation for Memory Management  (https://pytorch.org/docs/stable/notes/cuda.html#environment-variables)
SKIP heloc r2f0: OutOfMemoryError: CUDA out of memory. Tried to allocate 8.77 GiB. GPU 0 has a total capacity of 4.00 GiB of which 787.40 MiB is free. Of the allocated memory 2.42 GiB is allocated by PyTorch, and 12.40 MiB is reserved by PyTorch but unallocated. If reserved but unallocated memory is large try setting PYTORCH_CUDA_ALLOC_CONF=expandable_segments:True to avoid fragmentation.  See documentation for Memory Management  (https://pytorch.org/docs/stable/notes/cuda.html#environment-variables)
SKIP heloc r2f1: OutOfMemoryError: CUDA out of memory. Tried to allocate 8.78 GiB. GPU 0 has a total capacity of 4.00 GiB of which 689.40 MiB is free. Of the allocated memory 2.51 GiB is allocated by PyTorch, and 11.02 MiB is reserved by PyTorch but unallocated. If reserved but unallocated memory is large try setting PYTORCH_CUDA_ALLOC_CONF=expandable_segments:True to avoid fragmentation.  See documentation for Memory Management  (https://pytorch.org/docs/stable/notes/cuda.html#environment-variables)
SKIP heloc r2f2: OutOfMemoryError: CUDA out of memory. Tried to allocate 8.78 GiB. GPU 0 has a total capacity of 4.00 GiB of which 591.40 MiB is free. Of the allocated memory 2.61 GiB is allocated by PyTorch, and 10.84 MiB is reserved by PyTorch but unallocated. If reserved but unallocated memory is large try setting PYTORCH_CUDA_ALLOC_CONF=expandable_segments:True to avoid fragmentation.  See documentation for Memory Management  (https://pytorch.org/docs/stable/notes/cuda.html#environment-variables)
worker done: heloc, 18 new rows
=== jm1 (n_train=7257, n_feat=21) ===
SKIP jm1 r0f0: OutOfMemoryError: CUDA out of memory. Tried to allocate 9.50 GiB. GPU 0 has a total capacity of 4.00 GiB of which 1.05 GiB is free. Of the allocated memory 2.08 GiB is allocated by PyTorch, and 63.48 MiB is reserved by PyTorch but unallocated. If reserved but unallocated memory is large try setting PYTORCH_CUDA_ALLOC_CONF=expandable_segments:True to avoid fragmentation.  See documentation for Memory Management  (https://pytorch.org/docs/stable/notes/cuda.html#environment-variables)
SKIP jm1 r0f1: OutOfMemoryError: CUDA out of memory. Tried to allocate 9.50 GiB. GPU 0 has a total capacity of 4.00 GiB of which 1.01 GiB is free. Of the allocated memory 2.18 GiB is allocated by PyTorch, and 11.30 MiB is reserved by PyTorch but unallocated. If reserved but unallocated memory is large try setting PYTORCH_CUDA_ALLOC_CONF=expandable_segments:True to avoid fragmentation.  See documentation for Memory Management  (https://pytorch.org/docs/stable/notes/cuda.html#environment-variables)
SKIP jm1 r0f2: OutOfMemoryError: CUDA out of memory. Tried to allocate 9.50 GiB. GPU 0 has a total capacity of 4.00 GiB of which 1.01 GiB is free. Of the allocated memory 2.18 GiB is allocated by PyTorch, and 11.30 MiB is reserved by PyTorch but unallocated. If reserved but unallocated memory is large try setting PYTORCH_CUDA_ALLOC_CONF=expandable_segments:True to avoid fragmentation.  See documentation for Memory Management  (https://pytorch.org/docs/stable/notes/cuda.html#environment-variables)
SKIP jm1 r1f0: OutOfMemoryError: CUDA out of memory. Tried to allocate 9.50 GiB. GPU 0 has a total capacity of 4.00 GiB of which 929.40 MiB is free. Of the allocated memory 2.27 GiB is allocated by PyTorch, and 17.77 MiB is reserved by PyTorch but unallocated. If reserved but unallocated memory is large try setting PYTORCH_CUDA_ALLOC_CONF=expandable_segments:True to avoid fragmentation.  See documentation for Memory Management  (https://pytorch.org/docs/stable/notes/cuda.html#environment-variables)
SKIP jm1 r1f1: OutOfMemoryError: CUDA out of memory. Tried to allocate 9.50 GiB. GPU 0 has a total capacity of 4.00 GiB of which 827.40 MiB is free. Of the allocated memory 2.37 GiB is allocated by PyTorch, and 19.94 MiB is reserved by PyTorch but unallocated. If reserved but unallocated memory is large try setting PYTORCH_CUDA_ALLOC_CONF=expandable_segments:True to avoid fragmentation.  See documentation for Memory Management  (https://pytorch.org/docs/stable/notes/cuda.html#environment-variables)
SKIP jm1 r1f2: OutOfMemoryError: CUDA out of memory. Tried to allocate 9.50 GiB. GPU 0 has a total capacity of 4.00 GiB of which 697.40 MiB is free. Of the allocated memory 2.47 GiB is allocated by PyTorch, and 51.53 MiB is reserved by PyTorch but unallocated. If reserved but unallocated memory is large try setting PYTORCH_CUDA_ALLOC_CONF=expandable_segments:True to avoid fragmentation.  See documentation for Memory Management  (https://pytorch.org/docs/stable/notes/cuda.html#environment-variables)
SKIP jm1 r2f0: OutOfMemoryError: CUDA out of memory. Tried to allocate 9.50 GiB. GPU 0 has a total capacity of 4.00 GiB of which 595.40 MiB is free. Of the allocated memory 2.56 GiB is allocated by PyTorch, and 53.72 MiB is reserved by PyTorch but unallocated. If reserved but unallocated memory is large try setting PYTORCH_CUDA_ALLOC_CONF=expandable_segments:True to avoid fragmentation.  See documentation for Memory Management  (https://pytorch.org/docs/stable/notes/cuda.html#environment-variables)
SKIP jm1 r2f1: OutOfMemoryError: CUDA out of memory. Tried to allocate 9.50 GiB. GPU 0 has a total capacity of 4.00 GiB of which 493.40 MiB is free. Of the allocated memory 2.66 GiB is allocated by PyTorch, and 58.40 MiB is reserved by PyTorch but unallocated. If reserved but unallocated memory is large try setting PYTORCH_CUDA_ALLOC_CONF=expandable_segments:True to avoid fragmentation.  See documentation for Memory Management  (https://pytorch.org/docs/stable/notes/cuda.html#environment-variables)
SKIP jm1 r2f2: OutOfMemoryError: CUDA out of memory. Tried to allocate 9.50 GiB. GPU 0 has a total capacity of 4.00 GiB of which 391.40 MiB is free. Of the allocated memory 2.76 GiB is allocated by PyTorch, and 61.22 MiB is reserved by PyTorch but unallocated. If reserved but unallocated memory is large try setting PYTORCH_CUDA_ALLOC_CONF=expandable_segments:True to avoid fragmentation.  See documentation for Memory Management  (https://pytorch.org/docs/stable/notes/cuda.html#environment-variables)
worker done: jm1, 18 new rows
=== E-CommereShippingData (n_train=7333, n_feat=10) ===
SKIP E-CommereShippingData r0f0: OutOfMemoryError: CUDA out of memory. Tried to allocate 9.70 GiB. GPU 0 has a total capacity of 4.00 GiB of which 1.02 GiB is free. Of the allocated memory 2.12 GiB is allocated by PyTorch, and 66.79 MiB is reserved by PyTorch but unallocated. If reserved but unallocated memory is large try setting PYTORCH_CUDA_ALLOC_CONF=expandable_segments:True to avoid fragmentation.  See documentation for Memory Management  (https://pytorch.org/docs/stable/notes/cuda.html#environment-variables)
SKIP E-CommereShippingData r0f1: OutOfMemoryError: CUDA out of memory. Tried to allocate 9.70 GiB. GPU 0 has a total capacity of 4.00 GiB of which 993.40 MiB is free. Of the allocated memory 2.22 GiB is allocated by PyTorch, and 13.25 MiB is reserved by PyTorch but unallocated. If reserved but unallocated memory is large try setting PYTORCH_CUDA_ALLOC_CONF=expandable_segments:True to avoid fragmentation.  See documentation for Memory Management  (https://pytorch.org/docs/stable/notes/cuda.html#environment-variables)
SKIP E-CommereShippingData r0f2: OutOfMemoryError: CUDA out of memory. Tried to allocate 9.70 GiB. GPU 0 has a total capacity of 4.00 GiB of which 993.40 MiB is free. Of the allocated memory 2.22 GiB is allocated by PyTorch, and 13.57 MiB is reserved by PyTorch but unallocated. If reserved but unallocated memory is large try setting PYTORCH_CUDA_ALLOC_CONF=expandable_segments:True to avoid fragmentation.  See documentation for Memory Management  (https://pytorch.org/docs/stable/notes/cuda.html#environment-variables)
SKIP E-CommereShippingData r1f0: OutOfMemoryError: CUDA out of memory. Tried to allocate 9.70 GiB. GPU 0 has a total capacity of 4.00 GiB of which 889.40 MiB is free. Of the allocated memory 2.31 GiB is allocated by PyTorch, and 20.44 MiB is reserved by PyTorch but unallocated. If reserved but unallocated memory is large try setting PYTORCH_CUDA_ALLOC_CONF=expandable_segments:True to avoid fragmentation.  See documentation for Memory Management  (https://pytorch.org/docs/stable/notes/cuda.html#environment-variables)
SKIP E-CommereShippingData r1f1: OutOfMemoryError: CUDA out of memory. Tried to allocate 9.70 GiB. GPU 0 has a total capacity of 4.00 GiB of which 787.40 MiB is free. Of the allocated memory 2.41 GiB is allocated by PyTorch, and 21.89 MiB is reserved by PyTorch but unallocated. If reserved but unallocated memory is large try setting PYTORCH_CUDA_ALLOC_CONF=expandable_segments:True to avoid fragmentation.  See documentation for Memory Management  (https://pytorch.org/docs/stable/notes/cuda.html#environment-variables)
SKIP E-CommereShippingData r1f2: OutOfMemoryError: CUDA out of memory. Tried to allocate 9.70 GiB. GPU 0 has a total capacity of 4.00 GiB of which 657.40 MiB is free. Of the allocated memory 2.51 GiB is allocated by PyTorch, and 52.86 MiB is reserved by PyTorch but unallocated. If reserved but unallocated memory is large try setting PYTORCH_CUDA_ALLOC_CONF=expandable_segments:True to avoid fragmentation.  See documentation for Memory Management  (https://pytorch.org/docs/stable/notes/cuda.html#environment-variables)
SKIP E-CommereShippingData r2f0: OutOfMemoryError: CUDA out of memory. Tried to allocate 9.70 GiB. GPU 0 has a total capacity of 4.00 GiB of which 555.40 MiB is free. Of the allocated memory 2.60 GiB is allocated by PyTorch, and 57.57 MiB is reserved by PyTorch but unallocated. If reserved but unallocated memory is large try setting PYTORCH_CUDA_ALLOC_CONF=expandable_segments:True to avoid fragmentation.  See documentation for Memory Management  (https://pytorch.org/docs/stable/notes/cuda.html#environment-variables)
SKIP E-CommereShippingData r2f1: OutOfMemoryError: CUDA out of memory. Tried to allocate 9.70 GiB. GPU 0 has a total capacity of 4.00 GiB of which 453.40 MiB is free. Of the allocated memory 2.70 GiB is allocated by PyTorch, and 60.35 MiB is reserved by PyTorch but unallocated. If reserved but unallocated memory is large try setting PYTORCH_CUDA_ALLOC_CONF=expandable_segments:True to avoid fragmentation.  See documentation for Memory Management  (https://pytorch.org/docs/stable/notes/cuda.html#environment-variables)
SKIP E-CommereShippingData r2f2: OutOfMemoryError: CUDA out of memory. Tried to allocate 9.70 GiB. GPU 0 has a total capacity of 4.00 GiB of which 351.40 MiB is free. Of the allocated memory 2.79 GiB is allocated by PyTorch, and 64.17 MiB is reserved by PyTorch but unallocated. If reserved but unallocated memory is large try setting PYTORCH_CUDA_ALLOC_CONF=expandable_segments:True to avoid fragmentation.  See documentation for Memory Management  (https://pytorch.org/docs/stable/notes/cuda.html#environment-variables)
worker done: E-CommereShippingData, 18 new rows
=== online_shoppers_intention (n_train=8220, n_feat=17) ===
SKIP online_shoppers_intention r0f0: OutOfMemoryError: CUDA out of memory. Tried to allocate 12.18 GiB. GPU 0 has a total capacity of 4.00 GiB of which 531.40 MiB is free. Of the allocated memory 2.61 GiB is allocated by PyTorch, and 75.59 MiB is reserved by PyTorch but unallocated. If reserved but unallocated memory is large try setting PYTORCH_CUDA_ALLOC_CONF=expandable_segments:True to avoid fragmentation.  See documentation for Memory Management  (https://pytorch.org/docs/stable/notes/cuda.html#environment-variables)
SKIP online_shoppers_intention r0f1: OutOfMemoryError: CUDA out of memory. Tried to allocate 12.18 GiB. GPU 0 has a total capacity of 4.00 GiB of which 481.40 MiB is free. Of the allocated memory 2.70 GiB is allocated by PyTorch, and 27.41 MiB is reserved by PyTorch but unallocated. If reserved but unallocated memory is large try setting PYTORCH_CUDA_ALLOC_CONF=expandable_segments:True to avoid fragmentation.  See documentation for Memory Management  (https://pytorch.org/docs/stable/notes/cuda.html#environment-variables)
SKIP online_shoppers_intention r0f2: OutOfMemoryError: CUDA out of memory. Tried to allocate 12.18 GiB. GPU 0 has a total capacity of 4.00 GiB of which 481.40 MiB is free. Of the allocated memory 2.70 GiB is allocated by PyTorch, and 27.41 MiB is reserved by PyTorch but unallocated. If reserved but unallocated memory is large try setting PYTORCH_CUDA_ALLOC_CONF=expandable_segments:True to avoid fragmentation.  See documentation for Memory Management  (https://pytorch.org/docs/stable/notes/cuda.html#environment-variables)
SKIP online_shoppers_intention r1f0: OutOfMemoryError: CUDA out of memory. Tried to allocate 12.18 GiB. GPU 0 has a total capacity of 4.00 GiB of which 333.40 MiB is free. Of the allocated memory 2.80 GiB is allocated by PyTorch, and 77.23 MiB is reserved by PyTorch but unallocated. If reserved but unallocated memory is large try setting PYTORCH_CUDA_ALLOC_CONF=expandable_segments:True to avoid fragmentation.  See documentation for Memory Management  (https://pytorch.org/docs/stable/notes/cuda.html#environment-variables)
SKIP online_shoppers_intention r1f1: OutOfMemoryError: CUDA out of memory. Tried to allocate 12.18 GiB. GPU 0 has a total capacity of 4.00 GiB of which 285.40 MiB is free. Of the allocated memory 2.90 GiB is allocated by PyTorch, and 25.05 MiB is reserved by PyTorch but unallocated. If reserved but unallocated memory is large try setting PYTORCH_CUDA_ALLOC_CONF=expandable_segments:True to avoid fragmentation.  See documentation for Memory Management  (https://pytorch.org/docs/stable/notes/cuda.html#environment-variables)
SKIP online_shoppers_intention r1f2: OutOfMemoryError: CUDA out of memory. Tried to allocate 12.18 GiB. GPU 0 has a total capacity of 4.00 GiB of which 139.40 MiB is free. Of the allocated memory 2.99 GiB is allocated by PyTorch, and 70.87 MiB is reserved by PyTorch but unallocated. If reserved but unallocated memory is large try setting PYTORCH_CUDA_ALLOC_CONF=expandable_segments:True to avoid fragmentation.  See documentation for Memory Management  (https://pytorch.org/docs/stable/notes/cuda.html#environment-variables)
SKIP online_shoppers_intention r2f0: OutOfMemoryError: CUDA out of memory. Tried to allocate 12.18 GiB. GPU 0 has a total capacity of 4.00 GiB of which 91.40 MiB is free. Of the allocated memory 3.09 GiB is allocated by PyTorch, and 19.69 MiB is reserved by PyTorch but unallocated. If reserved but unallocated memory is large try setting PYTORCH_CUDA_ALLOC_CONF=expandable_segments:True to avoid fragmentation.  See documentation for Memory Management  (https://pytorch.org/docs/stable/notes/cuda.html#environment-variables)
SKIP online_shoppers_intention r2f1: OutOfMemoryError: CUDA out of memory. Tried to allocate 12.18 GiB. GPU 0 has a total capacity of 4.00 GiB of which 0 bytes is free. Of the allocated memory 3.19 GiB is allocated by PyTorch, and 67.51 MiB is reserved by PyTorch but unallocated. If reserved but unallocated memory is large try setting PYTORCH_CUDA_ALLOC_CONF=expandable_segments:True to avoid fragmentation.  See documentation for Memory Management  (https://pytorch.org/docs/stable/notes/cuda.html#environment-variables)
SKIP online_shoppers_intention r2f2: OutOfMemoryError: CUDA out of memory. Tried to allocate 12.18 GiB. GPU 0 has a total capacity of 4.00 GiB of which 0 bytes is free. Of the allocated memory 3.28 GiB is allocated by PyTorch, and 17.33 MiB is reserved by PyTorch but unallocated. If reserved but unallocated memory is large try setting PYTORCH_CUDA_ALLOC_CONF=expandable_segments:True to avoid fragmentation.  See documentation for Memory Management  (https://pytorch.org/docs/stable/notes/cuda.html#environment-variables)
worker done: online_shoppers_intention, 18 new rows
=== in_vehicle_coupon_recommendation (n_train=8456, n_feat=24) ===
SKIP in_vehicle_coupon_recommendation r0f0: OutOfMemoryError: CUDA out of memory. Tried to allocate 12.88 GiB. GPU 0 has a total capacity of 4.00 GiB of which 389.40 MiB is free. Of the allocated memory 2.75 GiB is allocated by PyTorch, and 72.29 MiB is reserved by PyTorch but unallocated. If reserved but unallocated memory is large try setting PYTORCH_CUDA_ALLOC_CONF=expandable_segments:True to avoid fragmentation.  See documentation for Memory Management  (https://pytorch.org/docs/stable/notes/cuda.html#environment-variables)
SKIP in_vehicle_coupon_recommendation r0f1: OutOfMemoryError: CUDA out of memory. Tried to allocate 12.88 GiB. GPU 0 has a total capacity of 4.00 GiB of which 339.40 MiB is free. Of the allocated memory 2.84 GiB is allocated by PyTorch, and 23.88 MiB is reserved by PyTorch but unallocated. If reserved but unallocated memory is large try setting PYTORCH_CUDA_ALLOC_CONF=expandable_segments:True to avoid fragmentation.  See documentation for Memory Management  (https://pytorch.org/docs/stable/notes/cuda.html#environment-variables)
SKIP in_vehicle_coupon_recommendation r0f2: OutOfMemoryError: CUDA out of memory. Tried to allocate 12.88 GiB. GPU 0 has a total capacity of 4.00 GiB of which 339.40 MiB is free. Of the allocated memory 2.84 GiB is allocated by PyTorch, and 24.75 MiB is reserved by PyTorch but unallocated. If reserved but unallocated memory is large try setting PYTORCH_CUDA_ALLOC_CONF=expandable_segments:True to avoid fragmentation.  See documentation for Memory Management  (https://pytorch.org/docs/stable/notes/cuda.html#environment-variables)
SKIP in_vehicle_coupon_recommendation r1f0: OutOfMemoryError: CUDA out of memory. Tried to allocate 12.88 GiB. GPU 0 has a total capacity of 4.00 GiB of which 205.40 MiB is free. Of the allocated memory 2.94 GiB is allocated by PyTorch, and 60.57 MiB is reserved by PyTorch but unallocated. If reserved but unallocated memory is large try setting PYTORCH_CUDA_ALLOC_CONF=expandable_segments:True to avoid fragmentation.  See documentation for Memory Management  (https://pytorch.org/docs/stable/notes/cuda.html#environment-variables)
SKIP in_vehicle_coupon_recommendation r1f1: OutOfMemoryError: CUDA out of memory. Tried to allocate 12.88 GiB. GPU 0 has a total capacity of 4.00 GiB of which 89.40 MiB is free. Of the allocated memory 3.04 GiB is allocated by PyTorch, and 75.43 MiB is reserved by PyTorch but unallocated. If reserved but unallocated memory is large try setting PYTORCH_CUDA_ALLOC_CONF=expandable_segments:True to avoid fragmentation.  See documentation for Memory Management  (https://pytorch.org/docs/stable/notes/cuda.html#environment-variables)
SKIP in_vehicle_coupon_recommendation r1f2: OutOfMemoryError: CUDA out of memory. Tried to allocate 12.88 GiB. GPU 0 has a total capacity of 4.00 GiB of which 41.40 MiB is free. Of the allocated memory 3.13 GiB is allocated by PyTorch, and 25.34 MiB is reserved by PyTorch but unallocated. If reserved but unallocated memory is large try setting PYTORCH_CUDA_ALLOC_CONF=expandable_segments:True to avoid fragmentation.  See documentation for Memory Management  (https://pytorch.org/docs/stable/notes/cuda.html#environment-variables)
SKIP in_vehicle_coupon_recommendation r2f0: OutOfMemoryError: CUDA out of memory. Tried to allocate 12.88 GiB. GPU 0 has a total capacity of 4.00 GiB of which 0 bytes is free. Of the allocated memory 3.23 GiB is allocated by PyTorch, and 59.03 MiB is reserved by PyTorch but unallocated. If reserved but unallocated memory is large try setting PYTORCH_CUDA_ALLOC_CONF=expandable_segments:True to avoid fragmentation.  See documentation for Memory Management  (https://pytorch.org/docs/stable/notes/cuda.html#environment-variables)
SKIP in_vehicle_coupon_recommendation r2f1: OutOfMemoryError: CUDA out of memory. Tried to allocate 12.88 GiB. GPU 0 has a total capacity of 4.00 GiB of which 0 bytes is free. Of the allocated memory 3.33 GiB is allocated by PyTorch, and 74.89 MiB is reserved by PyTorch but unallocated. If reserved but unallocated memory is large try setting PYTORCH_CUDA_ALLOC_CONF=expandable_segments:True to avoid fragmentation.  See documentation for Memory Management  (https://pytorch.org/docs/stable/notes/cuda.html#environment-variables)
SKIP in_vehicle_coupon_recommendation r2f2: OutOfMemoryError: CUDA out of memory. Tried to allocate 12.88 GiB. GPU 0 has a total capacity of 4.00 GiB of which 0 bytes is free. Of the allocated memory 3.42 GiB is allocated by PyTorch, and 24.80 MiB is reserved by PyTorch but unallocated. If reserved but unallocated memory is large try setting PYTORCH_CUDA_ALLOC_CONF=expandable_segments:True to avoid fragmentation.  See documentation for Memory Management  (https://pytorch.org/docs/stable/notes/cuda.html#environment-variables)
worker done: in_vehicle_coupon_recommendation, 18 new rows
=== HR_Analytics_Job_Change_of_Data_Scientists (n_train=12772, n_feat=12) ===
SKIP HR_Analytics_Job_Change_of_Data_Scientists r0f0: OutOfMemoryError: CUDA out of memory. Tried to allocate 29.32 GiB. GPU 0 has a total capacity of 4.00 GiB of which 0 bytes is free. Of the allocated memory 5.93 GiB is allocated by PyTorch, and 95.59 MiB is reserved by PyTorch but unallocated. If reserved but unallocated memory is large try setting PYTORCH_CUDA_ALLOC_CONF=expandable_segments:True to avoid fragmentation.  See documentation for Memory Management  (https://pytorch.org/docs/stable/notes/cuda.html#environment-variables)
SKIP HR_Analytics_Job_Change_of_Data_Scientists r0f1: OutOfMemoryError: CUDA out of memory. Tried to allocate 29.32 GiB. GPU 0 has a total capacity of 4.00 GiB of which 0 bytes is free. Of the allocated memory 6.03 GiB is allocated by PyTorch, and 88.99 MiB is reserved by PyTorch but unallocated. If reserved but unallocated memory is large try setting PYTORCH_CUDA_ALLOC_CONF=expandable_segments:True to avoid fragmentation.  See documentation for Memory Management  (https://pytorch.org/docs/stable/notes/cuda.html#environment-variables)
SKIP HR_Analytics_Job_Change_of_Data_Scientists r0f2: OutOfMemoryError: CUDA out of memory. Tried to allocate 29.32 GiB. GPU 0 has a total capacity of 4.00 GiB of which 0 bytes is free. Of the allocated memory 6.03 GiB is allocated by PyTorch, and 88.99 MiB is reserved by PyTorch but unallocated. If reserved but unallocated memory is large try setting PYTORCH_CUDA_ALLOC_CONF=expandable_segments:True to avoid fragmentation.  See documentation for Memory Management  (https://pytorch.org/docs/stable/notes/cuda.html#environment-variables)
SKIP HR_Analytics_Job_Change_of_Data_Scientists r1f0: OutOfMemoryError: CUDA out of memory. Tried to allocate 29.32 GiB. GPU 0 has a total capacity of 4.00 GiB of which 0 bytes is free. Of the allocated memory 6.13 GiB is allocated by PyTorch, and 107.15 MiB is reserved by PyTorch but unallocated. If reserved but unallocated memory is large try setting PYTORCH_CUDA_ALLOC_CONF=expandable_segments:True to avoid fragmentation.  See documentation for Memory Management  (https://pytorch.org/docs/stable/notes/cuda.html#environment-variables)
SKIP HR_Analytics_Job_Change_of_Data_Scientists r1f1: OutOfMemoryError: CUDA out of memory. Tried to allocate 29.32 GiB. GPU 0 has a total capacity of 4.00 GiB of which 0 bytes is free. Of the allocated memory 6.22 GiB is allocated by PyTorch, and 97.63 MiB is reserved by PyTorch but unallocated. If reserved but unallocated memory is large try setting PYTORCH_CUDA_ALLOC_CONF=expandable_segments:True to avoid fragmentation.  See documentation for Memory Management  (https://pytorch.org/docs/stable/notes/cuda.html#environment-variables)
SKIP HR_Analytics_Job_Change_of_Data_Scientists r1f2: OutOfMemoryError: CUDA out of memory. Tried to allocate 29.32 GiB. GPU 0 has a total capacity of 4.00 GiB of which 0 bytes is free. Of the allocated memory 6.32 GiB is allocated by PyTorch, and 88.45 MiB is reserved by PyTorch but unallocated. If reserved but unallocated memory is large try setting PYTORCH_CUDA_ALLOC_CONF=expandable_segments:True to avoid fragmentation.  See documentation for Memory Management  (https://pytorch.org/docs/stable/notes/cuda.html#environment-variables)
SKIP HR_Analytics_Job_Change_of_Data_Scientists r2f0: OutOfMemoryError: CUDA out of memory. Tried to allocate 29.32 GiB. GPU 0 has a total capacity of 4.00 GiB of which 0 bytes is free. Of the allocated memory 6.42 GiB is allocated by PyTorch, and 103.27 MiB is reserved by PyTorch but unallocated. If reserved but unallocated memory is large try setting PYTORCH_CUDA_ALLOC_CONF=expandable_segments:True to avoid fragmentation.  See documentation for Memory Management  (https://pytorch.org/docs/stable/notes/cuda.html#environment-variables)
SKIP HR_Analytics_Job_Change_of_Data_Scientists r2f1: OutOfMemoryError: CUDA out of memory. Tried to allocate 29.32 GiB. GPU 0 has a total capacity of 4.00 GiB of which 0 bytes is free. Of the allocated memory 6.51 GiB is allocated by PyTorch, and 94.09 MiB is reserved by PyTorch but unallocated. If reserved but unallocated memory is large try setting PYTORCH_CUDA_ALLOC_CONF=expandable_segments:True to avoid fragmentation.  See documentation for Memory Management  (https://pytorch.org/docs/stable/notes/cuda.html#environment-variables)
SKIP HR_Analytics_Job_Change_of_Data_Scientists r2f2: OutOfMemoryError: CUDA out of memory. Tried to allocate 29.32 GiB. GPU 0 has a total capacity of 4.00 GiB of which 0 bytes is free. Of the allocated memory 6.61 GiB is allocated by PyTorch, and 84.92 MiB is reserved by PyTorch but unallocated. If reserved but unallocated memory is large try setting PYTORCH_CUDA_ALLOC_CONF=expandable_segments:True to avoid fragmentation.  See documentation for Memory Management  (https://pytorch.org/docs/stable/notes/cuda.html#environment-variables)
worker done: HR_Analytics_Job_Change_of_Data_Scientists, 18 new rows
=== credit_card_clients_default (n_train=20000, n_feat=23) ===
SKIP credit_card_clients_default r0f0: RuntimeError: Failed to execute even with minimum batch size 1. Error: CUDA out of memory. Tried to allocate 17.94 GiB. GPU 0 has a total capacity of 4.00 GiB of which 0 bytes is free. Of the allocated memory 3.79 GiB is allocated by PyTorch, and 691.29 MiB is reserved by PyTorch but unallocated. If reserved but unallocated memory is large try setting PYTORCH_CUDA_ALLOC_CONF=expandable_segments:True to avoid fragmentation.  See documentation for Memory Management  (https://pytorch.org/docs/stable/notes/cuda.html#environment-variables)
SKIP credit_card_clients_default r0f1: RuntimeError: Failed to execute even with minimum batch size 1. Error: CUDA out of memory. Tried to allocate 17.94 GiB. GPU 0 has a total capacity of 4.00 GiB of which 0 bytes is free. Of the allocated memory 3.89 GiB is allocated by PyTorch, and 697.33 MiB is reserved by PyTorch but unallocated. If reserved but unallocated memory is large try setting PYTORCH_CUDA_ALLOC_CONF=expandable_segments:True to avoid fragmentation.  See documentation for Memory Management  (https://pytorch.org/docs/stable/notes/cuda.html#environment-variables)
SKIP credit_card_clients_default r0f2: RuntimeError: Failed to execute even with minimum batch size 1. Error: CUDA out of memory. Tried to allocate 17.94 GiB. GPU 0 has a total capacity of 4.00 GiB of which 0 bytes is free. Of the allocated memory 3.89 GiB is allocated by PyTorch, and 697.50 MiB is reserved by PyTorch but unallocated. If reserved but unallocated memory is large try setting PYTORCH_CUDA_ALLOC_CONF=expandable_segments:True to avoid fragmentation.  See documentation for Memory Management  (https://pytorch.org/docs/stable/notes/cuda.html#environment-variables)
SKIP credit_card_clients_default r1f0: RuntimeError: Failed to execute even with minimum batch size 1. Error: CUDA out of memory. Tried to allocate 17.94 GiB. GPU 0 has a total capacity of 4.00 GiB of which 0 bytes is free. Of the allocated memory 3.98 GiB is allocated by PyTorch, and 704.15 MiB is reserved by PyTorch but unallocated. If reserved but unallocated memory is large try setting PYTORCH_CUDA_ALLOC_CONF=expandable_segments:True to avoid fragmentation.  See documentation for Memory Management  (https://pytorch.org/docs/stable/notes/cuda.html#environment-variables)
SKIP credit_card_clients_default r1f1: RuntimeError: Failed to execute even with minimum batch size 1. Error: CUDA out of memory. Tried to allocate 17.94 GiB. GPU 0 has a total capacity of 4.00 GiB of which 0 bytes is free. Of the allocated memory 4.08 GiB is allocated by PyTorch, and 706.97 MiB is reserved by PyTorch but unallocated. If reserved but unallocated memory is large try setting PYTORCH_CUDA_ALLOC_CONF=expandable_segments:True to avoid fragmentation.  See documentation for Memory Management  (https://pytorch.org/docs/stable/notes/cuda.html#environment-variables)
SKIP credit_card_clients_default r1f2: RuntimeError: Failed to execute even with minimum batch size 1. Error: CUDA out of memory. Tried to allocate 17.94 GiB. GPU 0 has a total capacity of 4.00 GiB of which 0 bytes is free. Of the allocated memory 4.17 GiB is allocated by PyTorch, and 1.31 GiB is reserved by PyTorch but unallocated. If reserved but unallocated memory is large try setting PYTORCH_CUDA_ALLOC_CONF=expandable_segments:True to avoid fragmentation.  See documentation for Memory Management  (https://pytorch.org/docs/stable/notes/cuda.html#environment-variables)
SKIP credit_card_clients_default r2f0: RuntimeError: Failed to execute even with minimum batch size 1. Error: CUDA out of memory. Tried to allocate 17.94 GiB. GPU 0 has a total capacity of 4.00 GiB of which 0 bytes is free. Of the allocated memory 4.27 GiB is allocated by PyTorch, and 1.28 GiB is reserved by PyTorch but unallocated. If reserved but unallocated memory is large try setting PYTORCH_CUDA_ALLOC_CONF=expandable_segments:True to avoid fragmentation.  See documentation for Memory Management  (https://pytorch.org/docs/stable/notes/cuda.html#environment-variables)
SKIP credit_card_clients_default r2f1: RuntimeError: Failed to execute even with minimum batch size 1. Error: CUDA out of memory. Tried to allocate 17.94 GiB. GPU 0 has a total capacity of 4.00 GiB of which 0 bytes is free. Of the allocated memory 4.37 GiB is allocated by PyTorch, and 1.28 GiB is reserved by PyTorch but unallocated. If reserved but unallocated memory is large try setting PYTORCH_CUDA_ALLOC_CONF=expandable_segments:True to avoid fragmentation.  See documentation for Memory Management  (https://pytorch.org/docs/stable/notes/cuda.html#environment-variables)
SKIP credit_card_clients_default r2f2: RuntimeError: Failed to execute even with minimum batch size 1. Error: CUDA out of memory. Tried to allocate 17.94 GiB. GPU 0 has a total capacity of 4.00 GiB of which 0 bytes is free. Of the allocated memory 4.46 GiB is allocated by PyTorch, and 1.28 GiB is reserved by PyTorch but unallocated. If reserved but unallocated memory is large try setting PYTORCH_CUDA_ALLOC_CONF=expandable_segments:True to avoid fragmentation.  See documentation for Memory Management  (https://pytorch.org/docs/stable/notes/cuda.html#environment-variables)
worker done: credit_card_clients_default, 18 new rows
=== Amazon_employee_access (n_train=21846, n_feat=9) ===
SKIP Amazon_employee_access r0f0: RuntimeError: Failed to execute even with minimum batch size 1. Error: CUDA out of memory. Tried to allocate 21.40 GiB. GPU 0 has a total capacity of 4.00 GiB of which 0 bytes is free. Of the allocated memory 4.46 GiB is allocated by PyTorch, and 819.73 MiB is reserved by PyTorch but unallocated. If reserved but unallocated memory is large try setting PYTORCH_CUDA_ALLOC_CONF=expandable_segments:True to avoid fragmentation.  See documentation for Memory Management  (https://pytorch.org/docs/stable/notes/cuda.html#environment-variables)
SKIP Amazon_employee_access r0f1: RuntimeError: Failed to execute even with minimum batch size 1. Error: CUDA out of memory. Tried to allocate 21.40 GiB. GPU 0 has a total capacity of 4.00 GiB of which 0 bytes is free. Of the allocated memory 4.56 GiB is allocated by PyTorch, and 704.17 MiB is reserved by PyTorch but unallocated. If reserved but unallocated memory is large try setting PYTORCH_CUDA_ALLOC_CONF=expandable_segments:True to avoid fragmentation.  See documentation for Memory Management  (https://pytorch.org/docs/stable/notes/cuda.html#environment-variables)
SKIP Amazon_employee_access r0f2: RuntimeError: Failed to execute even with minimum batch size 1. Error: CUDA out of memory. Tried to allocate 21.40 GiB. GPU 0 has a total capacity of 4.00 GiB of which 0 bytes is free. Of the allocated memory 4.56 GiB is allocated by PyTorch, and 704.18 MiB is reserved by PyTorch but unallocated. If reserved but unallocated memory is large try setting PYTORCH_CUDA_ALLOC_CONF=expandable_segments:True to avoid fragmentation.  See documentation for Memory Management  (https://pytorch.org/docs/stable/notes/cuda.html#environment-variables)
SKIP Amazon_employee_access r1f0: RuntimeError: Failed to execute even with minimum batch size 1. Error: CUDA out of memory. Tried to allocate 21.40 GiB. GPU 0 has a total capacity of 4.00 GiB of which 0 bytes is free. Of the allocated memory 4.65 GiB is allocated by PyTorch, and 708.00 MiB is reserved by PyTorch but unallocated. If reserved but unallocated memory is large try setting PYTORCH_CUDA_ALLOC_CONF=expandable_segments:True to avoid fragmentation.  See documentation for Memory Management  (https://pytorch.org/docs/stable/notes/cuda.html#environment-variables)
SKIP Amazon_employee_access r1f1: RuntimeError: Failed to execute even with minimum batch size 1. Error: CUDA out of memory. Tried to allocate 21.40 GiB. GPU 0 has a total capacity of 4.00 GiB of which 0 bytes is free. Of the allocated memory 4.75 GiB is allocated by PyTorch, and 708.82 MiB is reserved by PyTorch but unallocated. If reserved but unallocated memory is large try setting PYTORCH_CUDA_ALLOC_CONF=expandable_segments:True to avoid fragmentation.  See documentation for Memory Management  (https://pytorch.org/docs/stable/notes/cuda.html#environment-variables)
SKIP Amazon_employee_access r1f2: RuntimeError: Failed to execute even with minimum batch size 1. Error: CUDA out of memory. Tried to allocate 21.40 GiB. GPU 0 has a total capacity of 4.00 GiB of which 0 bytes is free. Of the allocated memory 4.85 GiB is allocated by PyTorch, and 4.08 GiB is reserved by PyTorch but unallocated. If reserved but unallocated memory is large try setting PYTORCH_CUDA_ALLOC_CONF=expandable_segments:True to avoid fragmentation.  See documentation for Memory Management  (https://pytorch.org/docs/stable/notes/cuda.html#environment-variables)
SKIP Amazon_employee_access r2f0: RuntimeError: Failed to execute even with minimum batch size 1. Error: CUDA out of memory. Tried to allocate 21.40 GiB. GPU 0 has a total capacity of 4.00 GiB of which 0 bytes is free. Of the allocated memory 4.94 GiB is allocated by PyTorch, and 4.08 GiB is reserved by PyTorch but unallocated. If reserved but unallocated memory is large try setting PYTORCH_CUDA_ALLOC_CONF=expandable_segments:True to avoid fragmentation.  See documentation for Memory Management  (https://pytorch.org/docs/stable/notes/cuda.html#environment-variables)
SKIP Amazon_employee_access r2f1: RuntimeError: Failed to execute even with minimum batch size 1. Error: CUDA out of memory. Tried to allocate 21.40 GiB. GPU 0 has a total capacity of 4.00 GiB of which 0 bytes is free. Of the allocated memory 5.04 GiB is allocated by PyTorch, and 4.08 GiB is reserved by PyTorch but unallocated. If reserved but unallocated memory is large try setting PYTORCH_CUDA_ALLOC_CONF=expandable_segments:True to avoid fragmentation.  See documentation for Memory Management  (https://pytorch.org/docs/stable/notes/cuda.html#environment-variables)
SKIP Amazon_employee_access r2f2: RuntimeError: Failed to execute even with minimum batch size 1. Error: CUDA out of memory. Tried to allocate 21.40 GiB. GPU 0 has a total capacity of 4.00 GiB of which 0 bytes is free. Of the allocated memory 5.14 GiB is allocated by PyTorch, and 4.08 GiB is reserved by PyTorch but unallocated. If reserved but unallocated memory is large try setting PYTORCH_CUDA_ALLOC_CONF=expandable_segments:True to avoid fragmentation.  See documentation for Memory Management  (https://pytorch.org/docs/stable/notes/cuda.html#environment-variables)
worker done: Amazon_employee_access, 18 new rows
=== bank-marketing (n_train=30141, n_feat=13) ===
SKIP bank-marketing r0f0: RuntimeError: Failed to execute even with minimum batch size 1. Error: CUDA out of memory. Tried to allocate 5.09 GiB. GPU 0 has a total capacity of 4.00 GiB of which 0 bytes is free. Of the allocated memory 3.12 GiB is allocated by PyTorch, and 2.62 GiB is reserved by PyTorch but unallocated. If reserved but unallocated memory is large try setting PYTORCH_CUDA_ALLOC_CONF=expandable_segments:True to avoid fragmentation.  See documentation for Memory Management  (https://pytorch.org/docs/stable/notes/cuda.html#environment-variables)
SKIP bank-marketing r0f1: RuntimeError: Failed to execute even with minimum batch size 1. Error: CUDA out of memory. Tried to allocate 5.09 GiB. GPU 0 has a total capacity of 4.00 GiB of which 0 bytes is free. Of the allocated memory 3.22 GiB is allocated by PyTorch, and 2.63 GiB is reserved by PyTorch but unallocated. If reserved but unallocated memory is large try setting PYTORCH_CUDA_ALLOC_CONF=expandable_segments:True to avoid fragmentation.  See documentation for Memory Management  (https://pytorch.org/docs/stable/notes/cuda.html#environment-variables)
SKIP bank-marketing r0f2: RuntimeError: Failed to execute even with minimum batch size 1. Error: CUDA out of memory. Tried to allocate 5.09 GiB. GPU 0 has a total capacity of 4.00 GiB of which 0 bytes is free. Of the allocated memory 3.22 GiB is allocated by PyTorch, and 2.63 GiB is reserved by PyTorch but unallocated. If reserved but unallocated memory is large try setting PYTORCH_CUDA_ALLOC_CONF=expandable_segments:True to avoid fragmentation.  See documentation for Memory Management  (https://pytorch.org/docs/stable/notes/cuda.html#environment-variables)
SKIP bank-marketing r1f0: RuntimeError: Failed to execute even with minimum batch size 1. Error: CUDA out of memory. Tried to allocate 5.09 GiB. GPU 0 has a total capacity of 4.00 GiB of which 0 bytes is free. Of the allocated memory 3.31 GiB is allocated by PyTorch, and 2.59 GiB is reserved by PyTorch but unallocated. If reserved but unallocated memory is large try setting PYTORCH_CUDA_ALLOC_CONF=expandable_segments:True to avoid fragmentation.  See documentation for Memory Management  (https://pytorch.org/docs/stable/notes/cuda.html#environment-variables)
SKIP bank-marketing r1f1: RuntimeError: Failed to execute even with minimum batch size 1. Error: CUDA out of memory. Tried to allocate 5.09 GiB. GPU 0 has a total capacity of 4.00 GiB of which 0 bytes is free. Of the allocated memory 3.41 GiB is allocated by PyTorch, and 131.63 MiB is reserved by PyTorch but unallocated. If reserved but unallocated memory is large try setting PYTORCH_CUDA_ALLOC_CONF=expandable_segments:True to avoid fragmentation.  See documentation for Memory Management  (https://pytorch.org/docs/stable/notes/cuda.html#environment-variables)
SKIP bank-marketing r1f2: RuntimeError: Failed to execute even with minimum batch size 1. Error: CUDA out of memory. Tried to allocate 5.09 GiB. GPU 0 has a total capacity of 4.00 GiB of which 0 bytes is free. Of the allocated memory 3.51 GiB is allocated by PyTorch, and 48.76 MiB is reserved by PyTorch but unallocated. If reserved but unallocated memory is large try setting PYTORCH_CUDA_ALLOC_CONF=expandable_segments:True to avoid fragmentation.  See documentation for Memory Management  (https://pytorch.org/docs/stable/notes/cuda.html#environment-variables)
SKIP bank-marketing r2f0: RuntimeError: Failed to execute even with minimum batch size 1. Error: CUDA out of memory. Tried to allocate 5.09 GiB. GPU 0 has a total capacity of 4.00 GiB of which 0 bytes is free. Of the allocated memory 3.61 GiB is allocated by PyTorch, and 128.31 MiB is reserved by PyTorch but unallocated. If reserved but unallocated memory is large try setting PYTORCH_CUDA_ALLOC_CONF=expandable_segments:True to avoid fragmentation.  See documentation for Memory Management  (https://pytorch.org/docs/stable/notes/cuda.html#environment-variables)
SKIP bank-marketing r2f1: RuntimeError: Failed to execute even with minimum batch size 1. Error: CUDA out of memory. Tried to allocate 5.09 GiB. GPU 0 has a total capacity of 4.00 GiB of which 0 bytes is free. Of the allocated memory 3.70 GiB is allocated by PyTorch, and 45.41 MiB is reserved by PyTorch but unallocated. If reserved but unallocated memory is large try setting PYTORCH_CUDA_ALLOC_CONF=expandable_segments:True to avoid fragmentation.  See documentation for Memory Management  (https://pytorch.org/docs/stable/notes/cuda.html#environment-variables)
SKIP bank-marketing r2f2: RuntimeError: Failed to execute even with minimum batch size 1. Error: CUDA out of memory. Tried to allocate 5.09 GiB. GPU 0 has a total capacity of 4.00 GiB of which 0 bytes is free. Of the allocated memory 3.80 GiB is allocated by PyTorch, and 124.91 MiB is reserved by PyTorch but unallocated. If reserved but unallocated memory is large try setting PYTORCH_CUDA_ALLOC_CONF=expandable_segments:True to avoid fragmentation.  See documentation for Memory Management  (https://pytorch.org/docs/stable/notes/cuda.html#environment-variables)
worker done: bank-marketing, 18 new rows
=== kddcup09_appetency (n_train=33333, n_feat=212) ===
SKIP kddcup09_appetency r0f0: RuntimeError: CPU memory allocation failed (CUDA error: out of memory
CUDA kernel errors might be asynchronously reported at some other API call, so the stacktrace below might be incorrect.
For debugging consider passing CUDA_LAUNCH_BLOCKING=1
Compile with `TORCH_USE_CUDA_DSA` to enable device-side assertions.
) and disk offload is not available. Please specify disk_offload_dir in the configuration to enable disk offloading, or reduce the output size (estimated: 20898MB).
SKIP kddcup09_appetency r0f1: RuntimeError: CUDA error: out of memory
CUDA kernel errors might be asynchronously reported at some other API call, so the stacktrace below might be incorrect.
For debugging consider passing CUDA_LAUNCH_BLOCKING=1
Compile with `TORCH_USE_CUDA_DSA` to enable device-side assertions.

SKIP kddcup09_appetency r0f2: RuntimeError: CPU memory allocation failed (CUDA error: out of memory
CUDA kernel errors might be asynchronously reported at some other API call, so the stacktrace below might be incorrect.
For debugging consider passing CUDA_LAUNCH_BLOCKING=1
Compile with `TORCH_USE_CUDA_DSA` to enable device-side assertions.
) and disk offload is not available. Please specify disk_offload_dir in the configuration to enable disk offloading, or reduce the output size (estimated: 20996MB).
SKIP kddcup09_appetency r1f0: RuntimeError: CUDA error: out of memory
CUDA kernel errors might be asynchronously reported at some other API call, so the stacktrace below might be incorrect.
For debugging consider passing CUDA_LAUNCH_BLOCKING=1
Compile with `TORCH_USE_CUDA_DSA` to enable device-side assertions.

SKIP kddcup09_appetency r1f1: RuntimeError: CPU memory allocation failed (CUDA error: out of memory
CUDA kernel errors might be asynchronously reported at some other API call, so the stacktrace below might be incorrect.
For debugging consider passing CUDA_LAUNCH_BLOCKING=1
Compile with `TORCH_USE_CUDA_DSA` to enable device-side assertions.
) and disk offload is not available. Please specify disk_offload_dir in the configuration to enable disk offloading, or reduce the output size (estimated: 20898MB).
SKIP kddcup09_appetency r1f2: RuntimeError: CUDA error: out of memory
CUDA kernel errors might be asynchronously reported at some other API call, so the stacktrace below might be incorrect.
For debugging consider passing CUDA_LAUNCH_BLOCKING=1
Compile with `TORCH_USE_CUDA_DSA` to enable device-side assertions.

SKIP kddcup09_appetency r2f0: RuntimeError: CPU memory allocation failed (CUDA error: out of memory
CUDA kernel errors might be asynchronously reported at some other API call, so the stacktrace below might be incorrect.
For debugging consider passing CUDA_LAUNCH_BLOCKING=1
Compile with `TORCH_USE_CUDA_DSA` to enable device-side assertions.
) and disk offload is not available. Please specify disk_offload_dir in the configuration to enable disk offloading, or reduce the output size (estimated: 20898MB).
SKIP kddcup09_appetency r2f1: RuntimeError: CUDA error: out of memory
CUDA kernel errors might be asynchronously reported at some other API call, so the stacktrace below might be incorrect.
For debugging consider passing CUDA_LAUNCH_BLOCKING=1
Compile with `TORCH_USE_CUDA_DSA` to enable device-side assertions.

SKIP kddcup09_appetency r2f2: RuntimeError: CPU memory allocation failed (CUDA error: out of memory
CUDA kernel errors might be asynchronously reported at some other API call, so the stacktrace below might be incorrect.
For debugging consider passing CUDA_LAUNCH_BLOCKING=1
Compile with `TORCH_USE_CUDA_DSA` to enable device-side assertions.
) and disk offload is not available. Please specify disk_offload_dir in the configuration to enable disk offloading, or reduce the output size (estimated: 20996MB).
worker done: kddcup09_appetency, 0 new rows
=== Diabetes130US (n_train=47679, n_feat=47) ===
SKIP Diabetes130US r0f0: RuntimeError: CPU memory allocation failed (CUDA error: out of memory
CUDA kernel errors might be asynchronously reported at some other API call, so the stacktrace below might be incorrect.
For debugging consider passing CUDA_LAUNCH_BLOCKING=1
Compile with `TORCH_USE_CUDA_DSA` to enable device-side assertions.
) and disk offload is not available. Please specify disk_offload_dir in the configuration to enable disk offloading, or reduce the output size (estimated: 6565MB).
SKIP Diabetes130US r0f1: RuntimeError: CUDA error: out of memory
CUDA kernel errors might be asynchronously reported at some other API call, so the stacktrace below might be incorrect.
For debugging consider passing CUDA_LAUNCH_BLOCKING=1
Compile with `TORCH_USE_CUDA_DSA` to enable device-side assertions.

SKIP Diabetes130US r0f2: RuntimeError: CPU memory allocation failed (CUDA error: out of memory
CUDA kernel errors might be asynchronously reported at some other API call, so the stacktrace below might be incorrect.
For debugging consider passing CUDA_LAUNCH_BLOCKING=1
Compile with `TORCH_USE_CUDA_DSA` to enable device-side assertions.
) and disk offload is not available. Please specify disk_offload_dir in the configuration to enable disk offloading, or reduce the output size (estimated: 6705MB).
SKIP Diabetes130US r1f0: RuntimeError: CUDA error: out of memory
CUDA kernel errors might be asynchronously reported at some other API call, so the stacktrace below might be incorrect.
For debugging consider passing CUDA_LAUNCH_BLOCKING=1
Compile with `TORCH_USE_CUDA_DSA` to enable device-side assertions.

SKIP Diabetes130US r1f1: RuntimeError: CPU memory allocation failed (CUDA error: out of memory
CUDA kernel errors might be asynchronously reported at some other API call, so the stacktrace below might be incorrect.
For debugging consider passing CUDA_LAUNCH_BLOCKING=1
Compile with `TORCH_USE_CUDA_DSA` to enable device-side assertions.
) and disk offload is not available. Please specify disk_offload_dir in the configuration to enable disk offloading, or reduce the output size (estimated: 6565MB).
SKIP Diabetes130US r1f2: RuntimeError: CUDA error: out of memory
CUDA kernel errors might be asynchronously reported at some other API call, so the stacktrace below might be incorrect.
For debugging consider passing CUDA_LAUNCH_BLOCKING=1
Compile with `TORCH_USE_CUDA_DSA` to enable device-side assertions.

SKIP Diabetes130US r2f0: RuntimeError: CPU memory allocation failed (CUDA error: out of memory
CUDA kernel errors might be asynchronously reported at some other API call, so the stacktrace below might be incorrect.
For debugging consider passing CUDA_LAUNCH_BLOCKING=1
Compile with `TORCH_USE_CUDA_DSA` to enable device-side assertions.
) and disk offload is not available. Please specify disk_offload_dir in the configuration to enable disk offloading, or reduce the output size (estimated: 6705MB).
SKIP Diabetes130US r2f1: RuntimeError: CUDA error: out of memory
CUDA kernel errors might be asynchronously reported at some other API call, so the stacktrace below might be incorrect.
For debugging consider passing CUDA_LAUNCH_BLOCKING=1
Compile with `TORCH_USE_CUDA_DSA` to enable device-side assertions.

SKIP Diabetes130US r2f2: RuntimeError: CPU memory allocation failed (CUDA error: out of memory
CUDA kernel errors might be asynchronously reported at some other API call, so the stacktrace below might be incorrect.
For debugging consider passing CUDA_LAUNCH_BLOCKING=1
Compile with `TORCH_USE_CUDA_DSA` to enable device-side assertions.
) and disk offload is not available. Please specify disk_offload_dir in the configuration to enable disk offloading, or reduce the output size (estimated: 6425MB).
worker done: Diabetes130US, 0 new rows
