dataset,repeat,fold,method,metric_error,time_train_s,time_infer_s,problem_type,n_train
blood-transfusion-service-center,0,0,"TabICLv2 (ours, vanilla)",0.2557894736842104,1.2938148975372314,2.281703233718872,binary,498
blood-transfusion-service-center,0,0,TabICLv2+anchor (ours),0.2464912280701754,1.2938148975372314,1.4383957386016846,binary,498
blood-transfusion-service-center,0,0,TabICLv2+barnes_hut (ours),0.258421052631579,1.2938148975372314,1.9475398063659668,binary,498
blood-transfusion-service-center,0,1,"TabICLv2 (ours, vanilla)",0.2015165031222122,1.0644912719726562,1.0887446403503418,binary,499
blood-transfusion-service-center,0,1,TabICLv2+anchor (ours),0.2013380909901874,1.0644912719726562,1.0024378299713137,binary,499
blood-transfusion-service-center,0,1,TabICLv2+barnes_hut (ours),0.2273862622658341,1.0644912719726562,1.4945526123046875,binary,499
blood-transfusion-service-center,0,2,"TabICLv2 (ours, vanilla)",0.2862176628010704,0.96893572807312,1.12616229057312,binary,499
blood-transfusion-service-center,0,2,TabICLv2+anchor (ours),0.2924620874219447,0.96893572807312,1.010728359222412,binary,499
blood-transfusion-service-center,0,2,TabICLv2+barnes_hut (ours),0.2874665477252454,0.96893572807312,1.4967780113220217,binary,499
blood-transfusion-service-center,1,0,"TabICLv2 (ours, vanilla)",0.2626315789473684,1.2061326503753662,1.1137831211090088,binary,498
blood-transfusion-service-center,1,0,TabICLv2+anchor (ours),0.2622807017543859,1.2061326503753662,0.9710855484008788,binary,498
blood-transfusion-service-center,1,0,TabICLv2+barnes_hut (ours),0.2609649122807017,1.2061326503753662,1.459747076034546,binary,498
blood-transfusion-service-center,1,1,"TabICLv2 (ours, vanilla)",0.2693131132917038,0.9540605545043944,1.108262062072754,binary,499
blood-transfusion-service-center,1,1,TabICLv2+anchor (ours),0.2607493309545048,0.9540605545043944,0.9562904834747314,binary,499
blood-transfusion-service-center,1,1,TabICLv2+barnes_hut (ours),0.267707404103479,0.9540605545043944,1.495594501495361,binary,499
blood-transfusion-service-center,1,2,"TabICLv2 (ours, vanilla)",0.1964317573595003,0.9804720878601074,1.1119487285614014,binary,499
blood-transfusion-service-center,1,2,TabICLv2+anchor (ours),0.202408563782337,0.9804720878601074,0.9725625514984132,binary,499
blood-transfusion-service-center,1,2,TabICLv2+barnes_hut (ours),0.2016057091882247,0.9804720878601074,1.4636998176574707,binary,499
blood-transfusion-service-center,2,0,"TabICLv2 (ours, vanilla)",0.261359649122807,0.9651951789855956,1.1148488521575928,binary,498
blood-transfusion-service-center,2,0,TabICLv2+anchor (ours),0.2742543859649121,0.9651951789855956,0.9729292392730712,binary,498
blood-transfusion-service-center,2,0,TabICLv2+barnes_hut (ours),0.2668859649122806,0.9651951789855956,1.4744913578033447,binary,498
blood-transfusion-service-center,2,1,"TabICLv2 (ours, vanilla)",0.2271186440677964,0.9864544868469238,1.0856215953826904,binary,499
blood-transfusion-service-center,2,1,TabICLv2+anchor (ours),0.2264942016057092,0.9864544868469238,0.967545747756958,binary,499
blood-transfusion-service-center,2,1,TabICLv2+barnes_hut (ours),0.2380017841213202,0.9864544868469238,1.4587454795837402,binary,499
blood-transfusion-service-center,2,2,"TabICLv2 (ours, vanilla)",0.2442908117752007,0.9395391941070556,1.094743251800537,binary,499
blood-transfusion-service-center,2,2,TabICLv2+anchor (ours),0.2431311329170383,0.9395391941070556,0.9831624031066896,binary,499
blood-transfusion-service-center,2,2,TabICLv2+barnes_hut (ours),0.241436217662801,0.9395391941070556,1.4828660488128662,binary,499
blood-transfusion-service-center,3,0,"TabICLv2 (ours, vanilla)",0.2780701754385964,0.8640782833099365,1.1706697940826416,binary,498
blood-transfusion-service-center,3,0,TabICLv2+anchor (ours),0.2746491228070176,0.8640782833099365,0.9826874732971193,binary,498
blood-transfusion-service-center,3,0,TabICLv2+barnes_hut (ours),0.2753508771929824,0.8640782833099365,1.4643006324768066,binary,498
blood-transfusion-service-center,3,1,"TabICLv2 (ours, vanilla)",0.241257805530776,0.939444065093994,1.129422664642334,binary,499
blood-transfusion-service-center,3,1,TabICLv2+anchor (ours),0.2408117752007135,0.939444065093994,1.0703465938568115,binary,499
blood-transfusion-service-center,3,1,TabICLv2+barnes_hut (ours),0.2506244424620873,0.939444065093994,1.4840753078460691,binary,499
blood-transfusion-service-center,3,2,"TabICLv2 (ours, vanilla)",0.2310883140053523,1.1092753410339355,0.8869686126708984,binary,499
blood-transfusion-service-center,3,2,TabICLv2+anchor (ours),0.2406333630686886,1.1092753410339355,0.7863516807556152,binary,499
blood-transfusion-service-center,3,2,TabICLv2+barnes_hut (ours),0.2237734165923283,1.1092753410339355,1.1973652839660645,binary,499
blood-transfusion-service-center,4,0,"TabICLv2 (ours, vanilla)",0.2275438596491227,1.2033312320709229,0.8823142051696777,binary,498
blood-transfusion-service-center,4,0,TabICLv2+anchor (ours),0.2327192982456142,1.2033312320709229,0.8015487194061279,binary,498
blood-transfusion-service-center,4,0,TabICLv2+barnes_hut (ours),0.2301754385964912,1.2033312320709229,1.2429091930389404,binary,498
blood-transfusion-service-center,4,1,"TabICLv2 (ours, vanilla)",0.2112399643175736,1.1829969882965088,0.8719174861907959,binary,499
blood-transfusion-service-center,4,1,TabICLv2+anchor (ours),0.2203389830508474,1.1829969882965088,0.7847938537597656,binary,499
blood-transfusion-service-center,4,1,TabICLv2+barnes_hut (ours),0.214986619090098,1.1829969882965088,1.184480905532837,binary,499
blood-transfusion-service-center,4,2,"TabICLv2 (ours, vanilla)",0.2793041926851025,1.1094822883605957,0.8517293930053711,binary,499
blood-transfusion-service-center,4,2,TabICLv2+anchor (ours),0.2732381801962532,1.1094822883605957,0.8063185214996338,binary,499
blood-transfusion-service-center,4,2,TabICLv2+barnes_hut (ours),0.2760035682426404,1.1094822883605957,1.25954270362854,binary,499
blood-transfusion-service-center,5,0,"TabICLv2 (ours, vanilla)",0.2389912280701753,1.2623002529144287,0.8709464073181152,binary,498
blood-transfusion-service-center,5,0,TabICLv2+anchor (ours),0.2412719298245614,1.2623002529144287,0.7818329334259033,binary,498
blood-transfusion-service-center,5,0,TabICLv2+barnes_hut (ours),0.2313596491228069,1.2623002529144287,1.1772091388702393,binary,498
blood-transfusion-service-center,5,1,"TabICLv2 (ours, vanilla)",0.246164139161463,1.084080934524536,0.874241828918457,binary,499
blood-transfusion-service-center,5,1,TabICLv2+anchor (ours),0.2521409455842996,1.084080934524536,0.8327600955963135,binary,499
blood-transfusion-service-center,5,1,TabICLv2+barnes_hut (ours),0.2468777876895629,1.084080934524536,1.2445263862609863,binary,499
blood-transfusion-service-center,5,2,"TabICLv2 (ours, vanilla)",0.2228367528991971,1.1768147945404053,0.8674461841583252,binary,499
blood-transfusion-service-center,5,2,TabICLv2+anchor (ours),0.2278322925958964,1.1768147945404053,0.783390998840332,binary,499
blood-transfusion-service-center,5,2,TabICLv2+barnes_hut (ours),0.2292595896520962,1.1768147945404053,1.181222677230835,binary,499
blood-transfusion-service-center,6,0,"TabICLv2 (ours, vanilla)",0.1744298245614035,1.0634849071502686,0.8777916431427002,binary,498
blood-transfusion-service-center,6,0,TabICLv2+anchor (ours),0.1779385964912281,1.0634849071502686,0.8123428821563721,binary,498
blood-transfusion-service-center,6,0,TabICLv2+barnes_hut (ours),0.178640350877193,1.0634849071502686,1.2519514560699463,binary,498
blood-transfusion-service-center,6,1,"TabICLv2 (ours, vanilla)",0.3235504014272969,1.1889760494232178,0.8848443031311035,binary,499
blood-transfusion-service-center,6,1,TabICLv2+anchor (ours),0.3231043710972345,1.1889760494232178,0.7906575202941895,binary,499
blood-transfusion-service-center,6,1,TabICLv2+barnes_hut (ours),0.3218554861730598,1.1889760494232178,1.2022509574890137,binary,499
blood-transfusion-service-center,6,2,"TabICLv2 (ours, vanilla)",0.257493309545049,1.0904953479766846,0.868297815322876,binary,499
blood-transfusion-service-center,6,2,TabICLv2+anchor (ours),0.2373327386262264,1.0904953479766846,0.7963979244232178,binary,499
blood-transfusion-service-center,6,2,TabICLv2+barnes_hut (ours),0.253300624442462,1.0904953479766846,1.222282886505127,binary,499
blood-transfusion-service-center,7,0,"TabICLv2 (ours, vanilla)",0.268157894736842,1.2038068771362305,0.8786017894744873,binary,498
blood-transfusion-service-center,7,0,TabICLv2+anchor (ours),0.2594736842105263,1.2038068771362305,0.7950088977813721,binary,498
blood-transfusion-service-center,7,0,TabICLv2+barnes_hut (ours),0.2693859649122807,1.2038068771362305,1.2327775955200195,binary,498
blood-transfusion-service-center,7,1,"TabICLv2 (ours, vanilla)",0.2250223015165031,1.2132713794708252,0.8953485488891602,binary,499
blood-transfusion-service-center,7,1,TabICLv2+anchor (ours),0.217350579839429,1.2132713794708252,0.8417348861694336,binary,499
blood-transfusion-service-center,7,1,TabICLv2+barnes_hut (ours),0.2372435325602141,1.2132713794708252,1.2300565242767334,binary,499
blood-transfusion-service-center,7,2,"TabICLv2 (ours, vanilla)",0.2516949152542372,1.129488229751587,0.8535230159759521,binary,499
blood-transfusion-service-center,7,2,TabICLv2+anchor (ours),0.2523193577163247,1.129488229751587,0.7940175533294678,binary,499
blood-transfusion-service-center,7,2,TabICLv2+barnes_hut (ours),0.2520517395182871,1.129488229751587,1.1836168766021729,binary,499
blood-transfusion-service-center,8,0,"TabICLv2 (ours, vanilla)",0.2473684210526315,1.059309720993042,0.8901388645172119,binary,498
blood-transfusion-service-center,8,0,TabICLv2+anchor (ours),0.2578947368421052,1.059309720993042,0.8190877437591553,binary,498
blood-transfusion-service-center,8,0,TabICLv2+barnes_hut (ours),0.2478947368421052,1.059309720993042,1.2302467823028564,binary,498
blood-transfusion-service-center,8,1,"TabICLv2 (ours, vanilla)",0.2475468331846566,1.1699824333190918,0.8738052845001221,binary,499
blood-transfusion-service-center,8,1,TabICLv2+anchor (ours),0.2424620874219447,1.1699824333190918,0.785414457321167,binary,499
blood-transfusion-service-center,8,1,TabICLv2+barnes_hut (ours),0.2475468331846566,1.1699824333190918,1.185377836227417,binary,499
blood-transfusion-service-center,8,2,"TabICLv2 (ours, vanilla)",0.2312667261373773,1.125215768814087,0.87172532081604,binary,499
blood-transfusion-service-center,8,2,TabICLv2+anchor (ours),0.2301070472792149,1.125215768814087,0.8086848258972168,binary,499
blood-transfusion-service-center,8,2,TabICLv2+barnes_hut (ours),0.2376895628902765,1.125215768814087,1.2439184188842771,binary,499
blood-transfusion-service-center,9,0,"TabICLv2 (ours, vanilla)",0.2714035087719298,1.240955829620361,0.8731462955474854,binary,498
blood-transfusion-service-center,9,0,TabICLv2+anchor (ours),0.2630701754385965,1.240955829620361,0.7789568901062012,binary,498
blood-transfusion-service-center,9,0,TabICLv2+barnes_hut (ours),0.2694736842105263,1.240955829620361,1.1758301258087158,binary,498
blood-transfusion-service-center,9,1,"TabICLv2 (ours, vanilla)",0.2431311329170383,1.0879621505737305,0.8617904186248779,binary,499
blood-transfusion-service-center,9,1,TabICLv2+anchor (ours),0.2485727029438001,1.0879621505737305,0.8106870651245117,binary,499
blood-transfusion-service-center,9,1,TabICLv2+barnes_hut (ours),0.2592774308652987,1.0879621505737305,1.2514472007751465,binary,499
blood-transfusion-service-center,9,2,"TabICLv2 (ours, vanilla)",0.2153434433541478,1.0851523876190186,0.864316463470459,binary,499
blood-transfusion-service-center,9,2,TabICLv2+anchor (ours),0.2193577163247099,1.0851523876190186,0.77431321144104,binary,499
blood-transfusion-service-center,9,2,TabICLv2+barnes_hut (ours),0.2198929527207851,1.0851523876190186,1.1694011688232422,binary,499
diabetes,0,0,"TabICLv2 (ours, vanilla)",0.1546854082998661,1.1814475059509275,1.0028669834136963,binary,512
diabetes,0,0,TabICLv2+anchor (ours),0.1582329317269076,1.1814475059509275,0.9381179809570312,binary,512
diabetes,0,0,TabICLv2+barnes_hut (ours),0.1586345381526104,1.1814475059509275,1.2593369483947754,binary,512
diabetes,0,1,"TabICLv2 (ours, vanilla)",0.1654443921146471,1.1249547004699707,0.967353343963623,binary,512
diabetes,0,1,TabICLv2+anchor (ours),0.1739891004507838,1.1249547004699707,0.9187965393066406,binary,512
diabetes,0,1,TabICLv2+barnes_hut (ours),0.1743927874587904,1.1249547004699707,1.2519683837890625,binary,512
diabetes,0,2,"TabICLv2 (ours, vanilla)",0.1529300948664468,1.1395931243896484,0.9961349964141846,binary,512
diabetes,0,2,TabICLv2+anchor (ours),0.1553522169144856,1.1395931243896484,0.9312269687652588,binary,512
diabetes,0,2,TabICLv2+barnes_hut (ours),0.1514499091704233,1.1395931243896484,1.263552188873291,binary,512
diabetes,1,0,"TabICLv2 (ours, vanilla)",0.1651752674426428,1.1755053997039795,1.0020668506622314,binary,512
diabetes,1,0,TabICLv2+anchor (ours),0.1547466864024759,1.1755053997039795,0.9105589389801024,binary,512
diabetes,1,0,TabICLv2+barnes_hut (ours),0.1666554531386664,1.1755053997039795,1.264482498168945,binary,512
diabetes,1,1,"TabICLv2 (ours, vanilla)",0.1429724820022876,1.2255890369415283,1.0163977146148682,binary,512
diabetes,1,1,TabICLv2+anchor (ours),0.1468747897463501,1.2255890369415283,0.9502630233764648,binary,512
diabetes,1,1,TabICLv2+barnes_hut (ours),0.1422996703222768,1.2255890369415283,1.2877795696258545,binary,512
diabetes,1,2,"TabICLv2 (ours, vanilla)",0.1776439089692101,1.204063892364502,1.006767988204956,binary,512
diabetes,1,2,TabICLv2+anchor (ours),0.1853413654618474,1.204063892364502,0.9437525272369384,binary,512
diabetes,1,2,TabICLv2+barnes_hut (ours),0.1846050870147256,1.204063892364502,1.2786753177642822,binary,512
diabetes,2,0,"TabICLv2 (ours, vanilla)",0.1465383839063446,1.2543487548828125,1.0216104984283447,binary,512
diabetes,2,0,TabICLv2+anchor (ours),0.1388683307542219,1.2543487548828125,0.949688196182251,binary,512
diabetes,2,0,TabICLv2+barnes_hut (ours),0.1505752539864091,1.2543487548828125,1.2628662586212158,binary,512
diabetes,2,1,"TabICLv2 (ours, vanilla)",0.1590526811545448,1.2316253185272217,1.0390136241912842,binary,512
diabetes,2,1,TabICLv2+anchor (ours),0.1799771244028796,1.2316253185272217,0.9612114429473876,binary,512
diabetes,2,1,TabICLv2+barnes_hut (ours),0.1579761824665275,1.2316253185272217,1.295473575592041,binary,512
diabetes,2,2,"TabICLv2 (ours, vanilla)",0.2151941097724229,1.462033987045288,1.0311095714569092,binary,512
diabetes,2,2,TabICLv2+anchor (ours),0.2143908969210173,1.462033987045288,0.9811463356018066,binary,512
diabetes,2,2,TabICLv2+barnes_hut (ours),0.2173360107095047,1.462033987045288,1.3126013278961182,binary,512
diabetes,3,0,"TabICLv2 (ours, vanilla)",0.1822646841149162,1.5924503803253174,1.0296437740325928,binary,512
diabetes,3,0,TabICLv2+anchor (ours),0.1851577743389625,1.5924503803253174,0.951570987701416,binary,512
diabetes,3,0,TabICLv2+barnes_hut (ours),0.1850904931709615,1.5924503803253174,1.2786355018615725,binary,512
diabetes,3,1,"TabICLv2 (ours, vanilla)",0.1247392854739958,1.276120662689209,1.0060038566589355,binary,512
diabetes,3,1,TabICLv2+anchor (ours),0.1277669380340442,1.276120662689209,0.9532432556152344,binary,512
diabetes,3,1,TabICLv2+barnes_hut (ours),0.1244028796339904,1.276120662689209,1.3006536960601809,binary,512
diabetes,3,2,"TabICLv2 (ours, vanilla)",0.1700133868808567,1.2902190685272217,1.0385854244232178,binary,512
diabetes,3,2,TabICLv2+anchor (ours),0.1687416331994645,1.2902190685272217,0.9407076835632324,binary,512
diabetes,3,2,TabICLv2+barnes_hut (ours),0.1697456492637215,1.2902190685272217,1.2703862190246582,binary,512
diabetes,4,0,"TabICLv2 (ours, vanilla)",0.1823319652829172,1.3144891262054443,1.009376049041748,binary,512
diabetes,4,0,TabICLv2+anchor (ours),0.1844176814909506,1.3144891262054443,0.9330847263336182,binary,512
diabetes,4,0,TabICLv2+barnes_hut (ours),0.1889255197470228,1.3144891262054443,1.270930528640747,binary,512
diabetes,4,1,"TabICLv2 (ours, vanilla)",0.1643678934266299,1.2610795497894287,1.026125431060791,binary,512
diabetes,4,1,TabICLv2+anchor (ours),0.1695485433627127,1.2610795497894287,0.9354898929595948,binary,512
diabetes,4,1,TabICLv2+barnes_hut (ours),0.1606001480185697,1.2610795497894287,1.265546798706055,binary,512
diabetes,4,2,"TabICLv2 (ours, vanilla)",0.1384872824631862,1.284069299697876,1.0046067237854004,binary,512
diabetes,4,2,TabICLv2+anchor (ours),0.1344042838018742,1.284069299697876,0.944190263748169,binary,512
diabetes,4,2,TabICLv2+barnes_hut (ours),0.1431726907630521,1.284069299697876,1.2987146377563477,binary,512
diabetes,5,0,"TabICLv2 (ours, vanilla)",0.1256139406580098,1.295135498046875,1.0008246898651123,binary,512
diabetes,5,0,TabICLv2+anchor (ours),0.1288434367220615,1.295135498046875,0.9407882690429688,binary,512
diabetes,5,0,TabICLv2+barnes_hut (ours),0.1296508107380745,1.295135498046875,1.2636542320251465,binary,512
diabetes,5,1,"TabICLv2 (ours, vanilla)",0.1972011034111552,1.1343648433685305,0.9986631870269777,binary,512
diabetes,5,1,TabICLv2+anchor (ours),0.2001614748032025,1.1343648433685305,0.909860610961914,binary,512
diabetes,5,1,TabICLv2+barnes_hut (ours),0.1973356657471574,1.1343648433685305,1.2737584114074707,binary,512
diabetes,5,2,"TabICLv2 (ours, vanilla)",0.160107095046854,1.287445306777954,1.030513048171997,binary,512
diabetes,5,2,TabICLv2+anchor (ours),0.1697456492637215,1.287445306777954,0.9347360134124756,binary,512
diabetes,5,2,TabICLv2+barnes_hut (ours),0.1629183400267737,1.287445306777954,1.2554817199707031,binary,512
diabetes,6,0,"TabICLv2 (ours, vanilla)",0.1304581847540873,1.1866276264190674,1.0047075748443604,binary,512
diabetes,6,0,TabICLv2+anchor (ours),0.1335531184821369,1.1866276264190674,0.952094316482544,binary,512
diabetes,6,0,TabICLv2+barnes_hut (ours),0.1352351476821638,1.1866276264190674,1.2860369682312012,binary,512
diabetes,6,1,"TabICLv2 (ours, vanilla)",0.1986140079391779,1.199272871017456,1.022078037261963,binary,512
diabetes,6,1,TabICLv2+anchor (ours),0.1981430397631702,1.199272871017456,0.934072732925415,binary,512
diabetes,6,1,TabICLv2+barnes_hut (ours),0.1967974164031488,1.199272871017456,1.2568540573120115,binary,512
diabetes,6,2,"TabICLv2 (ours, vanilla)",0.1423694779116466,1.4533898830413818,1.0131752490997314,binary,512
diabetes,6,2,TabICLv2+anchor (ours),0.1536144578313253,1.4533898830413818,0.9354093074798584,binary,512
diabetes,6,2,TabICLv2+barnes_hut (ours),0.1391566265060241,1.4533898830413818,1.2774946689605713,binary,512
diabetes,7,0,"TabICLv2 (ours, vanilla)",0.192625983987082,1.2415480613708496,1.0216548442840576,binary,512
diabetes,7,0,TabICLv2+anchor (ours),0.1852250555069636,1.2415480613708496,0.9413735866546632,binary,512
diabetes,7,0,TabICLv2+barnes_hut (ours),0.1957209177151315,1.2415480613708496,1.2763512134552002,binary,512
diabetes,7,1,"TabICLv2 (ours, vanilla)",0.1437125748502994,1.2134895324707031,1.012582540512085,binary,512
diabetes,7,1,TabICLv2+anchor (ours),0.1432416066742918,1.2134895324707031,0.965911865234375,binary,512
diabetes,7,1,TabICLv2+barnes_hut (ours),0.1411558904662584,1.2134895324707031,1.2751429080963137,binary,512
diabetes,7,2,"TabICLv2 (ours, vanilla)",0.1561579651941097,1.2539727687835691,1.0307433605194092,binary,512
diabetes,7,2,TabICLv2+anchor (ours),0.1522088353413655,1.2539727687835691,0.9189560413360596,binary,512
diabetes,7,2,TabICLv2+barnes_hut (ours),0.1524765729585006,1.2539727687835691,1.2582170963287354,binary,512
diabetes,8,0,"TabICLv2 (ours, vanilla)",0.1692794186907085,1.2740905284881592,1.00494384765625,binary,512
diabetes,8,0,TabICLv2+anchor (ours),0.1700195115387204,1.2740905284881592,0.9449784755706788,binary,512
diabetes,8,0,TabICLv2+barnes_hut (ours),0.1726434770907623,1.2740905284881592,1.29418683052063,binary,512
diabetes,8,1,"TabICLv2 (ours, vanilla)",0.1517863150104287,1.224604606628418,1.0015919208526611,binary,512
diabetes,8,1,TabICLv2+anchor (ours),0.1550158110744801,1.224604606628418,0.9204227924346924,binary,512
diabetes,8,1,TabICLv2+barnes_hut (ours),0.1568996837785102,1.224604606628418,1.2845685482025146,binary,512
diabetes,8,2,"TabICLv2 (ours, vanilla)",0.1578982597054886,1.1750495433807373,1.0039541721343994,binary,512
diabetes,8,2,TabICLv2+anchor (ours),0.1582329317269076,1.1750495433807373,0.9636480808258056,binary,512
diabetes,8,2,TabICLv2+barnes_hut (ours),0.1566265060240963,1.1750495433807373,1.3003275394439695,binary,512
diabetes,9,0,"TabICLv2 (ours, vanilla)",0.1486613119143239,1.2041330337524414,1.0199177265167236,binary,512
diabetes,9,0,TabICLv2+anchor (ours),0.1566265060240963,1.2041330337524414,0.9439682960510254,binary,512
diabetes,9,0,TabICLv2+barnes_hut (ours),0.1582329317269076,1.2041330337524414,1.2557826042175293,binary,512
diabetes,9,1,"TabICLv2 (ours, vanilla)",0.173450851106775,1.207923173904419,1.013095140457153,binary,512
diabetes,9,1,TabICLv2+anchor (ours),0.1886563950750186,1.207923173904419,0.9232752323150636,binary,512
diabetes,9,1,TabICLv2+barnes_hut (ours),0.174258225122788,1.207923173904419,1.2852411270141602,binary,512
diabetes,9,2,"TabICLv2 (ours, vanilla)",0.144318105362309,1.2175347805023191,1.033778429031372,binary,512
diabetes,9,2,TabICLv2+anchor (ours),0.1429052008342864,1.2175347805023191,0.9324235916137696,binary,512
diabetes,9,2,TabICLv2+barnes_hut (ours),0.1427033573302831,1.2175347805023191,1.265577793121338,binary,512
anneal,0,0,"TabICLv2 (ours, vanilla)",0.0358444452285766,1.8949744701385496,4.101085901260376,multiclass,598
anneal,0,0,TabICLv2+anchor (ours),0.0833696201443672,1.8949744701385496,3.2703657150268555,multiclass,598
anneal,0,0,TabICLv2+barnes_hut (ours),0.0397527106106281,1.8949744701385496,3.427860736846924,multiclass,598
anneal,0,1,"TabICLv2 (ours, vanilla)",0.0060907271690666,2.2093234062194824,2.240025281906128,multiclass,599
anneal,0,1,TabICLv2+anchor (ours),0.0980838164687156,2.2093234062194824,3.2926058769226074,multiclass,599
anneal,0,1,TabICLv2+barnes_hut (ours),0.0081807281821966,2.2093234062194824,4.340381860733032,multiclass,599
anneal,0,2,"TabICLv2 (ours, vanilla)",0.0094392718747258,2.087496280670166,3.6884474754333496,multiclass,599
anneal,0,2,TabICLv2+anchor (ours),0.075446605682373,2.087496280670166,5.872762203216553,multiclass,599
anneal,0,2,TabICLv2+barnes_hut (ours),0.0102568138390779,2.087496280670166,3.337381601333618,multiclass,599
anneal,1,0,"TabICLv2 (ours, vanilla)",0.0299077797681093,1.961228370666504,2.294329881668091,multiclass,598
anneal,1,0,TabICLv2+anchor (ours),0.1199268102645874,1.961228370666504,4.056631803512573,multiclass,598
anneal,1,0,TabICLv2+barnes_hut (ours),0.0366990305483341,1.961228370666504,2.2327029705047607,multiclass,598
anneal,1,1,"TabICLv2 (ours, vanilla)",0.0055719157680869,2.1160902976989746,2.294210195541382,multiclass,599
anneal,1,1,TabICLv2+anchor (ours),0.0506919622421264,2.1160902976989746,3.3250789642333984,multiclass,599
anneal,1,1,TabICLv2+barnes_hut (ours),0.0053124264813959,2.1160902976989746,3.399279832839966,multiclass,599
anneal,1,2,"TabICLv2 (ours, vanilla)",0.0354661606252193,2.350832939147949,5.5104405879974365,multiclass,599
anneal,1,2,TabICLv2+anchor (ours),0.1090730503201484,2.350832939147949,3.436680316925049,multiclass,599
anneal,1,2,TabICLv2+barnes_hut (ours),0.0346389859914779,2.350832939147949,3.304642915725708,multiclass,599
anneal,2,0,"TabICLv2 (ours, vanilla)",0.0198697950690984,2.137779712677002,2.961808681488037,multiclass,598
anneal,2,0,TabICLv2+anchor (ours),0.0750300362706184,2.137779712677002,4.933473348617554,multiclass,598
anneal,2,0,TabICLv2+barnes_hut (ours),0.0242682918906211,2.137779712677002,3.4351963996887207,multiclass,598
anneal,2,1,"TabICLv2 (ours, vanilla)",0.0036785802803933,2.0945286750793457,5.653007745742798,multiclass,599
anneal,2,1,TabICLv2+anchor (ours),0.0741931274533271,2.0945286750793457,2.9576730728149414,multiclass,599
anneal,2,1,TabICLv2+barnes_hut (ours),0.0044220993295311,2.0945286750793457,3.30845046043396,multiclass,599
anneal,2,2,"TabICLv2 (ours, vanilla)",0.0283633340150117,2.226369619369507,2.4555227756500244,multiclass,599
anneal,2,2,TabICLv2+anchor (ours),0.0751740708947181,2.226369619369507,6.672272443771362,multiclass,599
anneal,2,2,TabICLv2+barnes_hut (ours),0.0355839803814888,2.226369619369507,3.2922463417053223,multiclass,599
anneal,3,0,"TabICLv2 (ours, vanilla)",0.0353483892977237,2.204984426498413,6.408566474914551,multiclass,598
anneal,3,0,TabICLv2+anchor (ours),0.1076351031661033,2.204984426498413,5.997954368591309,multiclass,598
anneal,3,0,TabICLv2+barnes_hut (ours),0.0370855405926704,2.204984426498413,3.31272554397583,multiclass,598
anneal,3,1,"TabICLv2 (ours, vanilla)",0.0023268056102097,2.1393487453460693,6.141430377960205,multiclass,599
anneal,3,1,TabICLv2+anchor (ours),0.0466300062835216,2.1393487453460693,2.7370426654815674,multiclass,599
anneal,3,1,TabICLv2+barnes_hut (ours),0.0024187907110899,2.1393487453460693,2.6751298904418945,multiclass,599
anneal,3,2,"TabICLv2 (ours, vanilla)",0.0188870225101709,2.0555307865142822,3.422906875610352,multiclass,599
anneal,3,2,TabICLv2+anchor (ours),0.077636107802391,2.0555307865142822,5.124972105026245,multiclass,599
anneal,3,2,TabICLv2+barnes_hut (ours),0.0186249297112226,2.0555307865142822,3.4431939125061035,multiclass,599
anneal,4,0,"TabICLv2 (ours, vanilla)",0.0253493040800094,2.674119472503662,2.4535391330718994,multiclass,598
anneal,4,0,TabICLv2+anchor (ours),0.0791529491543769,2.674119472503662,4.033344507217407,multiclass,598
anneal,4,0,TabICLv2+barnes_hut (ours),0.0307189375162124,2.674119472503662,2.169337511062622,multiclass,598
anneal,4,1,"TabICLv2 (ours, vanilla)",0.0109838750213384,2.0954067707061768,4.932957172393799,multiclass,599
anneal,4,1,TabICLv2+anchor (ours),0.0799500048160553,2.0954067707061768,3.2909035682678223,multiclass,599
anneal,4,1,TabICLv2+barnes_hut (ours),0.0108184367418289,2.0954067707061768,3.379178285598755,multiclass,599
anneal,4,2,"TabICLv2 (ours, vanilla)",0.0348297394812107,1.9511339664459229,3.096475124359131,multiclass,599
anneal,4,2,TabICLv2+anchor (ours),0.0772508606314659,1.9511339664459229,3.2980844974517822,multiclass,599
anneal,4,2,TabICLv2+barnes_hut (ours),0.0430420637130737,1.9511339664459229,3.257781744003296,multiclass,599
anneal,5,0,"TabICLv2 (ours, vanilla)",0.0244084428995847,2.0497946739196777,2.8525965213775635,multiclass,598
anneal,5,0,TabICLv2+anchor (ours),0.0797054320573806,2.0497946739196777,3.6875503063201904,multiclass,598
anneal,5,0,TabICLv2+barnes_hut (ours),0.0303663183003664,2.0497946739196777,2.236346960067749,multiclass,598
anneal,5,1,"TabICLv2 (ours, vanilla)",0.0099638383835554,2.33349609375,3.2429873943328857,multiclass,599
anneal,5,1,TabICLv2+anchor (ours),0.0760837420821189,2.33349609375,2.077554941177368,multiclass,599
anneal,5,1,TabICLv2+barnes_hut (ours),0.0132531588897109,2.33349609375,3.410199880599976,multiclass,599
anneal,5,2,"TabICLv2 (ours, vanilla)",0.0085175139829516,2.191098213195801,3.3133130073547363,multiclass,599
anneal,5,2,TabICLv2+anchor (ours),0.0812839120626449,2.191098213195801,6.372999668121338,multiclass,599
anneal,5,2,TabICLv2+barnes_hut (ours),0.014416528865695,2.191098213195801,3.319993257522583,multiclass,599
anneal,6,0,"TabICLv2 (ours, vanilla)",0.0126770408824086,1.9602437019348145,2.969752788543701,multiclass,598
anneal,6,0,TabICLv2+anchor (ours),0.0632727071642875,1.9602437019348145,2.27744460105896,multiclass,598
anneal,6,0,TabICLv2+barnes_hut (ours),0.0145389251410961,1.9602437019348145,3.340346097946167,multiclass,598
anneal,6,1,"TabICLv2 (ours, vanilla)",0.0340721346437931,2.089194774627685,3.478553771972656,multiclass,599
anneal,6,1,TabICLv2+anchor (ours),0.1579501628875732,2.089194774627685,5.89298152923584,multiclass,599
anneal,6,1,TabICLv2+barnes_hut (ours),0.0364675261080265,2.089194774627685,3.300499677658081,multiclass,599
anneal,6,2,"TabICLv2 (ours, vanilla)",0.0093252686783671,1.9405615329742432,3.264676809310913,multiclass,599
anneal,6,2,TabICLv2+anchor (ours),0.0592674985527992,1.9405615329742432,2.161586284637451,multiclass,599
anneal,6,2,TabICLv2+barnes_hut (ours),0.0107735069468617,1.9405615329742432,3.403084278106689,multiclass,599
anneal,7,0,"TabICLv2 (ours, vanilla)",0.0389838032424449,2.149674654006958,2.245873212814331,multiclass,598
anneal,7,0,TabICLv2+anchor (ours),0.1233544647693634,2.149674654006958,4.207244396209717,multiclass,598
anneal,7,0,TabICLv2+barnes_hut (ours),0.0474264025688171,2.149674654006958,3.2900333404541016,multiclass,598
anneal,7,1,"TabICLv2 (ours, vanilla)",0.0630095899105072,2.054135799407959,5.837863445281982,multiclass,599
anneal,7,1,TabICLv2+anchor (ours),0.0955821350216865,2.054135799407959,3.140397310256958,multiclass,599
anneal,7,1,TabICLv2+barnes_hut (ours),0.0608138032257556,2.054135799407959,3.362309455871582,multiclass,599
anneal,7,2,"TabICLv2 (ours, vanilla)",0.0130455214530229,2.258819341659546,3.417585849761963,multiclass,599
anneal,7,2,TabICLv2+anchor (ours),0.0633006617426872,2.258819341659546,3.049845218658448,multiclass,599
anneal,7,2,TabICLv2+barnes_hut (ours),0.0121340462937951,2.258819341659546,3.3146355152130127,multiclass,599
anneal,8,0,"TabICLv2 (ours, vanilla)",0.023048723116517,2.213571310043335,3.2780182361602783,multiclass,598
anneal,8,0,TabICLv2+anchor (ours),0.0951613783836364,2.213571310043335,2.3942854404449463,multiclass,598
anneal,8,0,TabICLv2+barnes_hut (ours),0.0233674962073564,2.213571310043335,3.3136556148529053,multiclass,598
anneal,8,1,"TabICLv2 (ours, vanilla)",0.0105569288134574,1.884545087814331,2.96557092666626,multiclass,599
anneal,8,1,TabICLv2+anchor (ours),0.0861983671784401,1.884545087814331,3.453131437301636,multiclass,599
anneal,8,1,TabICLv2+barnes_hut (ours),0.0107122967019677,1.884545087814331,3.3641223907470703,multiclass,599
anneal,8,2,"TabICLv2 (ours, vanilla)",0.0084732733666896,2.020210266113281,2.233028650283813,multiclass,599
anneal,8,2,TabICLv2+anchor (ours),0.0578587651252746,2.020210266113281,4.445508241653442,multiclass,599
anneal,8,2,TabICLv2+barnes_hut (ours),0.0055894809775054,2.020210266113281,2.2081215381622314,multiclass,599
anneal,9,0,"TabICLv2 (ours, vanilla)",0.0026258390862494,2.2193644046783447,2.258939504623413,multiclass,598
anneal,9,0,TabICLv2+anchor (ours),0.0702537149190902,2.2193644046783447,7.005437135696411,multiclass,598
anneal,9,0,TabICLv2+barnes_hut (ours),0.0040914565324783,2.2193644046783447,4.140651702880859,multiclass,598
anneal,9,1,"TabICLv2 (ours, vanilla)",0.0054802545346319,2.760720014572144,2.131051778793335,multiclass,599
anneal,9,1,TabICLv2+anchor (ours),0.0776482746005058,2.760720014572144,2.9691457748413086,multiclass,599
anneal,9,1,TabICLv2+barnes_hut (ours),0.0118134943768382,2.760720014572144,5.5886993408203125,multiclass,599
anneal,9,2,"TabICLv2 (ours, vanilla)",0.0322442539036273,1.7031869888305664,5.012841939926148,multiclass,599
anneal,9,2,TabICLv2+anchor (ours),0.1041678562760353,1.7031869888305664,6.467118978500366,multiclass,599
anneal,9,2,TabICLv2+barnes_hut (ours),0.0342121683061122,1.7031869888305664,2.833263635635376,multiclass,599
credit-g,0,0,"TabICLv2 (ours, vanilla)",0.2091452991452991,1.5748529434204102,1.9120662212371824,binary,666
credit-g,0,0,TabICLv2+anchor (ours),0.2134188034188033,1.5748529434204102,3.2969517707824707,binary,666
credit-g,0,0,TabICLv2+barnes_hut (ours),0.224102564102564,1.5748529434204102,7.457617282867432,binary,666
credit-g,0,1,"TabICLv2 (ours, vanilla)",0.1887982832618026,2.2821953296661377,2.0746548175811768,binary,667
credit-g,0,1,TabICLv2+anchor (ours),0.1852789699570816,2.2821953296661377,2.260353803634644,binary,667
credit-g,0,1,TabICLv2+barnes_hut (ours),0.1866952789699572,2.2821953296661377,2.229969024658203,binary,667
credit-g,0,2,"TabICLv2 (ours, vanilla)",0.2254077253218883,2.2373528480529785,1.945605993270874,binary,667
credit-g,0,2,TabICLv2+anchor (ours),0.2343776824034334,2.2373528480529785,3.408749580383301,binary,667
credit-g,0,2,TabICLv2+barnes_hut (ours),0.2503433476394849,2.2373528480529785,2.5146758556365967,binary,667
credit-g,1,0,"TabICLv2 (ours, vanilla)",0.1962820512820513,1.6782169342041016,2.322664976119995,binary,666
credit-g,1,0,TabICLv2+anchor (ours),0.1993162393162394,1.6782169342041016,3.0439212322235107,binary,666
credit-g,1,0,TabICLv2+barnes_hut (ours),0.1927350427350428,1.6782169342041016,2.0800366401672363,binary,666
credit-g,1,1,"TabICLv2 (ours, vanilla)",0.1906866952789699,1.964792966842652,1.910274028778076,binary,667
credit-g,1,1,TabICLv2+anchor (ours),0.1980257510729614,1.964792966842652,2.0884737968444824,binary,667
credit-g,1,1,TabICLv2+barnes_hut (ours),0.2012875536480687,1.964792966842652,3.210981845855713,binary,667
credit-g,1,2,"TabICLv2 (ours, vanilla)",0.2435193133047211,1.196934938430786,1.611746072769165,binary,667
credit-g,1,2,TabICLv2+anchor (ours),0.2425751072961373,1.196934938430786,2.389077663421631,binary,667
credit-g,1,2,TabICLv2+barnes_hut (ours),0.2528755364806868,1.196934938430786,2.1438093185424805,binary,667
credit-g,2,0,"TabICLv2 (ours, vanilla)",0.186068376068376,2.0670907497406006,1.9307262897491453,binary,666
credit-g,2,0,TabICLv2+anchor (ours),0.1909829059829059,2.0670907497406006,2.1749675273895264,binary,666
credit-g,2,0,TabICLv2+barnes_hut (ours),0.2042735042735043,2.0670907497406006,2.146836996078491,binary,666
credit-g,2,1,"TabICLv2 (ours, vanilla)",0.204549356223176,2.0103743076324463,5.905415773391724,binary,667
credit-g,2,1,TabICLv2+anchor (ours),0.2139484978540773,2.0103743076324463,2.116841554641724,binary,667
credit-g,2,1,TabICLv2+barnes_hut (ours),0.2174248927038626,2.0103743076324463,2.1308579444885254,binary,667
credit-g,2,2,"TabICLv2 (ours, vanilla)",0.1933476394849785,2.1255075931549072,5.444286108016968,binary,667
credit-g,2,2,TabICLv2+anchor (ours),0.2042060085836909,2.1255075931549072,2.0094573497772217,binary,667
credit-g,2,2,TabICLv2+barnes_hut (ours),0.2118454935622317,2.1255075931549072,2.63814640045166,binary,667
credit-g,3,0,"TabICLv2 (ours, vanilla)",0.1702564102564102,1.7425715923309326,2.0671041011810303,binary,666
credit-g,3,0,TabICLv2+anchor (ours),0.1823076923076922,1.7425715923309326,1.490262746810913,binary,666
credit-g,3,0,TabICLv2+barnes_hut (ours),0.1758547008547009,1.7425715923309326,2.535766363143921,binary,666
credit-g,3,1,"TabICLv2 (ours, vanilla)",0.2028326180257511,2.035688161849976,6.113445281982422,binary,667
credit-g,3,1,TabICLv2+anchor (ours),0.2082403433476394,2.035688161849976,2.3778696060180664,binary,667
credit-g,3,1,TabICLv2+barnes_hut (ours),0.2188412017167382,2.035688161849976,3.461484670639038,binary,667
credit-g,3,2,"TabICLv2 (ours, vanilla)",0.2164377682403433,2.138784170150757,2.194475173950196,binary,667
credit-g,3,2,TabICLv2+anchor (ours),0.2267381974248927,2.138784170150757,3.3089427947998047,binary,667
credit-g,3,2,TabICLv2+barnes_hut (ours),0.2312875536480686,2.138784170150757,2.330295324325561,binary,667
credit-g,4,0,"TabICLv2 (ours, vanilla)",0.1994871794871795,2.283228635787964,1.9725184440612795,binary,666
credit-g,4,0,TabICLv2+anchor (ours),0.204145299145299,2.283228635787964,2.189092874526977,binary,666
credit-g,4,0,TabICLv2+barnes_hut (ours),0.2073076923076923,2.283228635787964,2.2461745738983154,binary,666
credit-g,4,1,"TabICLv2 (ours, vanilla)",0.2018454935622317,1.992179155349732,1.984599113464356,binary,667
credit-g,4,1,TabICLv2+anchor (ours),0.2195708154506438,1.992179155349732,3.746505260467529,binary,667
credit-g,4,1,TabICLv2+barnes_hut (ours),0.217167381974249,1.992179155349732,2.515869140625,binary,667
credit-g,4,2,"TabICLv2 (ours, vanilla)",0.2139914163090128,1.5837364196777344,2.089291572570801,binary,667
credit-g,4,2,TabICLv2+anchor (ours),0.2134763948497854,1.5837364196777344,0.7493526935577393,binary,667
credit-g,4,2,TabICLv2+barnes_hut (ours),0.2145064377682403,1.5837364196777344,3.3928205966949463,binary,667
credit-g,5,0,"TabICLv2 (ours, vanilla)",0.1553418803418803,2.108114004135132,2.202594518661499,binary,666
credit-g,5,0,TabICLv2+anchor (ours),0.1622649572649571,2.108114004135132,3.488563537597656,binary,666
credit-g,5,0,TabICLv2+barnes_hut (ours),0.1677777777777778,2.108114004135132,2.0944693088531494,binary,666
credit-g,5,1,"TabICLv2 (ours, vanilla)",0.2360944206008584,2.2904438972473145,2.0356831550598145,binary,667
credit-g,5,1,TabICLv2+anchor (ours),0.2418884120171673,2.2904438972473145,2.241660594940185,binary,667
credit-g,5,1,TabICLv2+barnes_hut (ours),0.258412017167382,2.2904438972473145,2.207629919052124,binary,667
credit-g,5,2,"TabICLv2 (ours, vanilla)",0.1978111587982833,2.283677577972412,2.263983964920044,binary,667
credit-g,5,2,TabICLv2+anchor (ours),0.2075965665236052,2.283677577972412,3.262935161590576,binary,667
credit-g,5,2,TabICLv2+barnes_hut (ours),0.2157939914163089,2.283677577972412,2.1115283966064453,binary,667
credit-g,6,0,"TabICLv2 (ours, vanilla)",0.2450000000000001,2.1944146156311035,3.8016042709350586,binary,666
credit-g,6,0,TabICLv2+anchor (ours),0.2438461538461538,2.1944146156311035,2.4014339447021484,binary,666
credit-g,6,0,TabICLv2+barnes_hut (ours),0.2546581196581197,2.1944146156311035,2.13995099067688,binary,666
credit-g,6,1,"TabICLv2 (ours, vanilla)",0.1927467811158798,2.343169450759888,1.949287176132202,binary,667
credit-g,6,1,TabICLv2+anchor (ours),0.1965236051502146,2.343169450759888,1.4725899696350098,binary,667
credit-g,6,1,TabICLv2+barnes_hut (ours),0.2103862660944205,2.343169450759888,2.4814271926879883,binary,667
credit-g,6,2,"TabICLv2 (ours, vanilla)",0.2003862660944206,1.7981104850769043,1.9535865783691408,binary,667
credit-g,6,2,TabICLv2+anchor (ours),0.2057081545064378,1.7981104850769043,3.5652339458465576,binary,667
credit-g,6,2,TabICLv2+barnes_hut (ours),0.2110729613733905,1.7981104850769043,2.4859659671783447,binary,667
credit-g,7,0,"TabICLv2 (ours, vanilla)",0.2095726495726495,1.7239561080932615,1.937338829040528,binary,666
credit-g,7,0,TabICLv2+anchor (ours),0.2242735042735042,1.7239561080932615,2.2051823139190674,binary,666
credit-g,7,0,TabICLv2+barnes_hut (ours),0.2267521367521366,1.7239561080932615,2.740034818649292,binary,666
credit-g,7,1,"TabICLv2 (ours, vanilla)",0.2199999999999999,2.088447570800781,1.9671566486358645,binary,667
credit-g,7,1,TabICLv2+anchor (ours),0.21068669527897,2.088447570800781,2.124454498291016,binary,667
credit-g,7,1,TabICLv2+barnes_hut (ours),0.2169957081545064,2.088447570800781,2.1037533283233643,binary,667
credit-g,7,2,"TabICLv2 (ours, vanilla)",0.1918454935622316,1.993947505950928,3.6614599227905273,binary,667
credit-g,7,2,TabICLv2+anchor (ours),0.20137339055794,1.993947505950928,2.6086440086364746,binary,667
credit-g,7,2,TabICLv2+barnes_hut (ours),0.1977682403433476,1.993947505950928,2.590394973754883,binary,667
credit-g,8,0,"TabICLv2 (ours, vanilla)",0.2297863247863247,2.3593227863311768,2.0262539386749268,binary,666
credit-g,8,0,TabICLv2+anchor (ours),0.2231623931623931,2.3593227863311768,3.3821022510528564,binary,666
credit-g,8,0,TabICLv2+barnes_hut (ours),0.2308119658119657,2.3593227863311768,2.151679754257202,binary,666
credit-g,8,1,"TabICLv2 (ours, vanilla)",0.1747210300429185,2.275078296661377,1.9647879600524905,binary,667
credit-g,8,1,TabICLv2+anchor (ours),0.1808583690987124,2.275078296661377,4.454787254333496,binary,667
credit-g,8,1,TabICLv2+barnes_hut (ours),0.1817167381974248,2.275078296661377,5.010146141052246,binary,667
credit-g,8,2,"TabICLv2 (ours, vanilla)",0.2188412017167382,1.691845417022705,2.7106730937957764,binary,667
credit-g,8,2,TabICLv2+anchor (ours),0.2229613733905578,1.691845417022705,5.727308750152588,binary,667
credit-g,8,2,TabICLv2+barnes_hut (ours),0.2327038626609442,1.691845417022705,2.447620391845703,binary,667
credit-g,9,0,"TabICLv2 (ours, vanilla)",0.2086324786324787,1.6509640216827393,2.10291051864624,binary,666
credit-g,9,0,TabICLv2+anchor (ours),0.2158974358974358,1.6509640216827393,0.7313313484191895,binary,666
credit-g,9,0,TabICLv2+barnes_hut (ours),0.2102564102564103,1.6509640216827393,3.234832763671875,binary,666
credit-g,9,1,"TabICLv2 (ours, vanilla)",0.1781545064377683,2.1866531372070312,1.975870609283448,binary,667
credit-g,9,1,TabICLv2+anchor (ours),0.1917596566523605,2.1866531372070312,2.1980514526367188,binary,667
credit-g,9,1,TabICLv2+barnes_hut (ours),0.2018454935622318,2.1866531372070312,2.142728090286255,binary,667
credit-g,9,2,"TabICLv2 (ours, vanilla)",0.2086695278969957,1.840035915374756,2.243943452835083,binary,667
credit-g,9,2,TabICLv2+anchor (ours),0.2096137339055793,1.840035915374756,3.0435190200805664,binary,667
credit-g,9,2,TabICLv2+barnes_hut (ours),0.2218025751072961,1.840035915374756,2.1358838081359863,binary,667
maternal_health_risk,0,0,"TabICLv2 (ours, vanilla)",0.3551814556121826,1.961441993713379,0.557856559753418,multiclass,676
maternal_health_risk,0,0,TabICLv2+anchor (ours),0.6419566869735718,1.961441993713379,1.4631752967834473,multiclass,676
maternal_health_risk,0,0,TabICLv2+barnes_hut (ours),0.3834643363952636,1.961441993713379,1.920522928237915,multiclass,676
maternal_health_risk,0,1,"TabICLv2 (ours, vanilla)",0.3306613862514496,1.897709608078003,1.539424180984497,multiclass,676
maternal_health_risk,0,1,TabICLv2+anchor (ours),0.6291295289993286,1.897709608078003,1.5279114246368408,multiclass,676
maternal_health_risk,0,1,TabICLv2+barnes_hut (ours),0.3700435161590576,1.897709608078003,0.7215847969055176,multiclass,676
maternal_health_risk,0,2,"TabICLv2 (ours, vanilla)",0.3957862555980682,1.4161393642425537,1.5205833911895752,multiclass,676
maternal_health_risk,0,2,TabICLv2+anchor (ours),0.6320858001708984,1.4161393642425537,1.5507140159606934,multiclass,676
maternal_health_risk,0,2,TabICLv2+barnes_hut (ours),0.4220302999019623,1.4161393642425537,0.7214627265930176,multiclass,676
maternal_health_risk,1,0,"TabICLv2 (ours, vanilla)",0.3493222892284393,1.4224603176116943,1.5513544082641602,multiclass,676
maternal_health_risk,1,0,TabICLv2+anchor (ours),0.6218300461769104,1.4224603176116943,1.5648181438446045,multiclass,676
maternal_health_risk,1,0,TabICLv2+barnes_hut (ours),0.3627693057060241,1.4224603176116943,0.7450695037841797,multiclass,676
maternal_health_risk,1,1,"TabICLv2 (ours, vanilla)",0.4021414518356323,1.3465867042541504,1.5278327465057373,multiclass,676
maternal_health_risk,1,1,TabICLv2+anchor (ours),0.6427072286605835,1.3465867042541504,1.5557725429534912,multiclass,676
maternal_health_risk,1,1,TabICLv2+barnes_hut (ours),0.4247426986694336,1.3465867042541504,0.7330160140991211,multiclass,676
maternal_health_risk,1,2,"TabICLv2 (ours, vanilla)",0.4969967305660248,1.4449548721313477,1.5526387691497805,multiclass,676
maternal_health_risk,1,2,TabICLv2+anchor (ours),0.6807324290275574,1.4449548721313477,1.5728590488433838,multiclass,676
maternal_health_risk,1,2,TabICLv2+barnes_hut (ours),0.5157832503318787,1.4449548721313477,0.728949785232544,multiclass,676
maternal_health_risk,2,0,"TabICLv2 (ours, vanilla)",0.3617562353610992,1.4098219871520996,1.5382351875305176,multiclass,676
maternal_health_risk,2,0,TabICLv2+anchor (ours),0.6255142688751221,1.4098219871520996,1.5260848999023438,multiclass,676
maternal_health_risk,2,0,TabICLv2+barnes_hut (ours),0.4152901470661163,1.4098219871520996,0.7108321189880371,multiclass,676
maternal_health_risk,2,1,"TabICLv2 (ours, vanilla)",0.446920096874237,1.450160026550293,1.519458532333374,multiclass,676
maternal_health_risk,2,1,TabICLv2+anchor (ours),0.6648270487785339,1.450160026550293,1.549246311187744,multiclass,676
maternal_health_risk,2,1,TabICLv2+barnes_hut (ours),0.464988112449646,1.450160026550293,0.748467206954956,multiclass,676
maternal_health_risk,2,2,"TabICLv2 (ours, vanilla)",0.4144330024719238,1.4553179740905762,1.5162558555603027,multiclass,676
maternal_health_risk,2,2,TabICLv2+anchor (ours),0.6395067572593689,1.4553179740905762,1.5294992923736572,multiclass,676
maternal_health_risk,2,2,TabICLv2+barnes_hut (ours),0.4392293989658355,1.4553179740905762,0.7155907154083252,multiclass,676
maternal_health_risk,3,0,"TabICLv2 (ours, vanilla)",0.4705630540847778,1.4331142902374268,1.5323901176452637,multiclass,676
maternal_health_risk,3,0,TabICLv2+anchor (ours),0.6313722133636475,1.4331142902374268,1.552154779434204,multiclass,676
maternal_health_risk,3,0,TabICLv2+barnes_hut (ours),0.4642860293388366,1.4331142902374268,0.7263143062591553,multiclass,676
maternal_health_risk,3,1,"TabICLv2 (ours, vanilla)",0.3071821331977844,1.4701504707336426,1.5504286289215088,multiclass,676
maternal_health_risk,3,1,TabICLv2+anchor (ours),0.617525577545166,1.4701504707336426,1.498779296875,multiclass,676
maternal_health_risk,3,1,TabICLv2+barnes_hut (ours),0.3464681506156921,1.4701504707336426,0.7036998271942139,multiclass,676
maternal_health_risk,3,2,"TabICLv2 (ours, vanilla)",0.4147022068500519,1.459507942199707,1.5371406078338623,multiclass,676
maternal_health_risk,3,2,TabICLv2+anchor (ours),0.6287624835968018,1.459507942199707,1.5731353759765625,multiclass,676
maternal_health_risk,3,2,TabICLv2+barnes_hut (ours),0.4380207061767578,1.459507942199707,0.7447504997253418,multiclass,676
maternal_health_risk,4,0,"TabICLv2 (ours, vanilla)",0.4452776610851288,1.4045615196228027,1.5550694465637207,multiclass,676
maternal_health_risk,4,0,TabICLv2+anchor (ours),0.6548924446105957,1.4045615196228027,1.511157512664795,multiclass,676
maternal_health_risk,4,0,TabICLv2+barnes_hut (ours),0.4759404957294464,1.4045615196228027,0.7031633853912354,multiclass,676
maternal_health_risk,4,1,"TabICLv2 (ours, vanilla)",0.3616742789745331,1.449160099029541,1.5332491397857666,multiclass,676
maternal_health_risk,4,1,TabICLv2+anchor (ours),0.6155132055282593,1.449160099029541,1.561271905899048,multiclass,676
maternal_health_risk,4,1,TabICLv2+barnes_hut (ours),0.3768649995326996,1.449160099029541,0.7281978130340576,multiclass,676
maternal_health_risk,4,2,"TabICLv2 (ours, vanilla)",0.5415165424346924,1.4483718872070312,1.5509183406829834,multiclass,676
maternal_health_risk,4,2,TabICLv2+anchor (ours),0.6679946184158325,1.4483718872070312,1.5333306789398191,multiclass,676
maternal_health_risk,4,2,TabICLv2+barnes_hut (ours),0.5171382427215576,1.4483718872070312,0.7105917930603027,multiclass,676
maternal_health_risk,5,0,"TabICLv2 (ours, vanilla)",0.3801321983337402,1.4399712085723877,1.5385150909423828,multiclass,676
maternal_health_risk,5,0,TabICLv2+anchor (ours),0.6620861291885376,1.4399712085723877,1.5871186256408691,multiclass,676
maternal_health_risk,5,0,TabICLv2+barnes_hut (ours),0.4229970276355743,1.4399712085723877,0.7775518894195557,multiclass,676
maternal_health_risk,5,1,"TabICLv2 (ours, vanilla)",0.383435308933258,1.4195284843444824,1.4858367443084717,multiclass,676
maternal_health_risk,5,1,TabICLv2+anchor (ours),0.6130165457725525,1.4195284843444824,1.5150084495544434,multiclass,676
maternal_health_risk,5,1,TabICLv2+barnes_hut (ours),0.3780398070812225,1.4195284843444824,1.8543052673339844,multiclass,676
maternal_health_risk,5,2,"TabICLv2 (ours, vanilla)",0.3443263471126556,1.972122430801392,1.4862611293792725,multiclass,676
maternal_health_risk,5,2,TabICLv2+anchor (ours),0.6035254001617432,1.972122430801392,1.551811456680298,multiclass,676
maternal_health_risk,5,2,TabICLv2+barnes_hut (ours),0.37051522731781,1.972122430801392,0.728264570236206,multiclass,676
maternal_health_risk,6,0,"TabICLv2 (ours, vanilla)",0.3602980971336365,1.4073197841644287,1.6441166400909424,multiclass,676
maternal_health_risk,6,0,TabICLv2+anchor (ours),0.6058440804481506,1.4073197841644287,1.5044233798980713,multiclass,676
maternal_health_risk,6,0,TabICLv2+barnes_hut (ours),0.3816512823104858,1.4073197841644287,0.729264497756958,multiclass,676
maternal_health_risk,6,1,"TabICLv2 (ours, vanilla)",0.416357547044754,1.428863763809204,1.5519163608551023,multiclass,676
maternal_health_risk,6,1,TabICLv2+anchor (ours),0.6692386865615845,1.428863763809204,1.552790880203247,multiclass,676
maternal_health_risk,6,1,TabICLv2+barnes_hut (ours),0.4538273513317108,1.428863763809204,0.7514727115631104,multiclass,676
maternal_health_risk,6,2,"TabICLv2 (ours, vanilla)",0.394724428653717,1.350675106048584,1.545044183731079,multiclass,676
maternal_health_risk,6,2,TabICLv2+anchor (ours),0.6364454030990601,1.350675106048584,1.543302297592163,multiclass,676
maternal_health_risk,6,2,TabICLv2+barnes_hut (ours),0.435284674167633,1.350675106048584,0.7155518531799316,multiclass,676
maternal_health_risk,7,0,"TabICLv2 (ours, vanilla)",0.323403924703598,1.4025967121124268,1.5351407527923584,multiclass,676
maternal_health_risk,7,0,TabICLv2+anchor (ours),0.6131550669670105,1.4025967121124268,1.538489580154419,multiclass,676
maternal_health_risk,7,0,TabICLv2+barnes_hut (ours),0.3435233235359192,1.4025967121124268,0.7318251132965088,multiclass,676
maternal_health_risk,7,1,"TabICLv2 (ours, vanilla)",0.3600967228412628,1.4103679656982422,1.5476324558258057,multiclass,676
maternal_health_risk,7,1,TabICLv2+anchor (ours),0.625922679901123,1.4103679656982422,1.5056846141815186,multiclass,676
maternal_health_risk,7,1,TabICLv2+barnes_hut (ours),0.3914878070354461,1.4103679656982422,0.714425802230835,multiclass,676
maternal_health_risk,7,2,"TabICLv2 (ours, vanilla)",0.4038475155830383,1.416454792022705,1.5603318214416504,multiclass,676
maternal_health_risk,7,2,TabICLv2+anchor (ours),0.6292183995246887,1.416454792022705,1.5261454582214355,multiclass,676
maternal_health_risk,7,2,TabICLv2+barnes_hut (ours),0.4417478144168854,1.416454792022705,0.7477922439575195,multiclass,676
maternal_health_risk,8,0,"TabICLv2 (ours, vanilla)",0.4510355293750763,1.3744168281555176,0.5498130321502686,multiclass,676
maternal_health_risk,8,0,TabICLv2+anchor (ours),0.6386183500289917,1.3744168281555176,1.5168869495391846,multiclass,676
maternal_health_risk,8,0,TabICLv2+barnes_hut (ours),0.4896110296249389,1.3744168281555176,0.7120285034179688,multiclass,676
maternal_health_risk,8,1,"TabICLv2 (ours, vanilla)",0.376599371433258,1.4852731227874756,1.5191214084625244,multiclass,676
maternal_health_risk,8,1,TabICLv2+anchor (ours),0.6257385015487671,1.4852731227874756,1.5551860332489014,multiclass,676
maternal_health_risk,8,1,TabICLv2+barnes_hut (ours),0.4185670018196106,1.4852731227874756,0.7298533916473389,multiclass,676
maternal_health_risk,8,2,"TabICLv2 (ours, vanilla)",0.3757460415363312,1.395448923110962,1.558628797531128,multiclass,676
maternal_health_risk,8,2,TabICLv2+anchor (ours),0.640523374080658,1.395448923110962,1.494887113571167,multiclass,676
maternal_health_risk,8,2,TabICLv2+barnes_hut (ours),0.4252327382564544,1.395448923110962,0.7044870853424072,multiclass,676
maternal_health_risk,9,0,"TabICLv2 (ours, vanilla)",0.5382936596870422,1.5073425769805908,1.557823896408081,multiclass,676
maternal_health_risk,9,0,TabICLv2+anchor (ours),0.7086359262466431,1.5073425769805908,1.5586235523223877,multiclass,676
maternal_health_risk,9,0,TabICLv2+barnes_hut (ours),0.6003148555755615,1.5073425769805908,0.7492694854736328,multiclass,676
maternal_health_risk,9,1,"TabICLv2 (ours, vanilla)",0.3399569094181061,1.3766167163848877,1.5503497123718262,multiclass,676
maternal_health_risk,9,1,TabICLv2+anchor (ours),0.5851487517356873,1.3766167163848877,1.5328235626220703,multiclass,676
maternal_health_risk,9,1,TabICLv2+barnes_hut (ours),0.3643903434276581,1.3766167163848877,1.875326871871948,multiclass,676
maternal_health_risk,9,2,"TabICLv2 (ours, vanilla)",0.4115781188011169,1.954000473022461,1.4855153560638428,multiclass,676
maternal_health_risk,9,2,TabICLv2+anchor (ours),0.6300555467605591,1.954000473022461,1.565361738204956,multiclass,676
maternal_health_risk,9,2,TabICLv2+barnes_hut (ours),0.4265078008174896,1.954000473022461,0.704002857208252,multiclass,676
qsar-biodeg,0,0,"TabICLv2 (ours, vanilla)",0.0618170014787029,1.818351984024048,7.400736331939697,binary,702
qsar-biodeg,0,0,TabICLv2+anchor (ours),0.0763155047426695,1.818351984024048,4.109805583953857,binary,702
qsar-biodeg,0,0,TabICLv2+barnes_hut (ours),0.0701842968947235,1.818351984024048,2.8478777408599854,binary,702
qsar-biodeg,0,1,"TabICLv2 (ours, vanilla)",0.0603404379137265,2.502792358398437,5.023446083068848,binary,703
qsar-biodeg,0,1,TabICLv2+anchor (ours),0.073506946970248,2.502792358398437,4.2522594928741455,binary,703
qsar-biodeg,0,1,TabICLv2+barnes_hut (ours),0.0731432312504546,2.502792358398437,2.883821487426758,binary,703
qsar-biodeg,0,2,"TabICLv2 (ours, vanilla)",0.0472103004291845,2.527407169342041,5.41777491569519,binary,703
qsar-biodeg,0,2,TabICLv2+anchor (ours),0.0564486797119372,2.527407169342041,3.847065687179565,binary,703
qsar-biodeg,0,2,TabICLv2+barnes_hut (ours),0.0549938168327635,2.527407169342041,5.087848424911499,binary,703
qsar-biodeg,1,0,"TabICLv2 (ours, vanilla)",0.0392036642983374,2.617304801940918,6.225138187408447,binary,702
qsar-biodeg,1,0,TabICLv2+anchor (ours),0.0499513109965016,2.617304801940918,5.07547926902771,binary,702
qsar-biodeg,1,0,TabICLv2+barnes_hut (ours),0.0501677065676056,2.617304801940918,3.424786329269409,binary,702
qsar-biodeg,1,1,"TabICLv2 (ours, vanilla)",0.0741980068378554,2.334684133529663,4.960704803466797,binary,703
qsar-biodeg,1,1,TabICLv2+anchor (ours),0.0947479450061831,2.334684133529663,3.691871166229248,binary,703
qsar-biodeg,1,1,TabICLv2+barnes_hut (ours),0.0843093038481124,2.334684133529663,4.532623291015625,binary,703
qsar-biodeg,1,2,"TabICLv2 (ours, vanilla)",0.0559394777042264,2.651546001434326,5.394860506057739,binary,703
qsar-biodeg,1,2,TabICLv2+anchor (ours),0.0694333309085618,2.651546001434326,4.1412341594696045,binary,703
qsar-biodeg,1,2,TabICLv2+barnes_hut (ours),0.0615406997890448,2.651546001434326,3.948720693588257,binary,703
qsar-biodeg,2,0,"TabICLv2 (ours, vanilla)",0.0613481444079778,2.5035133361816406,4.673350095748901,binary,702
qsar-biodeg,2,0,TabICLv2+anchor (ours),0.078984383452952,2.5035133361816406,3.3857638835906982,binary,702
qsar-biodeg,2,0,TabICLv2+barnes_hut (ours),0.0684170663973743,2.5035133361816406,4.5803542137146,binary,702
qsar-biodeg,2,1,"TabICLv2 (ours, vanilla)",0.0655415727067724,2.5836434364318848,3.4621405601501465,binary,703
qsar-biodeg,2,1,TabICLv2+anchor (ours),0.0836909871244635,2.5836434364318848,3.472740173339844,binary,703
qsar-biodeg,2,1,TabICLv2+barnes_hut (ours),0.0895468102131373,2.5836434364318848,4.156321048736572,binary,703
qsar-biodeg,2,2,"TabICLv2 (ours, vanilla)",0.0433549137993743,2.3482844829559326,3.7647976875305176,binary,703
qsar-biodeg,2,2,TabICLv2+anchor (ours),0.0480468465847093,2.3482844829559326,4.932701349258423,binary,703
qsar-biodeg,2,2,TabICLv2+barnes_hut (ours),0.0452098639703207,2.3482844829559326,2.855468988418579,binary,703
qsar-biodeg,3,0,"TabICLv2 (ours, vanilla)",0.0723843185342807,2.1316847801208496,4.741607666015625,binary,702
qsar-biodeg,3,0,TabICLv2+anchor (ours),0.0773253507411548,2.1316847801208496,3.285397529602051,binary,702
qsar-biodeg,3,0,TabICLv2+barnes_hut (ours),0.0784794604537094,2.1316847801208496,4.549557685852051,binary,702
qsar-biodeg,3,1,"TabICLv2 (ours, vanilla)",0.0534662108096312,2.5058958530426025,4.712033987045288,binary,703
qsar-biodeg,3,1,TabICLv2+anchor (ours),0.0689968720448098,2.5058958530426025,3.207927703857422,binary,703
qsar-biodeg,3,1,TabICLv2+barnes_hut (ours),0.0626318469484251,2.5058958530426025,4.132586717605591,binary,703
qsar-biodeg,3,2,"TabICLv2 (ours, vanilla)",0.0527387793700442,2.129210948944092,5.025085926055908,binary,703
qsar-biodeg,3,2,TabICLv2+anchor (ours),0.0635047646759292,2.129210948944092,3.280438184738159,binary,703
qsar-biodeg,3,2,TabICLv2+barnes_hut (ours),0.0620499017967557,2.129210948944092,4.362881898880005,binary,703
qsar-biodeg,4,0,"TabICLv2 (ours, vanilla)",0.0460561907166299,2.8392953872680664,3.747612476348877,binary,702
qsar-biodeg,4,0,TabICLv2+anchor (ours),0.0675154181844411,2.8392953872680664,3.7554659843444815,binary,702
qsar-biodeg,4,0,TabICLv2+barnes_hut (ours),0.0584628701265914,2.8392953872680664,4.3162102699279785,binary,702
qsar-biodeg,4,1,"TabICLv2 (ours, vanilla)",0.0658689168545864,2.1573128700256348,6.129189014434815,binary,703
qsar-biodeg,4,1,TabICLv2+anchor (ours),0.0677602385975121,2.1573128700256348,5.591395616531372,binary,703
qsar-biodeg,4,1,TabICLv2+barnes_hut (ours),0.0623408743725903,2.1573128700256348,4.160101890563965,binary,703
qsar-biodeg,4,2,"TabICLv2 (ours, vanilla)",0.0645595402633302,2.068831205368042,5.808066368103027,binary,703
qsar-biodeg,4,2,TabICLv2+anchor (ours),0.0760893285807812,2.068831205368042,3.0120952129364014,binary,703
qsar-biodeg,4,2,TabICLv2+barnes_hut (ours),0.0703426202080452,2.068831205368042,3.283892869949341,binary,703
qsar-biodeg,5,0,"TabICLv2 (ours, vanilla)",0.0661449129007826,2.317316770553589,4.782018423080444,binary,702
qsar-biodeg,5,0,TabICLv2+anchor (ours),0.0776499440978107,2.317316770553589,3.723747491836548,binary,702
qsar-biodeg,5,0,TabICLv2+barnes_hut (ours),0.0733580986042485,2.317316770553589,4.707723617553711,binary,702
qsar-biodeg,5,1,"TabICLv2 (ours, vanilla)",0.0370990034189278,1.9709019660949707,5.446197748184204,binary,703
qsar-biodeg,5,1,TabICLv2+anchor (ours),0.0585582308867389,1.9709019660949707,5.074440240859985,binary,703
qsar-biodeg,5,1,TabICLv2+barnes_hut (ours),0.0482287044446061,1.9709019660949707,4.0910964012146,binary,703
qsar-biodeg,5,2,"TabICLv2 (ours, vanilla)",0.06401396668364,1.917278528213501,5.037641286849976,binary,703
qsar-biodeg,5,2,TabICLv2+anchor (ours),0.0769986178802648,1.917278528213501,3.0874247550964355,binary,703
qsar-biodeg,5,2,TabICLv2+barnes_hut (ours),0.0722339419509713,1.917278528213501,4.150918006896973,binary,703
qsar-biodeg,6,0,"TabICLv2 (ours, vanilla)",0.0757745158149095,2.133249998092652,4.523391008377075,binary,702
qsar-biodeg,6,0,TabICLv2+anchor (ours),0.084790997944242,2.133249998092652,3.732645273208618,binary,702
qsar-biodeg,6,0,TabICLv2+barnes_hut (ours),0.0773253507411547,2.133249998092652,4.352346658706665,binary,702
qsar-biodeg,6,1,"TabICLv2 (ours, vanilla)",0.0486287917363789,2.1599974632263184,4.092255115509033,binary,703
qsar-biodeg,6,1,TabICLv2+anchor (ours),0.0728158871026405,2.1599974632263184,3.301668643951416,binary,703
qsar-biodeg,6,1,TabICLv2+barnes_hut (ours),0.0613952135011275,2.1599974632263184,4.522358655929565,binary,703
qsar-biodeg,6,2,"TabICLv2 (ours, vanilla)",0.0600494653378919,2.1626224517822266,4.810161590576172,binary,703
qsar-biodeg,6,2,TabICLv2+anchor (ours),0.0624863606605078,2.1626224517822266,3.2785584926605225,binary,703
qsar-biodeg,6,2,TabICLv2+barnes_hut (ours),0.0609223830653961,2.1626224517822266,4.109328269958496,binary,703
qsar-biodeg,7,0,"TabICLv2 (ours, vanilla)",0.0740433512460777,2.0636794567108154,3.25201153755188,binary,702
qsar-biodeg,7,0,TabICLv2+anchor (ours),0.089263173080391,2.0636794567108154,3.0998334884643555,binary,702
qsar-biodeg,7,0,TabICLv2+barnes_hut (ours),0.0852598550149672,2.0636794567108154,4.232352256774902,binary,702
qsar-biodeg,7,1,"TabICLv2 (ours, vanilla)",0.0440096020950024,2.230445146560669,5.130114316940308,binary,703
qsar-biodeg,7,1,TabICLv2+anchor (ours),0.0570669964355859,2.230445146560669,4.075371742248535,binary,703
qsar-biodeg,7,1,TabICLv2+barnes_hut (ours),0.0458281806939695,2.230445146560669,3.0713939666748047,binary,703
qsar-biodeg,7,2,"TabICLv2 (ours, vanilla)",0.0561577071361023,2.410717010498047,10.798030614852903,binary,703
qsar-biodeg,7,2,TabICLv2+anchor (ours),0.0676511238815742,2.410717010498047,13.43279790878296,binary,703
qsar-biodeg,7,2,TabICLv2+barnes_hut (ours),0.0633592783880119,2.410717010498047,8.323606252670288,binary,703
qsar-biodeg,8,0,"TabICLv2 (ours, vanilla)",0.0552530024885491,4.179237604141235,5.786825656890869,binary,702
qsar-biodeg,8,0,TabICLv2+anchor (ours),0.0638006275471562,4.179237604141235,2.581664800643921,binary,702
qsar-biodeg,8,0,TabICLv2+barnes_hut (ours),0.0590759909113859,4.179237604141235,4.787228345870972,binary,702
qsar-biodeg,8,1,"TabICLv2 (ours, vanilla)",0.0603404379137266,2.5678951740264893,4.19188928604126,binary,703
qsar-biodeg,8,1,TabICLv2+anchor (ours),0.0692878446206444,2.5678951740264893,4.118754863739014,binary,703
qsar-biodeg,8,1,TabICLv2+barnes_hut (ours),0.0627773332363424,2.5678951740264893,4.229658365249634,binary,703
qsar-biodeg,8,2,"TabICLv2 (ours, vanilla)",0.0605222957736233,2.0181236267089844,6.402544736862183,binary,703
qsar-biodeg,8,2,TabICLv2+anchor (ours),0.0807812613661161,2.0181236267089844,2.5172786712646484,binary,703
qsar-biodeg,8,2,TabICLv2+barnes_hut (ours),0.069142358332727,2.0181236267089844,4.942102909088135,binary,703
qsar-biodeg,9,0,"TabICLv2 (ours, vanilla)",0.0688137916110649,1.75946307182312,2.699016809463501,binary,702
qsar-biodeg,9,0,TabICLv2+anchor (ours),0.081292602878061,1.75946307182312,3.697295904159546,binary,702
qsar-biodeg,9,0,TabICLv2+barnes_hut (ours),0.0867746240126952,1.75946307182312,4.086979389190674,binary,702
qsar-biodeg,9,1,"TabICLv2 (ours, vanilla)",0.0761257001527605,2.11451268196106,5.299802780151367,binary,703
qsar-biodeg,9,1,TabICLv2+anchor (ours),0.0872190296064595,2.11451268196106,3.780438661575317,binary,703
qsar-biodeg,9,1,TabICLv2+barnes_hut (ours),0.0815814359496617,2.11451268196106,4.603090763092041,binary,703
qsar-biodeg,9,2,"TabICLv2 (ours, vanilla)",0.0456463228340728,2.1635935306549072,4.531439065933228,binary,703
qsar-biodeg,9,2,TabICLv2+anchor (ours),0.0460827816978249,2.1635935306549072,3.7378087043762207,binary,703
qsar-biodeg,9,2,TabICLv2+barnes_hut (ours),0.0496835673237796,2.1635935306549072,5.974990129470825,binary,703
website_phishing,0,0,"TabICLv2 (ours, vanilla)",0.2036954313516616,1.690924882888794,2.357165575027466,multiclass,902
website_phishing,0,0,TabICLv2+anchor (ours),0.3819151818752289,1.690924882888794,0.6746931076049805,multiclass,902
website_phishing,0,0,TabICLv2+barnes_hut (ours),0.2109636515378952,1.690924882888794,3.562289237976074,multiclass,902
website_phishing,0,1,"TabICLv2 (ours, vanilla)",0.2325662523508072,1.9860169887542725,0.8561158180236816,multiclass,902
website_phishing,0,1,TabICLv2+anchor (ours),0.3834834098815918,1.9860169887542725,2.800140380859375,multiclass,902
website_phishing,0,1,TabICLv2+barnes_hut (ours),0.2567448914051056,1.9860169887542725,2.530001878738404,multiclass,902
website_phishing,0,2,"TabICLv2 (ours, vanilla)",0.2483391612768173,1.99442458152771,0.9022161960601808,multiclass,902
website_phishing,0,2,TabICLv2+anchor (ours),0.4091749787330627,1.99442458152771,2.474586009979248,multiclass,902
website_phishing,0,2,TabICLv2+barnes_hut (ours),0.2682040333747864,1.99442458152771,2.474173784255981,multiclass,902
website_phishing,1,0,"TabICLv2 (ours, vanilla)",0.2118648290634155,1.8950963020324707,0.9591727256774902,multiclass,902
website_phishing,1,0,TabICLv2+anchor (ours),0.3753015100955963,1.8950963020324707,3.267472982406616,multiclass,902
website_phishing,1,0,TabICLv2+barnes_hut (ours),0.2363924086093902,1.8950963020324707,2.553590774536133,multiclass,902
website_phishing,1,1,"TabICLv2 (ours, vanilla)",0.2492416501045227,1.6686596870422363,1.7763688564300537,multiclass,902
website_phishing,1,1,TabICLv2+anchor (ours),0.424390971660614,1.6686596870422363,1.9238295555114744,multiclass,902
website_phishing,1,1,TabICLv2+barnes_hut (ours),0.2604846358299255,1.6686596870422363,3.409165143966675,multiclass,902
website_phishing,1,2,"TabICLv2 (ours, vanilla)",0.2137008905410766,2.170597076416016,0.9619874954223632,multiclass,902
website_phishing,1,2,TabICLv2+anchor (ours),0.3692789673805237,2.170597076416016,2.355483055114746,multiclass,902
website_phishing,1,2,TabICLv2+barnes_hut (ours),0.2244588583707809,2.170597076416016,2.4963176250457764,multiclass,902
website_phishing,2,0,"TabICLv2 (ours, vanilla)",0.1807523667812347,2.444730758666992,1.4802281856536863,multiclass,902
website_phishing,2,0,TabICLv2+anchor (ours),0.3794117867946625,2.444730758666992,1.0609118938446045,multiclass,902
website_phishing,2,0,TabICLv2+barnes_hut (ours),0.2000718116760254,2.444730758666992,4.251008987426758,multiclass,902
website_phishing,2,1,"TabICLv2 (ours, vanilla)",0.2466384619474411,1.1770553588867188,5.199644088745117,multiclass,902
website_phishing,2,1,TabICLv2+anchor (ours),0.4196008443832397,1.1770553588867188,1.972272157669068,multiclass,902
website_phishing,2,1,TabICLv2+barnes_hut (ours),0.2807232737541199,1.1770553588867188,2.45302152633667,multiclass,902
website_phishing,2,2,"TabICLv2 (ours, vanilla)",0.2776274383068084,1.9250819683074951,3.374199390411377,multiclass,902
website_phishing,2,2,TabICLv2+anchor (ours),0.4175252020359039,1.9250819683074951,0.6959161758422852,multiclass,902
website_phishing,2,2,TabICLv2+barnes_hut (ours),0.269579529762268,1.9250819683074951,3.496680498123169,multiclass,902
website_phishing,3,0,"TabICLv2 (ours, vanilla)",0.2232464402914047,1.9609599113464355,1.3940556049346924,multiclass,902
website_phishing,3,0,TabICLv2+anchor (ours),0.3874588310718536,1.9609599113464355,1.1057963371276855,multiclass,902
website_phishing,3,0,TabICLv2+barnes_hut (ours),0.2348054647445678,1.9609599113464355,3.442941188812256,multiclass,902
website_phishing,3,1,"TabICLv2 (ours, vanilla)",0.1987218111753463,2.258225679397583,1.7440307140350342,multiclass,902
website_phishing,3,1,TabICLv2+anchor (ours),0.3816163539886474,2.258225679397583,2.0032520294189453,multiclass,902
website_phishing,3,1,TabICLv2+barnes_hut (ours),0.2204136550426483,2.258225679397583,2.393544435501098,multiclass,902
website_phishing,3,2,"TabICLv2 (ours, vanilla)",0.2231661975383758,2.148719310760498,0.9991064071655272,multiclass,902
website_phishing,3,2,TabICLv2+anchor (ours),0.414774090051651,2.148719310760498,2.6540005207061768,multiclass,902
website_phishing,3,2,TabICLv2+barnes_hut (ours),0.2369299829006195,2.148719310760498,3.4070258140563965,multiclass,902
website_phishing,4,0,"TabICLv2 (ours, vanilla)",0.1832056790590286,2.354163646697998,1.5130233764648438,multiclass,902
website_phishing,4,0,TabICLv2+anchor (ours),0.3868364691734314,2.354163646697998,0.9519784450531006,multiclass,902
website_phishing,4,0,TabICLv2+barnes_hut (ours),0.2046583890914917,2.354163646697998,3.848583459854126,multiclass,902
website_phishing,4,1,"TabICLv2 (ours, vanilla)",0.2088794410228729,1.2382001876831057,1.914125919342041,multiclass,902
website_phishing,4,1,TabICLv2+anchor (ours),0.388276994228363,1.2382001876831057,2.043625831604004,multiclass,902
website_phishing,4,1,TabICLv2+barnes_hut (ours),0.2224340140819549,1.2382001876831057,2.5412044525146484,multiclass,902
website_phishing,4,2,"TabICLv2 (ours, vanilla)",0.2225445955991745,1.886723518371582,3.2688639163970947,multiclass,902
website_phishing,4,2,TabICLv2+anchor (ours),0.3946550190448761,1.886723518371582,0.7141458988189697,multiclass,902
website_phishing,4,2,TabICLv2+barnes_hut (ours),0.2437041401863098,1.886723518371582,3.6830434799194336,multiclass,902
website_phishing,5,0,"TabICLv2 (ours, vanilla)",0.2177932411432266,1.237952470779419,2.235597848892212,multiclass,902
website_phishing,5,0,TabICLv2+anchor (ours),0.4116009175777435,1.237952470779419,1.9377121925354004,multiclass,902
website_phishing,5,0,TabICLv2+barnes_hut (ours),0.2299534827470779,1.237952470779419,8.11183762550354,multiclass,902
website_phishing,5,1,"TabICLv2 (ours, vanilla)",0.2386761158704757,1.9923675060272217,1.430452823638916,multiclass,902
website_phishing,5,1,TabICLv2+anchor (ours),0.3916091322898865,1.9923675060272217,1.0964226722717283,multiclass,902
website_phishing,5,1,TabICLv2+barnes_hut (ours),0.2451133877038955,1.9923675060272217,4.949522256851196,multiclass,902
website_phishing,5,2,"TabICLv2 (ours, vanilla)",0.218486338853836,2.8276054859161377,1.7580652236938477,multiclass,902
website_phishing,5,2,TabICLv2+anchor (ours),0.3949592113494873,2.8276054859161377,2.0325114727020264,multiclass,902
website_phishing,5,2,TabICLv2+barnes_hut (ours),0.2454318255186081,2.8276054859161377,2.2362046241760254,multiclass,902
website_phishing,6,0,"TabICLv2 (ours, vanilla)",0.1968338042497635,2.3394391536712646,2.1097207069396973,multiclass,902
website_phishing,6,0,TabICLv2+anchor (ours),0.371343195438385,2.3394391536712646,0.7556612491607666,multiclass,902
website_phishing,6,0,TabICLv2+barnes_hut (ours),0.2327629774808883,2.3394391536712646,3.607081890106201,multiclass,902
website_phishing,6,1,"TabICLv2 (ours, vanilla)",0.2923398613929748,2.1693882942199707,2.152055025100708,multiclass,902
website_phishing,6,1,TabICLv2+anchor (ours),0.4570700228214264,2.1693882942199707,0.743441104888916,multiclass,902
website_phishing,6,1,TabICLv2+barnes_hut (ours),0.3075426816940307,2.1693882942199707,5.37897539138794,multiclass,902
website_phishing,6,2,"TabICLv2 (ours, vanilla)",0.1885827630758285,3.146200180053711,1.7174344062805176,multiclass,902
website_phishing,6,2,TabICLv2+anchor (ours),0.368200421333313,3.146200180053711,2.158163785934448,multiclass,902
website_phishing,6,2,TabICLv2+barnes_hut (ours),0.2127338349819183,3.146200180053711,2.251837968826294,multiclass,902
website_phishing,7,0,"TabICLv2 (ours, vanilla)",0.246349811553955,1.9415290355682373,2.7263286113739014,multiclass,902
website_phishing,7,0,TabICLv2+anchor (ours),0.4461680054664612,1.9415290355682373,0.79305100440979,multiclass,902
website_phishing,7,0,TabICLv2+barnes_hut (ours),0.2711866497993469,1.9415290355682373,4.7430808544158936,multiclass,902
website_phishing,7,1,"TabICLv2 (ours, vanilla)",0.2411414980888366,1.7943623065948486,3.2161147594451904,multiclass,902
website_phishing,7,1,TabICLv2+anchor (ours),0.3751615881919861,1.7943623065948486,1.816608428955078,multiclass,902
website_phishing,7,1,TabICLv2+barnes_hut (ours),0.2604152262210846,1.7943623065948486,3.756653070449829,multiclass,902
website_phishing,7,2,"TabICLv2 (ours, vanilla)",0.1980028003454208,1.9831366539001465,2.081512212753296,multiclass,902
website_phishing,7,2,TabICLv2+anchor (ours),0.3773090243339538,1.9831366539001465,2.081768274307251,multiclass,902
website_phishing,7,2,TabICLv2+barnes_hut (ours),0.2295619845390319,1.9831366539001465,2.284095525741577,multiclass,902
website_phishing,8,0,"TabICLv2 (ours, vanilla)",0.2369532883167266,2.4376957416534424,1.1554205417633057,multiclass,902
website_phishing,8,0,TabICLv2+anchor (ours),0.4153467714786529,2.4376957416534424,2.160487413406372,multiclass,902
website_phishing,8,0,TabICLv2+barnes_hut (ours),0.2656439840793609,2.4376957416534424,2.490908145904541,multiclass,902
website_phishing,8,1,"TabICLv2 (ours, vanilla)",0.1769713163375854,1.903557062149048,1.6771581172943115,multiclass,902
website_phishing,8,1,TabICLv2+anchor (ours),0.3742564916610718,1.903557062149048,0.8544025421142578,multiclass,902
website_phishing,8,1,TabICLv2+barnes_hut (ours),0.1891618818044662,1.903557062149048,3.4517202377319336,multiclass,902
website_phishing,8,2,"TabICLv2 (ours, vanilla)",0.2276208996772766,1.9778358936309808,1.646186351776123,multiclass,902
website_phishing,8,2,TabICLv2+anchor (ours),0.3945219814777374,1.9778358936309808,0.8940200805664062,multiclass,902
website_phishing,8,2,TabICLv2+barnes_hut (ours),0.2386644184589386,1.9778358936309808,3.370789051055908,multiclass,902
website_phishing,9,0,"TabICLv2 (ours, vanilla)",0.2442688643932342,1.995035171508789,3.101630210876465,multiclass,902
website_phishing,9,0,TabICLv2+anchor (ours),0.3921774327754974,1.995035171508789,0.7273623943328857,multiclass,902
website_phishing,9,0,TabICLv2+barnes_hut (ours),0.2507368922233581,1.995035171508789,3.535846710205078,multiclass,902
website_phishing,9,1,"TabICLv2 (ours, vanilla)",0.2096329927444458,2.375950574874878,1.5475678443908691,multiclass,902
website_phishing,9,1,TabICLv2+anchor (ours),0.3742398917675018,2.375950574874878,0.9236962795257568,multiclass,902
website_phishing,9,1,TabICLv2+barnes_hut (ours),0.2271901816129684,2.375950574874878,3.51947021484375,multiclass,902
website_phishing,9,2,"TabICLv2 (ours, vanilla)",0.2306599766016006,1.8611938953399656,1.0082411766052246,multiclass,902
website_phishing,9,2,TabICLv2+anchor (ours),0.4091819822788238,1.8611938953399656,2.299420118331909,multiclass,902
website_phishing,9,2,TabICLv2+barnes_hut (ours),0.2555694878101349,1.8611938953399656,2.489856004714966,multiclass,902
Fitness_Club,0,0,"TabICLv2 (ours, vanilla)",0.1903924682395645,1.609084129333496,1.447251319885254,binary,1000
Fitness_Club,0,0,TabICLv2+anchor (ours),0.1897686025408348,1.609084129333496,1.15509033203125,binary,1000
Fitness_Club,0,0,TabICLv2+barnes_hut (ours),0.1930013611615245,1.609084129333496,3.6742160320281982,binary,1000
Fitness_Club,0,1,"TabICLv2 (ours, vanilla)",0.1780678950264712,1.0542185306549072,2.04717755317688,binary,1000
Fitness_Club,0,1,TabICLv2+anchor (ours),0.17924438793905,1.0542185306549072,1.807274580001831,binary,1000
Fitness_Club,0,1,TabICLv2+barnes_hut (ours),0.1804019051594907,1.0542185306549072,3.433256387710572,binary,1000
Fitness_Club,0,2,"TabICLv2 (ours, vanilla)",0.1661511603635742,1.933092832565308,2.7460832595825195,binary,1000
Fitness_Club,0,2,TabICLv2+anchor (ours),0.1662460388242661,1.933092832565308,0.8259401321411133,binary,1000
Fitness_Club,0,2,TabICLv2+barnes_hut (ours),0.1801741968538301,1.933092832565308,3.4228265285491943,binary,1000
Fitness_Club,1,0,"TabICLv2 (ours, vanilla)",0.162659633010114,1.8823039531707764,1.402831792831421,binary,1000
Fitness_Club,1,0,TabICLv2+anchor (ours),0.1623939733201769,1.8823039531707764,1.1440887451171875,binary,1000
Fitness_Club,1,0,TabICLv2+barnes_hut (ours),0.1798136587032012,1.8823039531707764,2.436940908432007,binary,1000
Fitness_Club,1,1,"TabICLv2 (ours, vanilla)",0.1828307937532022,1.6815574169158936,1.5513334274291992,binary,1000
Fitness_Club,1,1,TabICLv2+anchor (ours),0.1836087971308753,1.6815574169158936,0.947711944580078,binary,1000
Fitness_Club,1,1,TabICLv2+barnes_hut (ours),0.1822235716047742,1.6815574169158936,4.606868267059326,binary,1000
Fitness_Club,1,2,"TabICLv2 (ours, vanilla)",0.190165607985481,1.0436992645263672,2.04375433921814,binary,1000
Fitness_Club,1,2,TabICLv2+anchor (ours),0.1885586811857229,1.0436992645263672,2.430816888809204,binary,1000
Fitness_Club,1,2,TabICLv2+barnes_hut (ours),0.1933416515426496,1.0436992645263672,2.88985562324524,binary,1000
Fitness_Club,2,0,"TabICLv2 (ours, vanilla)",0.166189111747851,2.1432323455810547,1.470623016357422,binary,1000
Fitness_Club,2,0,TabICLv2+anchor (ours),0.1665876012827568,2.1432323455810547,1.083984136581421,binary,1000
Fitness_Club,2,0,TabICLv2+barnes_hut (ours),0.1730203609176644,2.1432323455810547,3.4014031887054443,binary,1000
Fitness_Club,2,1,"TabICLv2 (ours, vanilla)",0.1722613332321295,2.0391318798065186,1.5291848182678225,binary,1000
Fitness_Club,2,1,TabICLv2+anchor (ours),0.1697375661777264,2.0391318798065186,1.0310719013214111,binary,1000
Fitness_Club,2,1,TabICLv2+barnes_hut (ours),0.1836087971308753,2.0391318798065186,3.6407272815704346,binary,1000
Fitness_Club,2,2,"TabICLv2 (ours, vanilla)",0.1957993042952208,1.069460391998291,1.9880218505859373,binary,1000
Fitness_Club,2,2,TabICLv2+anchor (ours),0.1967823653962492,1.069460391998291,1.9931395053863523,binary,1000
Fitness_Club,2,2,TabICLv2+barnes_hut (ours),0.1996370235934664,1.069460391998291,2.574059247970581,binary,1000
Fitness_Club,3,0,"TabICLv2 (ours, vanilla)",0.1569669253686028,1.9517264366149905,3.1788179874420166,binary,1000
Fitness_Club,3,0,TabICLv2+anchor (ours),0.1580105884362131,1.9517264366149905,0.7376480102539062,binary,1000
Fitness_Club,3,0,TabICLv2+barnes_hut (ours),0.178219700563578,1.9517264366149905,3.614230155944824,binary,1000
Fitness_Club,3,1,"TabICLv2 (ours, vanilla)",0.1811609328450256,2.312544584274292,2.9403553009033203,binary,1000
Fitness_Club,3,1,TabICLv2+anchor (ours),0.1793392663997417,2.312544584274292,1.9066531658172607,binary,1000
Fitness_Club,3,1,TabICLv2+barnes_hut (ours),0.2008007742082392,2.312544584274292,2.5299949645996094,binary,1000
Fitness_Club,3,2,"TabICLv2 (ours, vanilla)",0.197292800967937,2.234041213989258,3.1952922344207764,binary,1000
Fitness_Club,3,2,TabICLv2+anchor (ours),0.1999773139745917,2.234041213989258,1.898003101348877,binary,1000
Fitness_Club,3,2,TabICLv2+barnes_hut (ours),0.1984081972171809,2.234041213989258,2.484203815460205,binary,1000
Fitness_Club,4,0,"TabICLv2 (ours, vanilla)",0.1871003244843356,2.4057769775390625,3.410493850708008,binary,1000
Fitness_Club,4,0,TabICLv2+anchor (ours),0.1864931023359076,2.4057769775390625,0.8302476406097412,binary,1000
Fitness_Club,4,0,TabICLv2+barnes_hut (ours),0.1930017647393689,2.4057769775390625,3.649792194366455,binary,1000
Fitness_Club,4,1,"TabICLv2 (ours, vanilla)",0.1749938329000551,2.114039182662964,1.4553475379943848,binary,1000
Fitness_Club,4,1,TabICLv2+anchor (ours),0.1754112981270992,2.114039182662964,1.1442670822143557,binary,1000
Fitness_Club,4,1,TabICLv2+barnes_hut (ours),0.1814455682271011,2.114039182662964,2.2519025802612305,binary,1000
Fitness_Club,4,2,"TabICLv2 (ours, vanilla)",0.1735291893526921,1.636805772781372,1.5490310192108154,binary,1000
Fitness_Club,4,2,TabICLv2+anchor (ours),0.174493345432547,1.636805772781372,1.0588085651397705,binary,1000
Fitness_Club,4,2,TabICLv2+barnes_hut (ours),0.1807887174833635,1.636805772781372,3.817166566848755,binary,1000
Fitness_Club,5,0,"TabICLv2 (ours, vanilla)",0.1708761077060284,1.1632628440856934,2.062838315963745,binary,1000
Fitness_Club,5,0,TabICLv2+anchor (ours),0.1727167498434505,1.1632628440856934,1.9027314186096191,binary,1000
Fitness_Club,5,0,TabICLv2+barnes_hut (ours),0.1805537106965976,1.1632628440856934,3.3387269973754883,binary,1000
Fitness_Club,5,1,"TabICLv2 (ours, vanilla)",0.1984288126909428,1.984659433364868,1.529332399368286,binary,1000
Fitness_Club,5,1,TabICLv2+anchor (ours),0.1962466080950303,1.984659433364868,0.9544403553009032,binary,1000
Fitness_Club,5,1,TabICLv2+barnes_hut (ours),0.2145391753164196,1.984659433364868,4.673642635345459,binary,1000
Fitness_Club,5,2,"TabICLv2 (ours, vanilla)",0.1700506654567453,1.0042037963867188,3.034839630126953,binary,1000
Fitness_Club,5,2,TabICLv2+anchor (ours),0.1687651240169388,1.0042037963867188,1.821715831756592,binary,1000
Fitness_Club,5,2,TabICLv2+barnes_hut (ours),0.1981057168784028,1.0042037963867188,3.4144082069396973,binary,1000
Fitness_Club,6,0,"TabICLv2 (ours, vanilla)",0.1652593028330707,1.948415279388428,1.015101194381714,binary,1000
Fitness_Club,6,0,TabICLv2+anchor (ours),0.1658475492893603,1.948415279388428,2.14929747581482,binary,1000
Fitness_Club,6,0,TabICLv2+barnes_hut (ours),0.1663219415928196,1.948415279388428,2.554581642150879,binary,1000
Fitness_Club,6,1,"TabICLv2 (ours, vanilla)",0.1996812083720752,2.0281965732574463,0.9036633968353271,binary,1000
Fitness_Club,6,1,TabICLv2+anchor (ours),0.2015408262016356,2.0281965732574463,2.274596691131592,binary,1000
Fitness_Club,6,1,TabICLv2+barnes_hut (ours),0.217119869447238,2.0281965732574463,2.5544161796569824,binary,1000
Fitness_Club,6,2,"TabICLv2 (ours, vanilla)",0.1692755595886267,2.192476511001587,3.1609482765197754,binary,1000
Fitness_Club,6,2,TabICLv2+anchor (ours),0.1705232909860858,2.192476511001587,0.6998598575592041,binary,1000
Fitness_Club,6,2,TabICLv2+barnes_hut (ours),0.1889178765880217,2.192476511001587,3.553686141967773,binary,1000
Fitness_Club,7,0,"TabICLv2 (ours, vanilla)",0.1758287633541434,1.8808228969573968,0.9955387115478516,binary,1000
Fitness_Club,7,0,TabICLv2+anchor (ours),0.1772139888802444,1.8808228969573968,2.198354721069336,binary,1000
Fitness_Club,7,0,TabICLv2+barnes_hut (ours),0.1925653238201863,1.8808228969573968,2.5741868019104004,binary,1000
Fitness_Club,7,1,"TabICLv2 (ours, vanilla)",0.2063416763126435,2.0112195014953613,1.1289522647857666,binary,1000
Fitness_Club,7,1,TabICLv2+anchor (ours),0.2055257215506937,2.0112195014953613,2.0555992126464844,binary,1000
Fitness_Club,7,1,TabICLv2+barnes_hut (ours),0.20882749198277,2.0112195014953613,2.5051512718200684,binary,1000
Fitness_Club,7,2,"TabICLv2 (ours, vanilla)",0.1549455535390198,2.079586982727051,2.8453497886657715,binary,1000
Fitness_Club,7,2,TabICLv2+anchor (ours),0.1556639443436177,2.079586982727051,1.9083592891693115,binary,1000
Fitness_Club,7,2,TabICLv2+barnes_hut (ours),0.1939844222625529,2.079586982727051,2.440244197845459,binary,1000
Fitness_Club,8,0,"TabICLv2 (ours, vanilla)",0.1769131881427706,2.104483366012573,0.9414880275726318,binary,1000
Fitness_Club,8,0,TabICLv2+anchor (ours),0.1784444948578342,2.104483366012573,2.297506332397461,binary,1000
Fitness_Club,8,0,TabICLv2+barnes_hut (ours),0.1767052329098609,2.104483366012573,3.7933316230773926,binary,1000
Fitness_Club,8,1,"TabICLv2 (ours, vanilla)",0.1775365756465967,0.9975032806396484,3.053800582885742,binary,1000
Fitness_Club,8,1,TabICLv2+anchor (ours),0.1774416971859048,0.9975032806396484,1.7895293235778809,binary,1000
Fitness_Club,8,1,TabICLv2+barnes_hut (ours),0.1921858099774188,0.9975032806396484,3.5566792488098145,binary,1000
Fitness_Club,8,2,"TabICLv2 (ours, vanilla)",0.1855063663447124,2.002910852432251,1.664905309677124,binary,1000
Fitness_Club,8,2,TabICLv2+anchor (ours),0.1838175297443974,2.002910852432251,1.1210699081420898,binary,1000
Fitness_Club,8,2,TabICLv2+barnes_hut (ours),0.1887891610846506,2.002910852432251,3.5517354011535645,binary,1000
Fitness_Club,9,0,"TabICLv2 (ours, vanilla)",0.1869706594071385,1.0319669246673584,1.9614546298980715,binary,1000
Fitness_Club,9,0,TabICLv2+anchor (ours),0.1865358439201452,1.0319669246673584,1.8361845016479488,binary,1000
Fitness_Club,9,0,TabICLv2+barnes_hut (ours),0.1928312159709618,1.0319669246673584,3.70892596244812,binary,1000
Fitness_Club,9,1,"TabICLv2 (ours, vanilla)",0.1743486593673504,1.6750266551971436,1.605381727218628,binary,1000
Fitness_Club,9,1,TabICLv2+anchor (ours),0.1743866107516272,1.6750266551971436,0.9680747985839844,binary,1000
Fitness_Club,9,1,TabICLv2+barnes_hut (ours),0.1852217309626368,1.6750266551971436,3.656857490539551,binary,1000
Fitness_Club,9,2,"TabICLv2 (ours, vanilla)",0.1767016451925084,0.9761676788330078,2.040085554122925,binary,1000
Fitness_Club,9,2,TabICLv2+anchor (ours),0.1757908119698665,0.9761676788330078,2.1218817234039307,binary,1000
Fitness_Club,9,2,TabICLv2+barnes_hut (ours),0.1895292130780471,0.9761676788330078,3.286452054977417,binary,1000
MIC,0,0,"TabICLv2 (ours, vanilla)",0.4643166661262512,4.418476104736328,25.231814861297607,multiclass,1132
MIC,0,0,TabICLv2+anchor (ours),0.5286620855331421,4.418476104736328,28.94816327095032,multiclass,1132
MIC,0,0,TabICLv2+barnes_hut (ours),0.4869230389595032,4.418476104736328,49.35800886154175,multiclass,1132
MIC,0,1,"TabICLv2 (ours, vanilla)",0.4069826304912567,3.836762189865112,30.41635155677796,multiclass,1133
MIC,0,1,TabICLv2+anchor (ours),0.5174179077148438,3.836762189865112,49.728567123413086,multiclass,1133
MIC,0,1,TabICLv2+barnes_hut (ours),0.4606291949748993,3.836762189865112,56.93545126914978,multiclass,1133
MIC,0,2,"TabICLv2 (ours, vanilla)",0.4526706337928772,5.228981733322144,21.56873083114624,multiclass,1133
MIC,0,2,TabICLv2+anchor (ours),0.5404396057128906,5.228981733322144,54.35685634613037,multiclass,1133
MIC,0,2,TabICLv2+barnes_hut (ours),0.4994654655456543,5.228981733322144,63.72852087020874,multiclass,1133
MIC,1,0,"TabICLv2 (ours, vanilla)",0.4420953094959259,4.189607858657837,25.86269974708557,multiclass,1132
MIC,1,0,TabICLv2+anchor (ours),0.5350887775421143,4.189607858657837,53.23193144798279,multiclass,1132
MIC,1,0,TabICLv2+barnes_hut (ours),0.4783492684364319,4.189607858657837,46.10677242279053,multiclass,1132
MIC,1,1,"TabICLv2 (ours, vanilla)",0.4333428144454956,5.33541750907898,18.49195170402527,multiclass,1133
MIC,1,1,TabICLv2+anchor (ours),0.5193063616752625,5.33541750907898,50.8704936504364,multiclass,1133
MIC,1,1,TabICLv2+barnes_hut (ours),0.475722998380661,5.33541750907898,57.45307993888855,multiclass,1133
MIC,1,2,"TabICLv2 (ours, vanilla)",0.4260576367378235,5.536886930465698,39.10683798789978,multiclass,1133
MIC,1,2,TabICLv2+anchor (ours),0.5210630893707275,5.536886930465698,48.75978803634644,multiclass,1133
MIC,1,2,TabICLv2+barnes_hut (ours),0.4622582197189331,5.536886930465698,44.19681453704834,multiclass,1133
MIC,2,0,"TabICLv2 (ours, vanilla)",0.4464408755302429,2.484395980834961,23.48222017288208,multiclass,1132
MIC,2,0,TabICLv2+anchor (ours),0.504344642162323,2.484395980834961,53.2199022769928,multiclass,1132
MIC,2,0,TabICLv2+barnes_hut (ours),0.464823842048645,2.484395980834961,57.45131468772888,multiclass,1132
MIC,2,1,"TabICLv2 (ours, vanilla)",0.390874981880188,3.436131238937378,17.781787872314453,multiclass,1133
MIC,2,1,TabICLv2+anchor (ours),0.5015369653701782,3.436131238937378,51.159600257873535,multiclass,1133
MIC,2,1,TabICLv2+barnes_hut (ours),0.4502536654472351,3.436131238937378,58.39822506904602,multiclass,1133
MIC,2,2,"TabICLv2 (ours, vanilla)",0.479898452758789,3.255995035171509,10.705963850021362,multiclass,1133
MIC,2,2,TabICLv2+anchor (ours),0.549601137638092,3.255995035171509,53.63345289230347,multiclass,1133
MIC,2,2,TabICLv2+barnes_hut (ours),0.5118119120597839,3.255995035171509,64.87592720985413,multiclass,1133
MIC,3,0,"TabICLv2 (ours, vanilla)",0.4374893307685852,2.6887528896331787,12.181717872619627,multiclass,1132
MIC,3,0,TabICLv2+anchor (ours),0.545878529548645,2.6887528896331787,47.05996489524841,multiclass,1132
MIC,3,0,TabICLv2+barnes_hut (ours),0.4860763847827911,2.6887528896331787,62.10040092468262,multiclass,1132
MIC,3,1,"TabICLv2 (ours, vanilla)",0.4358483552932739,2.591008424758911,18.503926277160645,multiclass,1133
MIC,3,1,TabICLv2+anchor (ours),0.5270470976829529,2.591008424758911,53.95072937011719,multiclass,1133
MIC,3,1,TabICLv2+barnes_hut (ours),0.4732950627803802,2.591008424758911,63.07019877433777,multiclass,1133
MIC,3,2,"TabICLv2 (ours, vanilla)",0.4262303113937378,2.750393867492676,19.347409963607788,multiclass,1133
MIC,3,2,TabICLv2+anchor (ours),0.5327031016349792,2.750393867492676,54.54353475570679,multiclass,1133
MIC,3,2,TabICLv2+barnes_hut (ours),0.4572585225105285,2.750393867492676,56.29075145721436,multiclass,1133
MIC,4,0,"TabICLv2 (ours, vanilla)",0.4552961587905884,3.1788058280944824,10.63375449180603,multiclass,1132
MIC,4,0,TabICLv2+anchor (ours),0.5450202822685242,3.1788058280944824,56.18142080307007,multiclass,1132
MIC,4,0,TabICLv2+barnes_hut (ours),0.4855828285217285,3.1788058280944824,58.822999715805054,multiclass,1132
MIC,4,1,"TabICLv2 (ours, vanilla)",0.4178184866905212,3.3307950496673584,10.397184133529665,multiclass,1133
MIC,4,1,TabICLv2+anchor (ours),0.5095380544662476,3.3307950496673584,56.46739482879639,multiclass,1133
MIC,4,1,TabICLv2+barnes_hut (ours),0.4627969563007355,3.3307950496673584,57.62066054344177,multiclass,1133
MIC,4,2,"TabICLv2 (ours, vanilla)",0.4302959442138672,3.3323657512664795,9.638357639312744,multiclass,1133
MIC,4,2,TabICLv2+anchor (ours),0.5186341404914856,3.3323657512664795,52.48980927467346,multiclass,1133
MIC,4,2,TabICLv2+barnes_hut (ours),0.4803062379360199,3.3323657512664795,59.50486421585083,multiclass,1133
MIC,5,0,"TabICLv2 (ours, vanilla)",0.44601771235466,2.722154140472412,23.19923210144043,multiclass,1132
MIC,5,0,TabICLv2+anchor (ours),0.5517765283584595,2.722154140472412,53.41856408119202,multiclass,1132
MIC,5,0,TabICLv2+barnes_hut (ours),0.499377429485321,2.722154140472412,54.64992785453797,multiclass,1132
MIC,5,1,"TabICLv2 (ours, vanilla)",0.453076034784317,3.4979357719421387,17.408270359039307,multiclass,1133
MIC,5,1,TabICLv2+anchor (ours),0.5193852186203003,3.4979357719421387,55.2814257144928,multiclass,1133
MIC,5,1,TabICLv2+barnes_hut (ours),0.4990973472595215,3.4979357719421387,57.50295352935791,multiclass,1133
MIC,5,2,"TabICLv2 (ours, vanilla)",0.4358665943145752,3.4992563724517822,25.7544903755188,multiclass,1133
MIC,5,2,TabICLv2+anchor (ours),0.5036301612854004,3.4992563724517822,53.57637691497803,multiclass,1133
MIC,5,2,TabICLv2+barnes_hut (ours),0.4682428538799286,3.4992563724517822,58.94668292999268,multiclass,1133
MIC,6,0,"TabICLv2 (ours, vanilla)",0.4465784728527069,2.911273956298828,26.109519720077515,multiclass,1132
MIC,6,0,TabICLv2+anchor (ours),0.541134774684906,2.911273956298828,51.976383447647095,multiclass,1132
MIC,6,0,TabICLv2+barnes_hut (ours),0.4839527606964111,2.911273956298828,56.79676914215088,multiclass,1132
MIC,6,1,"TabICLv2 (ours, vanilla)",0.5153136849403381,3.275856733322144,11.577890634536743,multiclass,1133
MIC,6,1,TabICLv2+anchor (ours),0.5658349990844727,3.275856733322144,55.19203019142151,multiclass,1133
MIC,6,1,TabICLv2+barnes_hut (ours),0.5027419924736023,3.275856733322144,58.69330382347107,multiclass,1133
MIC,6,2,"TabICLv2 (ours, vanilla)",0.4235862493515014,3.390315532684326,17.039569854736328,multiclass,1133
MIC,6,2,TabICLv2+anchor (ours),0.542149543762207,3.390315532684326,53.336862564086914,multiclass,1133
MIC,6,2,TabICLv2+barnes_hut (ours),0.4725560247898102,3.390315532684326,55.04621410369873,multiclass,1133
MIC,7,0,"TabICLv2 (ours, vanilla)",0.4871451556682586,3.3010525703430176,11.33422327041626,multiclass,1132
MIC,7,0,TabICLv2+anchor (ours),0.5627793669700623,3.3010525703430176,53.57597064971924,multiclass,1132
MIC,7,0,TabICLv2+barnes_hut (ours),0.5017140507698059,3.3010525703430176,63.16397976875305,multiclass,1132
MIC,7,1,"TabICLv2 (ours, vanilla)",0.4124077260494232,2.801586627960205,27.873236894607544,multiclass,1133
MIC,7,1,TabICLv2+anchor (ours),0.494988203048706,2.801586627960205,55.7128369808197,multiclass,1133
MIC,7,1,TabICLv2+barnes_hut (ours),0.4620954990386963,2.801586627960205,43.66499400138855,multiclass,1133
MIC,7,2,"TabICLv2 (ours, vanilla)",0.435721755027771,2.3523852825164795,15.4715838432312,multiclass,1133
MIC,7,2,TabICLv2+anchor (ours),0.5368047952651978,2.3523852825164795,53.03260922431946,multiclass,1133
MIC,7,2,TabICLv2+barnes_hut (ours),0.4822684824466705,2.3523852825164795,60.78376579284668,multiclass,1133
MIC,8,0,"TabICLv2 (ours, vanilla)",0.4645572602748871,3.3896572589874268,9.511153221130373,multiclass,1132
MIC,8,0,TabICLv2+anchor (ours),0.5659398436546326,3.3896572589874268,53.06101083755493,multiclass,1132
MIC,8,0,TabICLv2+barnes_hut (ours),0.5081529021263123,3.3896572589874268,61.469945669174194,multiclass,1132
MIC,8,1,"TabICLv2 (ours, vanilla)",0.4516555666923523,2.7215359210968018,24.5317816734314,multiclass,1133
MIC,8,1,TabICLv2+anchor (ours),0.5242059230804443,2.7215359210968018,53.94691061973572,multiclass,1133
MIC,8,1,TabICLv2+barnes_hut (ours),0.4856946468353271,2.7215359210968018,55.95024919509888,multiclass,1133
MIC,8,2,"TabICLv2 (ours, vanilla)",0.4352799952030182,4.243805646896362,15.56653642654419,multiclass,1133
MIC,8,2,TabICLv2+anchor (ours),0.5517699718475342,4.243805646896362,55.05894327163696,multiclass,1133
MIC,8,2,TabICLv2+barnes_hut (ours),0.464731216430664,4.243805646896362,57.512455224990845,multiclass,1133
MIC,9,0,"TabICLv2 (ours, vanilla)",0.4393584132194519,3.418550729751587,16.093647480010986,multiclass,1132
MIC,9,0,TabICLv2+anchor (ours),0.5141749978065491,3.418550729751587,32.73831844329834,multiclass,1132
MIC,9,0,TabICLv2+barnes_hut (ours),0.4747512638568878,3.418550729751587,38.10696268081665,multiclass,1132
MIC,9,1,"TabICLv2 (ours, vanilla)",0.4527515769004822,3.127187967300415,31.334158658981323,multiclass,1133
MIC,9,1,TabICLv2+anchor (ours),0.543320894241333,3.127187967300415,16.33182382583618,multiclass,1133
MIC,9,1,TabICLv2+barnes_hut (ours),0.4787536263465881,3.127187967300415,39.29178476333618,multiclass,1133
MIC,9,2,"TabICLv2 (ours, vanilla)",0.4316021800041199,2.8912229537963867,31.73001766204834,multiclass,1133
MIC,9,2,TabICLv2+anchor (ours),0.5189917683601379,2.8912229537963867,33.50995063781738,multiclass,1133
MIC,9,2,TabICLv2+barnes_hut (ours),0.4738390445709228,2.8912229537963867,21.303550004959103,multiclass,1133
Is-this-a-good-customer,0,0,"TabICLv2 (ours, vanilla)",0.2611329404060248,1.3261313438415527,3.270642042160034,binary,1148
Is-this-a-good-customer,0,0,TabICLv2+anchor (ours),0.2615794487110793,1.3261313438415527,3.2359836101531982,binary,1148
Is-this-a-good-customer,0,0,TabICLv2+barnes_hut (ours),0.2888164553194023,1.3261313438415527,13.741391897201538,binary,1148
Is-this-a-good-customer,0,1,"TabICLv2 (ours, vanilla)",0.2339882121807466,1.0313570499420166,3.353303909301758,binary,1149
Is-this-a-good-customer,0,1,TabICLv2+anchor (ours),0.2376303460782832,1.0313570499420166,4.427316188812256,binary,1149
Is-this-a-good-customer,0,1,TabICLv2+barnes_hut (ours),0.239927459573825,1.0313570499420166,14.293853282928469,binary,1149
Is-this-a-good-customer,0,2,"TabICLv2 (ours, vanilla)",0.2583799304820916,0.9606013298034668,3.175099372863769,binary,1149
Is-this-a-good-customer,0,2,TabICLv2+anchor (ours),0.265241045791144,0.9606013298034668,3.224660873413086,binary,1149
Is-this-a-good-customer,0,2,TabICLv2+barnes_hut (ours),0.2678706362399877,0.9606013298034668,11.830374717712402,binary,1149
Is-this-a-good-customer,1,0,"TabICLv2 (ours, vanilla)",0.2639757099482051,1.0003750324249268,3.3520596027374268,binary,1148
Is-this-a-good-customer,1,0,TabICLv2+anchor (ours),0.268544978269929,1.0003750324249268,4.064481735229492,binary,1148
Is-this-a-good-customer,1,0,TabICLv2+barnes_hut (ours),0.2776835149133774,1.0003750324249268,13.763359785079956,binary,1148
Is-this-a-good-customer,1,1,"TabICLv2 (ours, vanilla)",0.2501435695934714,0.9961585998535156,3.591272115707397,binary,1149
Is-this-a-good-customer,1,1,TabICLv2+anchor (ours),0.2370107299380384,0.9961585998535156,3.2180428504943848,binary,1149
Is-this-a-good-customer,1,1,TabICLv2+barnes_hut (ours),0.2632159588937586,0.9961585998535156,11.831728219985962,binary,1149
Is-this-a-good-customer,1,2,"TabICLv2 (ours, vanilla)",0.2562641680519874,0.9697797298431396,3.1273462772369385,binary,1149
Is-this-a-good-customer,1,2,TabICLv2+anchor (ours),0.2716034456702432,0.9697797298431396,4.097048759460449,binary,1149
Is-this-a-good-customer,1,2,TabICLv2+barnes_hut (ours),0.270243312679462,0.9697797298431396,9.438253164291382,binary,1149
Is-this-a-good-customer,2,0,"TabICLv2 (ours, vanilla)",0.2667887122700483,2.6738946437835693,0.582338809967041,binary,1148
Is-this-a-good-customer,2,0,TabICLv2+anchor (ours),0.2642882657617432,2.6738946437835693,2.4474594593048096,binary,1148
Is-this-a-good-customer,2,0,TabICLv2+barnes_hut (ours),0.2912573673870333,2.6738946437835693,2.8027493953704834,binary,1148
Is-this-a-good-customer,2,1,"TabICLv2 (ours, vanilla)",0.260767719510352,2.3133749961853027,0.5809509754180908,binary,1149
Is-this-a-good-customer,2,1,TabICLv2+anchor (ours),0.2818800060450355,2.3133749961853027,1.645495891571045,binary,1149
Is-this-a-good-customer,2,1,TabICLv2+barnes_hut (ours),0.2661024633519723,2.3133749961853027,2.926133155822754,binary,1149
Is-this-a-good-customer,2,2,"TabICLv2 (ours, vanilla)",0.2416200695179082,2.1110870838165283,0.6083807945251465,binary,1149
Is-this-a-good-customer,2,2,TabICLv2+anchor (ours),0.2384917636391113,2.1110870838165283,1.7596735954284668,binary,1149
Is-this-a-good-customer,2,2,TabICLv2+barnes_hut (ours),0.2406982016019343,2.1110870838165283,2.970322132110596,binary,1149
Is-this-a-good-customer,3,0,"TabICLv2 (ours, vanilla)",0.249479073644103,2.2069790363311768,0.5901904106140137,binary,1148
Is-this-a-good-customer,3,0,TabICLv2+anchor (ours),0.2467851402036077,2.2069790363311768,1.665248155593872,binary,1148
Is-this-a-good-customer,3,0,TabICLv2+barnes_hut (ours),0.2343722093230934,2.2069790363311768,2.8131399154663086,binary,1148
Is-this-a-good-customer,3,1,"TabICLv2 (ours, vanilla)",0.2243463805349856,2.2209720611572266,0.6468601226806641,binary,1149
Is-this-a-good-customer,3,1,TabICLv2+anchor (ours),0.2192836632915218,2.2209720611572266,1.9108870029449463,binary,1149
Is-this-a-good-customer,3,1,TabICLv2+barnes_hut (ours),0.2296811243766057,2.2209720611572266,3.780184030532837,binary,1149
Is-this-a-good-customer,3,2,"TabICLv2 (ours, vanilla)",0.2680670998942118,2.3404135704040527,0.5855176448822021,binary,1149
Is-this-a-good-customer,3,2,TabICLv2+anchor (ours),0.2717847967356808,2.3404135704040527,1.6889748573303225,binary,1149
Is-this-a-good-customer,3,2,TabICLv2+barnes_hut (ours),0.2696992594831495,2.3404135704040527,3.9796645641326895,binary,1149
Is-this-a-good-customer,4,0,"TabICLv2 (ours, vanilla)",0.2489730308983747,1.933539628982544,0.6127943992614746,binary,1148
Is-this-a-good-customer,4,0,TabICLv2+anchor (ours),0.2514288265761742,1.933539628982544,1.5911781787872314,binary,1148
Is-this-a-good-customer,4,0,TabICLv2+barnes_hut (ours),0.2574864559147466,1.933539628982544,2.9264566898345947,binary,1148
Is-this-a-good-customer,4,1,"TabICLv2 (ours, vanilla)",0.2589995466223364,2.2002975940704346,0.6146061420440674,binary,1149
Is-this-a-good-customer,4,1,TabICLv2+anchor (ours),0.259120447332628,2.2002975940704346,1.6290936470031738,binary,1149
Is-this-a-good-customer,4,1,TabICLv2+barnes_hut (ours),0.251382801873961,2.2002975940704346,2.836487531661988,binary,1149
Is-this-a-good-customer,4,2,"TabICLv2 (ours, vanilla)",0.2266586066193139,2.5038328170776367,0.6149742603302002,binary,1149
Is-this-a-good-customer,4,2,TabICLv2+anchor (ours),0.2195405773008916,2.5038328170776367,2.1190848350524902,binary,1149
Is-this-a-good-customer,4,2,TabICLv2+barnes_hut (ours),0.2313435091431162,2.5038328170776367,4.777466297149658,binary,1149
Is-this-a-good-customer,5,0,"TabICLv2 (ours, vanilla)",0.2114216824432936,2.115093469619751,0.5736420154571533,binary,1148
Is-this-a-good-customer,5,0,TabICLv2+anchor (ours),0.2116747038161577,2.115093469619751,1.940155982971192,binary,1148
Is-this-a-good-customer,5,0,TabICLv2+barnes_hut (ours),0.2185806989343335,2.115093469619751,3.028074026107788,binary,1148
Is-this-a-good-customer,5,1,"TabICLv2 (ours, vanilla)",0.2592866858092789,2.649184465408325,0.5789971351623535,binary,1149
Is-this-a-good-customer,5,1,TabICLv2+anchor (ours),0.226371467432371,2.649184465408325,1.7052853107452393,binary,1149
Is-this-a-good-customer,5,1,TabICLv2+barnes_hut (ours),0.2641227142209461,2.649184465408325,2.72742772102356,binary,1149
Is-this-a-good-customer,5,2,"TabICLv2 (ours, vanilla)",0.2799758198579416,2.1821560859680176,0.5911843776702881,binary,1149
Is-this-a-good-customer,5,2,TabICLv2+anchor (ours),0.2911893607374943,2.1821560859680176,1.652956247329712,binary,1149
Is-this-a-good-customer,5,2,TabICLv2+barnes_hut (ours),0.2758803082968112,2.1821560859680176,3.133439064025879,binary,1149
Is-this-a-good-customer,6,0,"TabICLv2 (ours, vanilla)",0.2867178662856463,2.102335214614868,0.6009376049041748,binary,1148
Is-this-a-good-customer,6,0,TabICLv2+anchor (ours),0.3027772816574388,2.102335214614868,1.6326828002929688,binary,1148
Is-this-a-good-customer,6,0,TabICLv2+barnes_hut (ours),0.2789486217776983,2.102335214614868,2.63008999824524,binary,1148
Is-this-a-good-customer,6,1,"TabICLv2 (ours, vanilla)",0.2641378268097325,2.1265339851379395,0.6521546840667725,binary,1149
Is-this-a-good-customer,6,1,TabICLv2+anchor (ours),0.2457458062566118,2.1265339851379395,1.7973792552947998,binary,1149
Is-this-a-good-customer,6,1,TabICLv2+barnes_hut (ours),0.266691854314644,2.1265339851379395,3.147768259048462,binary,1149
Is-this-a-good-customer,6,2,"TabICLv2 (ours, vanilla)",0.228109415142814,2.1317484378814697,0.6237883567810059,binary,1149
Is-this-a-good-customer,6,2,TabICLv2+anchor (ours),0.2225630950581835,2.1317484378814697,1.8303184509277344,binary,1149
Is-this-a-good-customer,6,2,TabICLv2+barnes_hut (ours),0.2599365271270968,2.1317484378814697,2.8835103511810303,binary,1149
Is-this-a-good-customer,7,0,"TabICLv2 (ours, vanilla)",0.2416354110853127,2.4000492095947266,0.6282968521118164,binary,1148
Is-this-a-good-customer,7,0,TabICLv2+anchor (ours),0.2356373161874143,2.4000492095947266,1.8166327476501465,binary,1148
Is-this-a-good-customer,7,0,TabICLv2+barnes_hut (ours),0.2946657141156158,2.4000492095947266,4.192728281021118,binary,1148
Is-this-a-good-customer,7,1,"TabICLv2 (ours, vanilla)",0.2403808372374187,2.33899450302124,0.5838437080383301,binary,1149
Is-this-a-good-customer,7,1,TabICLv2+anchor (ours),0.2435544808825751,2.33899450302124,1.6891233921051023,binary,1149
Is-this-a-good-customer,7,1,TabICLv2+barnes_hut (ours),0.2485718603596796,2.33899450302124,2.702870607376098,binary,1149
Is-this-a-good-customer,7,2,"TabICLv2 (ours, vanilla)",0.2770742028109415,2.2132468223571777,0.6469211578369141,binary,1149
Is-this-a-good-customer,7,2,TabICLv2+anchor (ours),0.2722986247544204,2.2132468223571777,1.819065809249878,binary,1149
Is-this-a-good-customer,7,2,TabICLv2+barnes_hut (ours),0.2798851443252229,2.2132468223571777,4.388044357299805,binary,1149
Is-this-a-good-customer,8,0,"TabICLv2 (ours, vanilla)",0.2378996249330238,2.486518859863281,0.5902876853942871,binary,1148
Is-this-a-good-customer,8,0,TabICLv2+anchor (ours),0.2288950407810918,2.486518859863281,1.6853792667388916,binary,1148
Is-this-a-good-customer,8,0,TabICLv2+barnes_hut (ours),0.2320057153063047,2.486518859863281,2.9786956310272217,binary,1148
Is-this-a-good-customer,8,1,"TabICLv2 (ours, vanilla)",0.2781623092035665,2.2246956825256348,0.5703954696655273,binary,1149
Is-this-a-good-customer,8,1,TabICLv2+anchor (ours),0.2748979900256914,2.2246956825256348,2.1312997341156006,binary,1149
Is-this-a-good-customer,8,1,TabICLv2+barnes_hut (ours),0.3030829681124376,2.2246956825256348,2.7751259803771973,binary,1149
Is-this-a-good-customer,8,2,"TabICLv2 (ours, vanilla)",0.2296962369653922,2.5489144325256348,0.5824527740478516,binary,1149
Is-this-a-good-customer,8,2,TabICLv2+anchor (ours),0.2339277618256008,2.5489144325256348,1.7389161586761477,binary,1149
Is-this-a-good-customer,8,2,TabICLv2+barnes_hut (ours),0.267281245277316,2.5489144325256348,2.615883111953736,binary,1149
Is-this-a-good-customer,9,0,"TabICLv2 (ours, vanilla)",0.249940465559326,2.4056589603424072,0.5946938991546631,binary,1148
Is-this-a-good-customer,9,0,TabICLv2+anchor (ours),0.2470530451866405,2.4056589603424072,1.8317530155181885,binary,1148
Is-this-a-good-customer,9,0,TabICLv2+barnes_hut (ours),0.2496427933559564,2.4056589603424072,2.2468035221099854,binary,1148
Is-this-a-good-customer,9,1,"TabICLv2 (ours, vanilla)",0.2378721474988665,2.5281548500061035,0.5890285968780518,binary,1149
Is-this-a-good-customer,9,1,TabICLv2+anchor (ours),0.2486927610699713,2.5281548500061035,1.6968889236450195,binary,1149
Is-this-a-good-customer,9,1,TabICLv2+barnes_hut (ours),0.2403808372374186,2.5281548500061035,2.819997310638428,binary,1149
Is-this-a-good-customer,9,2,"TabICLv2 (ours, vanilla)",0.2621278525011334,2.2586419582366943,0.6010556221008301,binary,1149
Is-this-a-good-customer,9,2,TabICLv2+anchor (ours),0.251881517303914,2.2586419582366943,1.6801412105560305,binary,1149
Is-this-a-good-customer,9,2,TabICLv2+barnes_hut (ours),0.3169109868520477,2.2586419582366943,3.540970802307129,binary,1149
Marketing_Campaign,0,0,"TabICLv2 (ours, vanilla)",0.0691186469488356,3.533956527709961,2.4086363315582275,binary,1493
Marketing_Campaign,0,0,TabICLv2+anchor (ours),0.0931072582015978,3.533956527709961,2.2853446006774902,binary,1493
Marketing_Campaign,0,0,TabICLv2+barnes_hut (ours),0.0749546716527849,3.533956527709961,7.845041990280151,binary,1493
Marketing_Campaign,0,1,"TabICLv2 (ours, vanilla)",0.108021653543307,1.1454088687896729,3.898069381713867,binary,1493
Marketing_Campaign,0,1,TabICLv2+anchor (ours),0.1449170416197975,1.1454088687896729,4.6782941818237305,binary,1493
Marketing_Campaign,0,1,TabICLv2+barnes_hut (ours),0.1133928571428571,1.1454088687896729,4.5327513217926025,binary,1493
Marketing_Campaign,0,2,"TabICLv2 (ours, vanilla)",0.0807973327658366,3.428876638412476,2.768303871154785,binary,1494
Marketing_Campaign,0,2,TabICLv2+anchor (ours),0.1226431155565014,3.428876638412476,2.2514970302581787,binary,1494
Marketing_Campaign,0,2,TabICLv2+barnes_hut (ours),0.0863800808682698,3.428876638412476,5.9139404296875,binary,1494
Marketing_Campaign,1,0,"TabICLv2 (ours, vanilla)",0.0838149470224942,5.194315195083618,2.262993335723877,binary,1493
Marketing_Campaign,1,0,TabICLv2+anchor (ours),0.1380318998243526,5.194315195083618,4.727758169174194,binary,1493
Marketing_Campaign,1,0,TabICLv2+barnes_hut (ours),0.0933622301546829,5.194315195083618,5.024987697601318,binary,1493
Marketing_Campaign,1,1,"TabICLv2 (ours, vanilla)",0.0863962317210348,3.2307653427124023,2.374274492263794,binary,1493
Marketing_Campaign,1,1,TabICLv2+anchor (ours),0.1150590551181101,3.2307653427124023,3.3755862712860107,binary,1493
Marketing_Campaign,1,1,TabICLv2+barnes_hut (ours),0.0989102924634419,3.2307653427124023,8.99791955947876,binary,1493
Marketing_Campaign,1,2,"TabICLv2 (ours, vanilla)",0.0787685323118394,4.26067590713501,2.267265796661377,binary,1494
Marketing_Campaign,1,2,TabICLv2+anchor (ours),0.1340994537844931,4.26067590713501,3.4389030933380127,binary,1494
Marketing_Campaign,1,2,TabICLv2+barnes_hut (ours),0.0906646804284599,4.26067590713501,8.127874374389648,binary,1494
Marketing_Campaign,2,0,"TabICLv2 (ours, vanilla)",0.1025553855742534,1.309717893600464,3.929768562316896,binary,1493
Marketing_Campaign,2,0,TabICLv2+anchor (ours),0.1284421213666496,1.309717893600464,3.472569942474365,binary,1493
Marketing_Campaign,2,0,TabICLv2+barnes_hut (ours),0.1118760269703665,1.309717893600464,8.987719058990479,binary,1493
Marketing_Campaign,2,1,"TabICLv2 (ours, vanilla)",0.0694811586051743,4.592968225479126,2.858293294906616,binary,1493
Marketing_Campaign,2,1,TabICLv2+anchor (ours),0.1045908323959505,4.592968225479126,4.546411752700806,binary,1493
Marketing_Campaign,2,1,TabICLv2+barnes_hut (ours),0.0688132733408324,4.592968225479126,6.87194561958313,binary,1493
Marketing_Campaign,2,2,"TabICLv2 (ours, vanilla)",0.0913173015535219,4.840116024017334,2.380082130432129,binary,1494
Marketing_Campaign,2,2,TabICLv2+anchor (ours),0.136688657161098,4.840116024017334,3.722925901412964,binary,1494
Marketing_Campaign,2,2,TabICLv2+barnes_hut (ours),0.1103071575512519,4.840116024017334,7.6152191162109375,binary,1494
Marketing_Campaign,3,0,"TabICLv2 (ours, vanilla)",0.077631877160179,4.53718113899231,2.3966755867004395,binary,1493
Marketing_Campaign,3,0,TabICLv2+anchor (ours),0.1176908040115587,4.53718113899231,3.396493911743164,binary,1493
Marketing_Campaign,3,0,TabICLv2+barnes_hut (ours),0.087356224148677,4.53718113899231,8.210407733917236,binary,1493
Marketing_Campaign,3,1,"TabICLv2 (ours, vanilla)",0.0984533183352081,4.906615972518921,3.118459939956665,binary,1493
Marketing_Campaign,3,1,TabICLv2+anchor (ours),0.1509912823397076,4.906615972518921,3.342393398284912,binary,1493
Marketing_Campaign,3,1,TabICLv2+barnes_hut (ours),0.1270809898762656,4.906615972518921,5.635647773742676,binary,1493
Marketing_Campaign,3,2,"TabICLv2 (ours, vanilla)",0.0955167766191388,4.866751909255981,2.3526532649993896,binary,1494
Marketing_Campaign,3,2,TabICLv2+anchor (ours),0.1185145775696957,4.866751909255981,3.34580945968628,binary,1494
Marketing_Campaign,3,2,TabICLv2+barnes_hut (ours),0.1023551110165282,4.866751909255981,8.671433448791504,binary,1494
Marketing_Campaign,4,0,"TabICLv2 (ours, vanilla)",0.1077752280582469,4.178925037384033,2.3254470825195312,binary,1493
Marketing_Campaign,4,0,TabICLv2+anchor (ours),0.1334919825485863,4.178925037384033,3.361477851867676,binary,1493
Marketing_Campaign,4,0,TabICLv2+barnes_hut (ours),0.1075131735509093,4.178925037384033,8.391363620758057,binary,1493
Marketing_Campaign,4,1,"TabICLv2 (ours, vanilla)",0.100246062992126,4.481452941894531,2.294667959213257,binary,1493
Marketing_Campaign,4,1,TabICLv2+anchor (ours),0.1358900449943756,4.481452941894531,3.439368486404419,binary,1493
Marketing_Campaign,4,1,TabICLv2+barnes_hut (ours),0.1184476940382451,4.481452941894531,8.470911026000977,binary,1493
Marketing_Campaign,4,2,"TabICLv2 (ours, vanilla)",0.0739235298290417,4.709281921386719,2.460543155670166,binary,1494
Marketing_Campaign,4,2,TabICLv2+anchor (ours),0.1001915301127899,4.709281921386719,4.483180522918701,binary,1494
Marketing_Campaign,4,2,TabICLv2+barnes_hut (ours),0.0738384053344681,4.709281921386719,7.308056354522705,binary,1494
Marketing_Campaign,5,0,"TabICLv2 (ours, vanilla)",0.090326209223847,4.730220317840576,2.3779854774475098,binary,1493
Marketing_Campaign,5,0,TabICLv2+anchor (ours),0.125246062992126,4.730220317840576,3.395801067352295,binary,1493
Marketing_Campaign,5,0,TabICLv2+barnes_hut (ours),0.0912260967379078,4.730220317840576,4.298059940338135,binary,1493
Marketing_Campaign,5,1,"TabICLv2 (ours, vanilla)",0.0873137288231628,2.761113405227661,3.089710235595703,binary,1493
Marketing_Campaign,5,1,TabICLv2+anchor (ours),0.1288458269590344,2.761113405227661,3.589932441711426,binary,1493
Marketing_Campaign,5,1,TabICLv2+barnes_hut (ours),0.1011742874950422,2.761113405227661,7.754461765289307,binary,1493
Marketing_Campaign,5,2,"TabICLv2 (ours, vanilla)",0.0861388948003121,4.876371622085571,3.708148002624512,binary,1494
Marketing_Campaign,5,2,TabICLv2+anchor (ours),0.1330992409732567,4.876371622085571,2.693134069442749,binary,1494
Marketing_Campaign,5,2,TabICLv2+barnes_hut (ours),0.0980279492090514,4.876371622085571,6.773848533630371,binary,1494
Marketing_Campaign,6,0,"TabICLv2 (ours, vanilla)",0.0786092696470055,3.909024238586426,2.4771578311920166,binary,1493
Marketing_Campaign,6,0,TabICLv2+anchor (ours),0.1119751827298997,3.909024238586426,4.43232536315918,binary,1493
Marketing_Campaign,6,0,TabICLv2+barnes_hut (ours),0.0891622754830302,3.909024238586426,6.858850955963135,binary,1493
Marketing_Campaign,6,1,"TabICLv2 (ours, vanilla)",0.1079583802024746,1.391818284988403,3.96895432472229,binary,1493
Marketing_Campaign,6,1,TabICLv2+anchor (ours),0.1345613048368954,1.391818284988403,3.8469138145446777,binary,1493
Marketing_Campaign,6,1,TabICLv2+barnes_hut (ours),0.1126616985376828,1.391818284988403,6.529001712799072,binary,1493
Marketing_Campaign,6,2,"TabICLv2 (ours, vanilla)",0.0768957934312264,4.176605224609375,2.3341281414031982,binary,1494
Marketing_Campaign,6,2,TabICLv2+anchor (ours),0.1095765056394977,4.176605224609375,3.434873580932617,binary,1494
Marketing_Campaign,6,2,TabICLv2+barnes_hut (ours),0.0857913031141377,4.176605224609375,7.899251222610474,binary,1494
Marketing_Campaign,7,0,"TabICLv2 (ours, vanilla)",0.062538954048388,4.354963302612305,2.677069902420044,binary,1493
Marketing_Campaign,7,0,TabICLv2+anchor (ours),0.1141849396566377,4.354963302612305,2.4554264545440674,binary,1493
Marketing_Campaign,7,0,TabICLv2+barnes_hut (ours),0.0685591251628987,4.354963302612305,5.918473720550537,binary,1493
Marketing_Campaign,7,1,"TabICLv2 (ours, vanilla)",0.0743953880764903,3.683021306991577,2.361045360565185,binary,1493
Marketing_Campaign,7,1,TabICLv2+anchor (ours),0.1135264341957253,3.683021306991577,3.40552830696106,binary,1493
Marketing_Campaign,7,1,TabICLv2+barnes_hut (ours),0.0913385826771653,3.683021306991577,4.768077850341797,binary,1493
Marketing_Campaign,7,2,"TabICLv2 (ours, vanilla)",0.0886004114350571,4.286341428756714,3.744362115859986,binary,1494
Marketing_Campaign,7,2,TabICLv2+anchor (ours),0.1417748457118535,4.286341428756714,2.253910779953003,binary,1494
Marketing_Campaign,7,2,TabICLv2+barnes_hut (ours),0.1045328793360289,4.286341428756714,8.16301703453064,binary,1494
Marketing_Campaign,8,0,"TabICLv2 (ours, vanilla)",0.0893464218935916,4.750431299209595,2.3247880935668945,binary,1493
Marketing_Campaign,8,0,TabICLv2+anchor (ours),0.1363958297920562,4.750431299209595,4.496631145477295,binary,1493
Marketing_Campaign,8,0,TabICLv2+barnes_hut (ours),0.1068686611139442,4.750431299209595,7.697469234466553,binary,1493
Marketing_Campaign,8,1,"TabICLv2 (ours, vanilla)",0.082916197975253,4.40614652633667,4.107928276062012,binary,1493
Marketing_Campaign,8,1,TabICLv2+anchor (ours),0.1176532620922384,4.40614652633667,3.390812635421753,binary,1493
Marketing_Campaign,8,1,TabICLv2+barnes_hut (ours),0.0846245781777278,4.40614652633667,4.231058835983276,binary,1493
Marketing_Campaign,8,2,"TabICLv2 (ours, vanilla)",0.0764417961268355,2.400963068008423,2.219987154006958,binary,1494
Marketing_Campaign,8,2,TabICLv2+anchor (ours),0.103248918209548,2.400963068008423,3.4195401668548584,binary,1494
Marketing_Campaign,8,2,TabICLv2+barnes_hut (ours),0.0936936936936937,2.400963068008423,7.02269983291626,binary,1494
Marketing_Campaign,9,0,"TabICLv2 (ours, vanilla)",0.0833829112130999,1.160705804824829,3.172600746154785,binary,1493
Marketing_Campaign,9,0,TabICLv2+anchor (ours),0.1153818913252875,1.160705804824829,3.623710155487061,binary,1493
Marketing_Campaign,9,0,TabICLv2+barnes_hut (ours),0.0850260637996487,1.160705804824829,7.723237991333008,binary,1493
Marketing_Campaign,9,1,"TabICLv2 (ours, vanilla)",0.1128093363329584,4.026236057281494,2.571849822998047,binary,1493
Marketing_Campaign,9,1,TabICLv2+anchor (ours),0.1442632170978627,4.026236057281494,3.339372158050537,binary,1493
Marketing_Campaign,9,1,TabICLv2+barnes_hut (ours),0.1229541619797526,4.026236057281494,7.152057647705078,binary,1493
Marketing_Campaign,9,2,"TabICLv2 (ours, vanilla)",0.0820387316450308,4.625882148742676,3.683908939361572,binary,1494
Marketing_Campaign,9,2,TabICLv2+anchor (ours),0.1081577640632759,4.625882148742676,2.236611604690552,binary,1494
Marketing_Campaign,9,2,TabICLv2+barnes_hut (ours),0.0925019507696672,4.625882148742676,7.857349157333374,binary,1494
hazelnut-spread-contaminant-detection,0,0,"TabICLv2 (ours, vanilla)",0.0067249999999999,3.3830714225769043,3.511599540710449,binary,1600
hazelnut-spread-contaminant-detection,0,0,TabICLv2+anchor (ours),0.077015625,3.3830714225769043,2.672091245651245,binary,1600
hazelnut-spread-contaminant-detection,0,0,TabICLv2+barnes_hut (ours),0.01956875,3.3830714225769043,7.987833499908447,binary,1600
hazelnut-spread-contaminant-detection,0,1,"TabICLv2 (ours, vanilla)",0.00819375,4.245496511459351,3.776721715927124,binary,1600
hazelnut-spread-contaminant-detection,0,1,TabICLv2+anchor (ours),0.0730937499999999,4.245496511459351,3.436975717544556,binary,1600
hazelnut-spread-contaminant-detection,0,1,TabICLv2+barnes_hut (ours),0.0254468749999999,4.245496511459351,6.732714891433716,binary,1600
hazelnut-spread-contaminant-detection,0,2,"TabICLv2 (ours, vanilla)",0.0022906249999999,4.9630632400512695,2.861655235290528,binary,1600
hazelnut-spread-contaminant-detection,0,2,TabICLv2+anchor (ours),0.07555,4.9630632400512695,3.2803988456726074,binary,1600
hazelnut-spread-contaminant-detection,0,2,TabICLv2+barnes_hut (ours),0.0132499999999999,4.9630632400512695,7.700803279876709,binary,1600
hazelnut-spread-contaminant-detection,1,0,"TabICLv2 (ours, vanilla)",0.0057249999999999,4.927051544189453,4.178685665130615,binary,1600
hazelnut-spread-contaminant-detection,1,0,TabICLv2+anchor (ours),0.07488125,4.927051544189453,4.2813897132873535,binary,1600
hazelnut-spread-contaminant-detection,1,0,TabICLv2+barnes_hut (ours),0.0189156249999998,4.927051544189453,6.0243003368377686,binary,1600
hazelnut-spread-contaminant-detection,1,1,"TabICLv2 (ours, vanilla)",0.0049218749999999,4.8161046504974365,2.8305609226226807,binary,1600
hazelnut-spread-contaminant-detection,1,1,TabICLv2+anchor (ours),0.0600437499999999,4.8161046504974365,3.34726619720459,binary,1600
hazelnut-spread-contaminant-detection,1,1,TabICLv2+barnes_hut (ours),0.014140625,4.8161046504974365,7.979957342147827,binary,1600
hazelnut-spread-contaminant-detection,1,2,"TabICLv2 (ours, vanilla)",0.0032999999999999,4.186949729919434,3.179307460784912,binary,1600
hazelnut-spread-contaminant-detection,1,2,TabICLv2+anchor (ours),0.0894249999999999,4.186949729919434,3.74109411239624,binary,1600
hazelnut-spread-contaminant-detection,1,2,TabICLv2+barnes_hut (ours),0.01873125,4.186949729919434,5.51462459564209,binary,1600
hazelnut-spread-contaminant-detection,2,0,"TabICLv2 (ours, vanilla)",0.00474375,2.389617681503296,3.161861658096313,binary,1600
hazelnut-spread-contaminant-detection,2,0,TabICLv2+anchor (ours),0.0763968749999999,2.389617681503296,4.986737966537476,binary,1600
hazelnut-spread-contaminant-detection,2,0,TabICLv2+barnes_hut (ours),0.0198999999999999,2.389617681503296,5.758769750595093,binary,1600
hazelnut-spread-contaminant-detection,2,1,"TabICLv2 (ours, vanilla)",0.0050125,1.3905141353607178,4.32616138458252,binary,1600
hazelnut-spread-contaminant-detection,2,1,TabICLv2+anchor (ours),0.1043531249999999,1.3905141353607178,4.487449407577515,binary,1600
hazelnut-spread-contaminant-detection,2,1,TabICLv2+barnes_hut (ours),0.020796875,1.3905141353607178,6.9871745109558105,binary,1600
hazelnut-spread-contaminant-detection,2,2,"TabICLv2 (ours, vanilla)",0.0044875,4.74921178817749,3.803452253341675,binary,1600
hazelnut-spread-contaminant-detection,2,2,TabICLv2+anchor (ours),0.0560624999999999,4.74921178817749,2.6974453926086426,binary,1600
hazelnut-spread-contaminant-detection,2,2,TabICLv2+barnes_hut (ours),0.013853125,4.74921178817749,6.897705554962158,binary,1600
hazelnut-spread-contaminant-detection,3,0,"TabICLv2 (ours, vanilla)",0.0038312499999999,5.383410215377808,3.631330728530884,binary,1600
hazelnut-spread-contaminant-detection,3,0,TabICLv2+anchor (ours),0.0600875,5.383410215377808,3.82110333442688,binary,1600
hazelnut-spread-contaminant-detection,3,0,TabICLv2+barnes_hut (ours),0.01648125,5.383410215377808,5.924426794052124,binary,1600
hazelnut-spread-contaminant-detection,3,1,"TabICLv2 (ours, vanilla)",0.0059875,2.294106721878052,3.9227333068847656,binary,1600
hazelnut-spread-contaminant-detection,3,1,TabICLv2+anchor (ours),0.0717718749999999,2.294106721878052,2.4892640113830566,binary,1600
hazelnut-spread-contaminant-detection,3,1,TabICLv2+barnes_hut (ours),0.0145437499999999,2.294106721878052,7.772815704345703,binary,1600
hazelnut-spread-contaminant-detection,3,2,"TabICLv2 (ours, vanilla)",0.0072437499999999,2.9933652877807617,4.589752674102783,binary,1600
hazelnut-spread-contaminant-detection,3,2,TabICLv2+anchor (ours),0.09535,2.9933652877807617,3.664173364639282,binary,1600
hazelnut-spread-contaminant-detection,3,2,TabICLv2+barnes_hut (ours),0.02509375,2.9933652877807617,4.711492776870728,binary,1600
hazelnut-spread-contaminant-detection,4,0,"TabICLv2 (ours, vanilla)",0.0048687499999999,3.75409746170044,3.7354347705841056,binary,1600
hazelnut-spread-contaminant-detection,4,0,TabICLv2+anchor (ours),0.067246875,3.75409746170044,2.550391435623169,binary,1600
hazelnut-spread-contaminant-detection,4,0,TabICLv2+barnes_hut (ours),0.01306875,3.75409746170044,5.827693462371826,binary,1600
hazelnut-spread-contaminant-detection,4,1,"TabICLv2 (ours, vanilla)",0.0074874999999999,3.865812301635742,4.539572954177856,binary,1600
hazelnut-spread-contaminant-detection,4,1,TabICLv2+anchor (ours),0.0778906249999999,3.865812301635742,3.2477834224700928,binary,1600
hazelnut-spread-contaminant-detection,4,1,TabICLv2+barnes_hut (ours),0.02600625,3.865812301635742,4.38659143447876,binary,1600
hazelnut-spread-contaminant-detection,4,2,"TabICLv2 (ours, vanilla)",0.0048749999999999,3.673619508743286,2.723102807998657,binary,1600
hazelnut-spread-contaminant-detection,4,2,TabICLv2+anchor (ours),0.0790812499999999,3.673619508743286,3.433101415634156,binary,1600
hazelnut-spread-contaminant-detection,4,2,TabICLv2+barnes_hut (ours),0.0150875,3.673619508743286,7.350881338119507,binary,1600
hazelnut-spread-contaminant-detection,5,0,"TabICLv2 (ours, vanilla)",0.00321875,4.346348524093628,2.6018574237823486,binary,1600
hazelnut-spread-contaminant-detection,5,0,TabICLv2+anchor (ours),0.0670999999999999,4.346348524093628,3.694310426712036,binary,1600
hazelnut-spread-contaminant-detection,5,0,TabICLv2+barnes_hut (ours),0.0131999999999999,4.346348524093628,7.427589893341064,binary,1600
hazelnut-spread-contaminant-detection,5,1,"TabICLv2 (ours, vanilla)",0.00714375,4.189457416534424,3.170403242111206,binary,1600
hazelnut-spread-contaminant-detection,5,1,TabICLv2+anchor (ours),0.0705687499999999,4.189457416534424,3.436895608901977,binary,1600
hazelnut-spread-contaminant-detection,5,1,TabICLv2+barnes_hut (ours),0.0184312499999999,4.189457416534424,9.388997554779053,binary,1600
hazelnut-spread-contaminant-detection,5,2,"TabICLv2 (ours, vanilla)",0.00459375,4.340870380401611,4.714752435684204,binary,1600
hazelnut-spread-contaminant-detection,5,2,TabICLv2+anchor (ours),0.0830375000000001,4.340870380401611,2.667030334472656,binary,1600
hazelnut-spread-contaminant-detection,5,2,TabICLv2+barnes_hut (ours),0.02085,4.340870380401611,6.939059734344482,binary,1600
hazelnut-spread-contaminant-detection,6,0,"TabICLv2 (ours, vanilla)",0.0037187499999999,3.724976778030396,3.1617000102996826,binary,1600
hazelnut-spread-contaminant-detection,6,0,TabICLv2+anchor (ours),0.0702249999999999,3.724976778030396,3.783978939056397,binary,1600
hazelnut-spread-contaminant-detection,6,0,TabICLv2+barnes_hut (ours),0.0219374999999999,3.724976778030396,6.58864688873291,binary,1600
hazelnut-spread-contaminant-detection,6,1,"TabICLv2 (ours, vanilla)",0.0048187499999999,3.751430034637451,3.79725980758667,binary,1600
hazelnut-spread-contaminant-detection,6,1,TabICLv2+anchor (ours),0.0892593749999999,3.751430034637451,3.646080255508423,binary,1600
hazelnut-spread-contaminant-detection,6,1,TabICLv2+barnes_hut (ours),0.0192375,3.751430034637451,6.751621723175049,binary,1600
hazelnut-spread-contaminant-detection,6,2,"TabICLv2 (ours, vanilla)",0.005653125,4.27770209312439,4.625520944595337,binary,1600
hazelnut-spread-contaminant-detection,6,2,TabICLv2+anchor (ours),0.0749499999999999,4.27770209312439,3.6010079383850098,binary,1600
hazelnut-spread-contaminant-detection,6,2,TabICLv2+barnes_hut (ours),0.0148,4.27770209312439,4.555567026138306,binary,1600
hazelnut-spread-contaminant-detection,7,0,"TabICLv2 (ours, vanilla)",0.0037374999999999,3.498424768447876,11.172221899032593,binary,1600
hazelnut-spread-contaminant-detection,7,0,TabICLv2+anchor (ours),0.0784624999999999,3.498424768447876,3.30675745010376,binary,1600
hazelnut-spread-contaminant-detection,7,0,TabICLv2+barnes_hut (ours),0.01641875,3.498424768447876,7.6229407787323,binary,1600
hazelnut-spread-contaminant-detection,7,1,"TabICLv2 (ours, vanilla)",0.004015625,4.353243827819824,4.042883396148682,binary,1600
hazelnut-spread-contaminant-detection,7,1,TabICLv2+anchor (ours),0.0773687499999999,4.353243827819824,3.807294130325317,binary,1600
hazelnut-spread-contaminant-detection,7,1,TabICLv2+barnes_hut (ours),0.0214374999999999,4.353243827819824,6.473870515823364,binary,1600
hazelnut-spread-contaminant-detection,7,2,"TabICLv2 (ours, vanilla)",0.00499375,4.731276035308838,2.777862310409546,binary,1600
hazelnut-spread-contaminant-detection,7,2,TabICLv2+anchor (ours),0.074071875,4.731276035308838,3.5220675468444824,binary,1600
hazelnut-spread-contaminant-detection,7,2,TabICLv2+barnes_hut (ours),0.017690625,4.731276035308838,6.391330242156982,binary,1600
hazelnut-spread-contaminant-detection,8,0,"TabICLv2 (ours, vanilla)",0.0064000000000001,4.490594148635864,3.3345282077789307,binary,1600
hazelnut-spread-contaminant-detection,8,0,TabICLv2+anchor (ours),0.08206875,4.490594148635864,2.793375492095948,binary,1600
hazelnut-spread-contaminant-detection,8,0,TabICLv2+barnes_hut (ours),0.0234874999999998,4.490594148635864,6.433774948120117,binary,1600
hazelnut-spread-contaminant-detection,8,1,"TabICLv2 (ours, vanilla)",0.00285625,3.8820223808288574,4.523819208145142,binary,1600
hazelnut-spread-contaminant-detection,8,1,TabICLv2+anchor (ours),0.0769093749999998,3.8820223808288574,2.864741563796997,binary,1600
hazelnut-spread-contaminant-detection,8,1,TabICLv2+barnes_hut (ours),0.0154906249999999,3.8820223808288574,5.178630352020264,binary,1600
hazelnut-spread-contaminant-detection,8,2,"TabICLv2 (ours, vanilla)",0.00685625,3.3719937801361084,2.7863519191741943,binary,1600
hazelnut-spread-contaminant-detection,8,2,TabICLv2+anchor (ours),0.0685625,3.3719937801361084,3.658957004547119,binary,1600
hazelnut-spread-contaminant-detection,8,2,TabICLv2+barnes_hut (ours),0.0159812499999999,3.3719937801361084,5.931552171707153,binary,1600
hazelnut-spread-contaminant-detection,9,0,"TabICLv2 (ours, vanilla)",0.005425,4.060859203338623,2.853440046310425,binary,1600
hazelnut-spread-contaminant-detection,9,0,TabICLv2+anchor (ours),0.076928125,4.060859203338623,6.198914527893066,binary,1600
hazelnut-spread-contaminant-detection,9,0,TabICLv2+barnes_hut (ours),0.0132531249999999,4.060859203338623,8.070532321929932,binary,1600
hazelnut-spread-contaminant-detection,9,1,"TabICLv2 (ours, vanilla)",0.0045812499999999,4.701939582824707,3.235793352127075,binary,1600
hazelnut-spread-contaminant-detection,9,1,TabICLv2+anchor (ours),0.0668843749999998,4.701939582824707,4.256425619125366,binary,1600
hazelnut-spread-contaminant-detection,9,1,TabICLv2+barnes_hut (ours),0.018084375,4.701939582824707,7.28383469581604,binary,1600
hazelnut-spread-contaminant-detection,9,2,"TabICLv2 (ours, vanilla)",0.00535,4.660260200500488,3.9078776836395264,binary,1600
hazelnut-spread-contaminant-detection,9,2,TabICLv2+anchor (ours),0.0776999999999999,4.660260200500488,3.738182544708252,binary,1600
hazelnut-spread-contaminant-detection,9,2,TabICLv2+barnes_hut (ours),0.0169343749999999,4.660260200500488,6.65001654624939,binary,1600
seismic-bumps,0,0,"TabICLv2 (ours, vanilla)",0.2019178380734445,4.024471998214722,2.624748468399048,binary,1722
seismic-bumps,0,0,TabICLv2+anchor (ours),0.2259452980276779,4.024471998214722,3.364343881607056,binary,1722
seismic-bumps,0,0,TabICLv2+barnes_hut (ours),0.1979622970469653,4.024471998214722,25.16810655593872,binary,1722
seismic-bumps,0,1,"TabICLv2 (ours, vanilla)",0.2274955634427683,1.6146464347839355,10.166404485702516,binary,1723
seismic-bumps,0,1,TabICLv2+anchor (ours),0.2339729370008872,1.6146464347839355,7.5321364402771,binary,1723
seismic-bumps,0,1,TabICLv2+barnes_hut (ours),0.2324866903283052,1.6146464347839355,37.18941879272461,binary,1723
seismic-bumps,0,2,"TabICLv2 (ours, vanilla)",0.2072750283669372,1.1071155071258545,8.464170694351196,binary,1723
seismic-bumps,0,2,TabICLv2+anchor (ours),0.226117220912979,1.1071155071258545,7.997962236404419,binary,1723
seismic-bumps,0,2,TabICLv2+barnes_hut (ours),0.2210439032905646,1.1071155071258545,36.77390885353088,binary,1723
seismic-bumps,1,0,"TabICLv2 (ours, vanilla)",0.2681704260651629,1.102611064910889,2.464780807495117,binary,1722
seismic-bumps,1,0,TabICLv2+anchor (ours),0.2213686389887763,1.102611064910889,1.0158343315124512,binary,1722
seismic-bumps,1,0,TabICLv2+barnes_hut (ours),0.238661872071483,1.102611064910889,23.105817079544067,binary,1722
seismic-bumps,1,1,"TabICLv2 (ours, vanilla)",0.181044809228039,1.320716142654419,7.887476682662964,binary,1723
seismic-bumps,1,1,TabICLv2+anchor (ours),0.2147404614019521,1.320716142654419,7.986949920654297,binary,1723
seismic-bumps,1,1,TabICLv2+barnes_hut (ours),0.2003327417923691,1.320716142654419,36.08194804191589,binary,1723
seismic-bumps,1,2,"TabICLv2 (ours, vanilla)",0.2346273020860609,1.009183645248413,8.25967526435852,binary,1723
seismic-bumps,1,2,TabICLv2+anchor (ours),0.2648271798900237,1.009183645248413,8.454142332077026,binary,1723
seismic-bumps,1,2,TabICLv2+barnes_hut (ours),0.2488544121497775,1.009183645248413,36.95573115348816,binary,1723
seismic-bumps,2,0,"TabICLv2 (ours, vanilla)",0.1992481203007517,1.0808100700378418,2.487532615661621,binary,1722
seismic-bumps,2,0,TabICLv2+anchor (ours),0.1795793832407105,1.0808100700378418,1.5276269912719729,binary,1722
seismic-bumps,2,0,TabICLv2+barnes_hut (ours),0.2043478260869564,1.0808100700378418,25.22226595878601,binary,1722
seismic-bumps,2,1,"TabICLv2 (ours, vanilla)",0.2554680567879326,1.330221176147461,8.022035837173462,binary,1723
seismic-bumps,2,1,TabICLv2+anchor (ours),0.2755656610470276,1.330221176147461,7.273625373840332,binary,1723
seismic-bumps,2,1,TabICLv2+barnes_hut (ours),0.2566992014196982,1.330221176147461,34.581923484802246,binary,1723
seismic-bumps,2,2,"TabICLv2 (ours, vanilla)",0.2107663437199965,1.066331386566162,7.9784533977508545,binary,1723
seismic-bumps,2,2,TabICLv2+anchor (ours),0.2352710133542812,1.066331386566162,7.529053926467895,binary,1723
seismic-bumps,2,2,TabICLv2+barnes_hut (ours),0.2249825434232347,1.066331386566162,34.97696900367737,binary,1723
splice,0,0,"TabICLv2 (ours, vanilla)",0.0721329003572464,3.200745105743408,10.666903495788574,multiclass,2126
splice,0,0,TabICLv2+anchor (ours),0.1683267652988433,3.200745105743408,62.21065783500672,multiclass,2126
splice,0,0,TabICLv2+barnes_hut (ours),0.1028663516044616,3.200745105743408,2582.854134559632,multiclass,2126
splice,0,1,"TabICLv2 (ours, vanilla)",0.1251879185438156,2.8885066509246826,69.2429940700531,multiclass,2127
splice,0,1,TabICLv2+anchor (ours),0.1870281994342804,2.8885066509246826,47.39013767242432,multiclass,2127
splice,0,1,TabICLv2+barnes_hut (ours),0.1353941708803177,2.8885066509246826,1100.197190284729,multiclass,2127
splice,0,2,"TabICLv2 (ours, vanilla)",0.0979326739907264,3.0413482189178467,59.19525027275085,multiclass,2127
splice,0,2,TabICLv2+anchor (ours),0.1771080642938614,3.0413482189178467,49.61261963844299,multiclass,2127
splice,0,2,TabICLv2+barnes_hut (ours),0.1183739975094795,3.0413482189178467,94.8140754699707,multiclass,2127
splice,1,0,"TabICLv2 (ours, vanilla)",0.0820960700511932,2.934638023376465,44.31130456924439,multiclass,2126
splice,1,0,TabICLv2+anchor (ours),0.167093738913536,2.934638023376465,61.012370586395264,multiclass,2126
splice,1,0,TabICLv2+barnes_hut (ours),0.1183134838938713,2.934638023376465,93.81868362426758,multiclass,2126
splice,1,1,"TabICLv2 (ours, vanilla)",0.1166089922189712,3.43511700630188,57.03037095069885,multiclass,2127
splice,1,1,TabICLv2+anchor (ours),0.1852564513683319,3.43511700630188,46.48438835144043,multiclass,2127
splice,1,1,TabICLv2+barnes_hut (ours),0.1252434849739074,3.43511700630188,100.85714173316956,multiclass,2127
splice,1,2,"TabICLv2 (ours, vanilla)",0.1027847230434417,2.7262167930603027,3.332331657409668,multiclass,2127
splice,1,2,TabICLv2+anchor (ours),0.1837415993213653,2.7262167930603027,2.2926793098449707,multiclass,2127
splice,1,2,TabICLv2+barnes_hut (ours),0.1281379163265228,2.7262167930603027,3.4001290798187256,multiclass,2127
splice,2,0,"TabICLv2 (ours, vanilla)",0.1097030714154243,1.6757614612579346,2.104300022125244,multiclass,2126
splice,2,0,TabICLv2+anchor (ours),0.1805421710014343,1.6757614612579346,1.9858040809631348,multiclass,2126
splice,2,0,TabICLv2+barnes_hut (ours),0.1303339451551437,1.6757614612579346,3.246091842651367,multiclass,2126
splice,2,1,"TabICLv2 (ours, vanilla)",0.1152353212237358,1.5405240058898926,2.1226465702056885,multiclass,2127
splice,2,1,TabICLv2+anchor (ours),0.1806597411632537,1.5405240058898926,1.9505105018615725,multiclass,2127
splice,2,1,TabICLv2+barnes_hut (ours),0.1360240876674652,1.5405240058898926,3.2049126625061035,multiclass,2127
splice,2,2,"TabICLv2 (ours, vanilla)",0.0681224018335342,1.5667471885681152,2.104464769363404,multiclass,2127
splice,2,2,TabICLv2+anchor (ours),0.173641562461853,1.5667471885681152,1.9577631950378416,multiclass,2127
splice,2,2,TabICLv2+barnes_hut (ours),0.1008495539426803,1.5667471885681152,3.213672637939453,multiclass,2127
students_dropout_and_academic_success,0,0,"TabICLv2 (ours, vanilla)",0.552051842212677,1.262300968170166,2.024883270263672,multiclass,2949
students_dropout_and_academic_success,0,0,TabICLv2+anchor (ours),0.6491537690162659,1.262300968170166,1.8711717128753664,multiclass,2949
students_dropout_and_academic_success,0,0,TabICLv2+barnes_hut (ours),0.6012169122695923,1.262300968170166,13.256046772003174,multiclass,2949
students_dropout_and_academic_success,0,1,"TabICLv2 (ours, vanilla)",0.5377369523048401,1.241238355636597,2.388882875442505,multiclass,2949
students_dropout_and_academic_success,0,1,TabICLv2+anchor (ours),0.6209035515785217,1.241238355636597,1.8456463813781736,multiclass,2949
students_dropout_and_academic_success,0,1,TabICLv2+barnes_hut (ours),0.5627597570419312,1.241238355636597,11.704065799713137,multiclass,2949
students_dropout_and_academic_success,0,2,"TabICLv2 (ours, vanilla)",0.5138129591941833,1.3452775478363037,2.397430419921875,multiclass,2950
students_dropout_and_academic_success,0,2,TabICLv2+anchor (ours),0.6336460709571838,1.3452775478363037,1.854212760925293,multiclass,2950
students_dropout_and_academic_success,0,2,TabICLv2+barnes_hut (ours),0.5619211792945862,1.3452775478363037,11.703008890151978,multiclass,2950
students_dropout_and_academic_success,1,0,"TabICLv2 (ours, vanilla)",0.5467568039894104,1.3587403297424316,2.3628687858581543,multiclass,2949
students_dropout_and_academic_success,1,0,TabICLv2+anchor (ours),0.6437762975692749,1.3587403297424316,1.837133884429932,multiclass,2949
students_dropout_and_academic_success,1,0,TabICLv2+barnes_hut (ours),0.5760868787765503,1.3587403297424316,11.70741891860962,multiclass,2949
students_dropout_and_academic_success,1,1,"TabICLv2 (ours, vanilla)",0.5277838110923767,1.443828582763672,2.3969976902008057,multiclass,2949
students_dropout_and_academic_success,1,1,TabICLv2+anchor (ours),0.6270225048065186,1.443828582763672,1.8659238815307613,multiclass,2949
students_dropout_and_academic_success,1,1,TabICLv2+barnes_hut (ours),0.5622827410697937,1.443828582763672,11.664750576019289,multiclass,2949
students_dropout_and_academic_success,1,2,"TabICLv2 (ours, vanilla)",0.5310031175613403,1.293154001235962,2.3350822925567627,multiclass,2950
students_dropout_and_academic_success,1,2,TabICLv2+anchor (ours),0.6261312365531921,1.293154001235962,1.8688995838165283,multiclass,2950
students_dropout_and_academic_success,1,2,TabICLv2+barnes_hut (ours),0.5632341504096985,1.293154001235962,11.66367793083191,multiclass,2950
students_dropout_and_academic_success,2,0,"TabICLv2 (ours, vanilla)",0.5594533681869507,1.3750290870666504,2.414616584777832,multiclass,2949
students_dropout_and_academic_success,2,0,TabICLv2+anchor (ours),0.6479422450065613,1.3750290870666504,2.086886167526245,multiclass,2949
students_dropout_and_academic_success,2,0,TabICLv2+barnes_hut (ours),0.5993891358375549,1.3750290870666504,12.41610312461853,multiclass,2949
students_dropout_and_academic_success,2,1,"TabICLv2 (ours, vanilla)",0.5165311098098755,1.2386839389801023,2.44672966003418,multiclass,2949
students_dropout_and_academic_success,2,1,TabICLv2+anchor (ours),0.6143378019332886,1.2386839389801023,1.8772830963134768,multiclass,2949
students_dropout_and_academic_success,2,1,TabICLv2+barnes_hut (ours),0.5566924214363098,1.2386839389801023,11.938068151474,multiclass,2949
students_dropout_and_academic_success,2,2,"TabICLv2 (ours, vanilla)",0.5247349143028259,1.253512620925903,2.3951187133789062,multiclass,2950
students_dropout_and_academic_success,2,2,TabICLv2+anchor (ours),0.6402365565299988,1.253512620925903,1.873584747314453,multiclass,2950
students_dropout_and_academic_success,2,2,TabICLv2+barnes_hut (ours),0.5636703968048096,1.253512620925903,11.698302507400513,multiclass,2950
churn,0,0,"TabICLv2 (ours, vanilla)",0.0594819315637991,0.9314742088317872,2.036667585372925,binary,3333
churn,0,0,TabICLv2+anchor (ours),0.1099103980859657,0.9314742088317872,1.4641940593719482,binary,3333
churn,0,0,TabICLv2+barnes_hut (ours),0.0701713866088664,0.9314742088317872,8.46895432472229,binary,3333
churn,0,1,"TabICLv2 (ours, vanilla)",0.080965959563657,0.9721722602844238,1.8691985607147217,binary,3333
churn,0,1,TabICLv2+anchor (ours),0.1286480356275687,0.9721722602844238,1.4359800815582275,binary,3333
churn,0,1,TabICLv2+barnes_hut (ours),0.0939058261971597,0.9721722602844238,8.45457148551941,binary,3333
churn,0,2,"TabICLv2 (ours, vanilla)",0.0644126261950429,0.8939974308013916,1.861686944961548,binary,3334
churn,0,2,TabICLv2+anchor (ours),0.1269102100896562,0.8939974308013916,1.4571123123168943,binary,3334
churn,0,2,TabICLv2+barnes_hut (ours),0.062568951930654,0.8939974308013916,3.912189245223999,binary,3334
churn,1,0,"TabICLv2 (ours, vanilla)",0.0672680595529972,0.8893458843231201,1.689645528793335,binary,3333
churn,1,0,TabICLv2+anchor (ours),0.1208308164256358,0.8893458843231201,1.4367427825927734,binary,3333
churn,1,0,TabICLv2+barnes_hut (ours),0.0756597259235571,0.8893458843231201,7.760775089263916,binary,3333
churn,1,1,"TabICLv2 (ours, vanilla)",0.0607773987610892,0.8583889007568359,1.8827850818634035,binary,3333
churn,1,1,TabICLv2+anchor (ours),0.1156163758898009,0.8583889007568359,1.4555222988128662,binary,3333
churn,1,1,TabICLv2+barnes_hut (ours),0.067540477797913,0.8583889007568359,7.117560625076294,binary,3333
churn,1,2,"TabICLv2 (ours, vanilla)",0.0788587061569799,0.880892276763916,1.8888421058654783,binary,3334
churn,1,2,TabICLv2+anchor (ours),0.1303091128061019,0.880892276763916,1.4426355361938477,binary,3334
churn,1,2,TabICLv2+barnes_hut (ours),0.0903846439775786,0.880892276763916,4.156515836715698,binary,3334
churn,2,0,"TabICLv2 (ours, vanilla)",0.0637562330478864,0.9356951713562012,1.7198963165283203,binary,3333
churn,2,0,TabICLv2+anchor (ours),0.1241057575003851,0.9356951713562012,1.4602670669555664,binary,3333
churn,2,0,TabICLv2+barnes_hut (ours),0.0710167714884696,0.9356951713562012,7.134386777877808,binary,3333
churn,2,1,"TabICLv2 (ours, vanilla)",0.0662909071527555,1.0430357456207275,1.9214606285095213,binary,3333
churn,2,1,TabICLv2+anchor (ours),0.1187521467742126,1.0430357456207275,1.4552013874053955,binary,3333
churn,2,1,TabICLv2+barnes_hut (ours),0.0879274301484087,1.0430357456207275,7.763475894927978,binary,3333
churn,2,2,"TabICLv2 (ours, vanilla)",0.0639680628038716,0.940809726715088,1.8725125789642327,binary,3334
churn,2,2,TabICLv2+anchor (ours),0.1209346239053184,0.940809726715088,1.4536495208740234,binary,3334
churn,2,2,TabICLv2+barnes_hut (ours),0.074283717679944,0.940809726715088,4.212023973464966,binary,3334
polish_companies_bankruptcy,0,0,"TabICLv2 (ours, vanilla)",0.0161913047661812,1.7868056297302246,4.005975723266602,binary,3940
polish_companies_bankruptcy,0,0,TabICLv2+anchor (ours),0.1415180576047212,1.7868056297302246,3.613506555557251,binary,3940
polish_companies_bankruptcy,0,0,TabICLv2+barnes_hut (ours),0.048603983578164,1.7868056297302246,49.49153423309326,binary,3940
polish_companies_bankruptcy,0,1,"TabICLv2 (ours, vanilla)",0.0127368877951267,2.1079535484313965,5.000608444213867,binary,3940
polish_companies_bankruptcy,0,1,TabICLv2+anchor (ours),0.1319563079153077,2.1079535484313965,3.682895421981812,binary,3940
polish_companies_bankruptcy,0,1,TabICLv2+barnes_hut (ours),0.0561681420510431,2.1079535484313965,44.1111581325531,binary,3940
polish_companies_bankruptcy,0,2,"TabICLv2 (ours, vanilla)",0.0200023096435584,2.1222827434539795,5.186896562576294,binary,3940
polish_companies_bankruptcy,0,2,TabICLv2+anchor (ours),0.1379474436626169,2.1222827434539795,3.6702916622161865,binary,3940
polish_companies_bankruptcy,0,2,TabICLv2+barnes_hut (ours),0.0729867275138279,2.1222827434539795,45.06723618507385,binary,3940
polish_companies_bankruptcy,1,0,"TabICLv2 (ours, vanilla)",0.018093687856822,1.8992469310760496,4.936750650405884,binary,3940
polish_companies_bankruptcy,1,0,TabICLv2+anchor (ours),0.144629225736096,1.8992469310760496,4.998570203781128,binary,3940
polish_companies_bankruptcy,1,0,TabICLv2+barnes_hut (ours),0.0556021072551157,1.8992469310760496,53.18851733207703,binary,3940
polish_companies_bankruptcy,1,1,"TabICLv2 (ours, vanilla)",0.0178539429199469,2.1849846839904785,4.966577529907227,binary,3940
polish_companies_bankruptcy,1,1,TabICLv2+anchor (ours),0.1273748511673654,2.1849846839904785,3.6769089698791504,binary,3940
polish_companies_bankruptcy,1,1,TabICLv2+barnes_hut (ours),0.0664978237582679,2.1849846839904785,43.80171632766724,binary,3940
polish_companies_bankruptcy,1,2,"TabICLv2 (ours, vanilla)",0.0122789412275357,1.848921775817871,4.911555767059326,binary,3940
polish_companies_bankruptcy,1,2,TabICLv2+anchor (ours),0.1356875769051572,1.848921775817871,3.618386030197144,binary,3940
polish_companies_bankruptcy,1,2,TabICLv2+barnes_hut (ours),0.0559272223350495,1.848921775817871,43.811652421951294,binary,3940
polish_companies_bankruptcy,2,0,"TabICLv2 (ours, vanilla)",0.023269613188787,1.805346965789795,4.906291961669922,binary,3940
polish_companies_bankruptcy,2,0,TabICLv2+anchor (ours),0.1592669510552312,1.805346965789795,3.6221444606781006,binary,3940
polish_companies_bankruptcy,2,0,TabICLv2+barnes_hut (ours),0.0719176983770607,1.805346965789795,52.70638918876648,binary,3940
polish_companies_bankruptcy,2,1,"TabICLv2 (ours, vanilla)",0.016920130136468,1.8991470336914065,4.944189548492432,binary,3940
polish_companies_bankruptcy,2,1,TabICLv2+anchor (ours),0.1038563083135221,1.8991470336914065,3.6316230297088623,binary,3940
polish_companies_bankruptcy,2,1,TabICLv2+barnes_hut (ours),0.0541093735689169,1.8991470336914065,43.73278260231018,binary,3940
polish_companies_bankruptcy,2,2,"TabICLv2 (ours, vanilla)",0.0113929141728489,2.090074062347412,5.065897703170776,binary,3940
polish_companies_bankruptcy,2,2,TabICLv2+anchor (ours),0.1416428733558723,2.090074062347412,3.740005016326904,binary,3940
polish_companies_bankruptcy,2,2,TabICLv2+barnes_hut (ours),0.0495259257489417,2.090074062347412,43.414377212524414,binary,3940
taiwanese_bankruptcy_prediction,0,0,"TabICLv2 (ours, vanilla)",0.0535647571606475,3.8341758251190186,6.966061115264893,binary,4546
taiwanese_bankruptcy_prediction,0,0,TabICLv2+anchor (ours),0.0682534246575342,3.8341758251190186,5.526514291763306,binary,4546
taiwanese_bankruptcy_prediction,0,1,"TabICLv2 (ours, vanilla)",0.0580479452054794,2.855198860168457,7.011210203170776,binary,4546
taiwanese_bankruptcy_prediction,0,1,TabICLv2+anchor (ours),0.0742123287671233,2.855198860168457,6.063208818435669,binary,4546
taiwanese_bankruptcy_prediction,0,2,"TabICLv2 (ours, vanilla)",0.0584417978688101,2.899439573287964,7.033713340759277,binary,4546
taiwanese_bankruptcy_prediction,0,2,TabICLv2+anchor (ours),0.078401730516328,2.899439573287964,5.551743507385254,binary,4546
taiwanese_bankruptcy_prediction,0,0,"TabICLv2 (ours, vanilla)",0.0535647571606475,2.6352758407592773,9.696714639663696,binary,4546
taiwanese_bankruptcy_prediction,0,0,TabICLv2+anchor (ours),0.0666780821917808,2.6352758407592773,8.280052661895752,binary,4546
taiwanese_bankruptcy_prediction,0,1,"TabICLv2 (ours, vanilla)",0.0580479452054794,4.043442964553833,10.444909572601318,binary,4546
taiwanese_bankruptcy_prediction,0,1,TabICLv2+anchor (ours),0.0749564134495641,4.043442964553833,7.978390693664551,binary,4546
taiwanese_bankruptcy_prediction,0,0,"TabICLv2 (ours, vanilla)",0.05356475716064757,4.218725681304932,10.419569253921509,binary,4546
taiwanese_bankruptcy_prediction,0,0,TabICLv2+anchor (ours),0.06582814445828133,4.218725681304932,8.357175350189209,binary,4546
taiwanese_bankruptcy_prediction,0,0,"TabICLv2 (ours, vanilla)",0.05356475716064757,3.046860456466675,9.691834211349487,binary,4546
taiwanese_bankruptcy_prediction,0,0,TabICLv2+anchor (ours),0.06759651307596504,3.046860456466675,8.108667135238647,binary,4546
taiwanese_bankruptcy_prediction,0,1,"TabICLv2 (ours, vanilla)",0.0580479452054794,3.3839075565338135,10.094269752502441,binary,4546
taiwanese_bankruptcy_prediction,0,1,TabICLv2+anchor (ours),0.06984433374844345,3.3839075565338135,8.053622961044312,binary,4546
NATICUSdroid,0,0,"TabICLv2 (ours, vanilla)",0.012441646187316024,5.047412395477295,10.453953981399536,binary,4994
NATICUSdroid,0,0,TabICLv2+anchor (ours),0.01876803839543395,5.047412395477295,8.528001546859741,binary,4994
coil2000_insurance_policies,0,0,"TabICLv2 (ours, vanilla)",0.23423106070069377,3.8937973976135254,16.160206079483032,binary,6548
coil2000_insurance_policies,0,0,TabICLv2+anchor (ours),0.2703650036225549,3.8937973976135254,11.990228652954102,binary,6548
coil2000_insurance_policies,0,1,"TabICLv2 (ours, vanilla)",0.22200181544124375,2.778095006942749,13.043939113616943,binary,6548
coil2000_insurance_policies,0,1,TabICLv2+anchor (ours),0.24886035259533135,2.778095006942749,11.432976245880127,binary,6548
coil2000_insurance_policies,0,2,"TabICLv2 (ours, vanilla)",0.23115659519168297,3.7180256843566895,12.852821350097656,binary,6548
coil2000_insurance_policies,0,2,TabICLv2+anchor (ours),0.25976813727440284,3.7180256843566895,11.283436059951782,binary,6548
coil2000_insurance_policies,1,0,"TabICLv2 (ours, vanilla)",0.2412246733454918,2.8349640369415283,12.693285703659058,binary,6548
coil2000_insurance_policies,1,0,TabICLv2+anchor (ours),0.27866523430018075,2.8349640369415283,11.214574813842773,binary,6548
coil2000_insurance_policies,1,1,"TabICLv2 (ours, vanilla)",0.20197783163031624,2.696439743041992,12.622856140136719,binary,6548
coil2000_insurance_policies,1,1,TabICLv2+anchor (ours),0.22955088648495603,2.696439743041992,10.500493288040161,binary,6548
coil2000_insurance_policies,1,2,"TabICLv2 (ours, vanilla)",0.22446327458858795,3.763711929321289,9.186800003051758,binary,6548
coil2000_insurance_policies,1,2,TabICLv2+anchor (ours),0.2781996326795826,3.763711929321289,8.1531982421875,binary,6548
coil2000_insurance_policies,2,0,"TabICLv2 (ours, vanilla)",0.21389478768497927,3.525930881500244,9.000218868255615,binary,6548
coil2000_insurance_policies,2,0,TabICLv2+anchor (ours),0.2331601169210783,3.525930881500244,7.9333789348602295,binary,6548
coil2000_insurance_policies,2,1,"TabICLv2 (ours, vanilla)",0.23120143902865564,3.946956157684326,9.050819158554077,binary,6548
coil2000_insurance_policies,2,1,TabICLv2+anchor (ours),0.2716399763492976,3.946956157684326,7.956820011138916,binary,6548
coil2000_insurance_policies,2,2,"TabICLv2 (ours, vanilla)",0.22849451671506804,2.5279734134674072,8.868826150894165,binary,6548
coil2000_insurance_policies,2,2,TabICLv2+anchor (ours),0.26439030778003214,2.5279734134674072,8.196794271469116,binary,6548
Bank_Customer_Churn,0,0,"TabICLv2 (ours, vanilla)",0.12343703629742431,1.2837855815887451,3.6572046279907227,binary,6666
Bank_Customer_Churn,0,0,TabICLv2+anchor (ours),0.15837875018374747,1.2837855815887451,2.2069385051727295,binary,6666
heloc,0,0,"TabICLv2 (ours, vanilla)",0.1982839146456421,1.5558700561523438,8.654595851898193,binary,6972
heloc,0,0,TabICLv2+anchor (ours),0.2081586979307436,1.5558700561523438,4.536996126174927,binary,6972
heloc,0,1,"TabICLv2 (ours, vanilla)",0.19294222518882698,0.9581694602966309,6.050591707229614,binary,6973
heloc,0,1,TabICLv2+anchor (ours),0.2011740037918749,0.9581694602966309,4.291013240814209,binary,6973
heloc,0,2,"TabICLv2 (ours, vanilla)",0.2020239964117515,1.1342833042144775,6.061614036560059,binary,6973
heloc,0,2,TabICLv2+anchor (ours),0.21745198079231698,1.1342833042144775,4.31137490272522,binary,6973
heloc,1,0,"TabICLv2 (ours, vanilla)",0.20319040587486903,0.9591495990753174,6.0597825050354,binary,6972
heloc,1,0,TabICLv2+anchor (ours),0.21289544288944406,0.9591495990753174,4.3942577838897705,binary,6972
heloc,1,1,"TabICLv2 (ours, vanilla)",0.19603643867158405,1.5122556686401367,6.18239164352417,binary,6973
heloc,1,1,TabICLv2+anchor (ours),0.21044559642222183,1.5122556686401367,4.3462910652160645,binary,6973
heloc,1,2,"TabICLv2 (ours, vanilla)",0.1946532459137501,1.2821986675262451,6.124113321304321,binary,6973
heloc,1,2,TabICLv2+anchor (ours),0.20845448069337624,1.2821986675262451,4.366333961486816,binary,6973
heloc,2,0,"TabICLv2 (ours, vanilla)",0.2025257585845469,1.1918187141418457,6.173922777175903,binary,6972
heloc,2,0,TabICLv2+anchor (ours),0.21740888086119048,1.1918187141418457,4.476548910140991,binary,6972
heloc,2,1,"TabICLv2 (ours, vanilla)",0.19784696166868876,1.4156160354614258,6.1035401821136475,binary,6973
heloc,2,1,TabICLv2+anchor (ours),0.20445009403836667,1.4156160354614258,4.386653900146484,binary,6973
heloc,2,2,"TabICLv2 (ours, vanilla)",0.19698000079152544,1.2738754749298096,6.120009422302246,binary,6973
heloc,2,2,TabICLv2+anchor (ours),0.2076680672268908,1.2738754749298096,4.3604631423950195,binary,6973
jm1,0,0,"TabICLv2 (ours, vanilla)",0.21972289626884778,1.4429545402526855,6.74466609954834,binary,7256
jm1,0,0,TabICLv2+anchor (ours),0.2845311409540996,1.4429545402526855,4.439882040023804,binary,7256
jm1,0,1,"TabICLv2 (ours, vanilla)",0.23004748662643393,1.2801361083984375,6.270814895629883,binary,7257
jm1,0,1,TabICLv2+anchor (ours),0.30166470955944646,1.2801361083984375,4.398326635360718,binary,7257
jm1,0,2,"TabICLv2 (ours, vanilla)",0.2194481931324037,1.897554636001587,6.302711725234985,binary,7257
jm1,0,2,TabICLv2+anchor (ours),0.29485353827459093,1.897554636001587,4.386962175369263,binary,7257
jm1,1,0,"TabICLv2 (ours, vanilla)",0.22226991649608663,1.4811666011810303,6.269865989685059,binary,7256
jm1,1,0,TabICLv2+anchor (ours),0.29006367672237166,1.4811666011810303,4.359492778778076,binary,7256
jm1,1,1,"TabICLv2 (ours, vanilla)",0.23192085692085695,1.277756929397583,6.3100950717926025,binary,7257
jm1,1,1,TabICLv2+anchor (ours),0.30157293973083443,1.277756929397583,4.360630512237549,binary,7257
jm1,1,2,"TabICLv2 (ours, vanilla)",0.2378535207482576,1.2931110858917236,6.257545709609985,binary,7257
jm1,1,2,TabICLv2+anchor (ours),0.29627950022686866,1.2931110858917236,4.367164373397827,binary,7257
jm1,2,0,"TabICLv2 (ours, vanilla)",0.22839984737832353,1.2859492301940918,6.276801824569702,binary,7256
jm1,2,0,TabICLv2+anchor (ours),0.2959322624508821,1.2859492301940918,4.390917539596558,binary,7256
jm1,2,1,"TabICLv2 (ours, vanilla)",0.2293649333123018,1.3114418983459473,6.51364803314209,binary,7257
jm1,2,1,TabICLv2+anchor (ours),0.29864725917357504,1.3114418983459473,4.346137523651123,binary,7257
jm1,2,2,"TabICLv2 (ours, vanilla)",0.2282668598458072,1.1770873069763184,6.2774834632873535,binary,7257
jm1,2,2,TabICLv2+anchor (ours),0.29032346795504704,1.1770873069763184,4.3454577922821045,binary,7257
E-CommereShippingData,0,0,"TabICLv2 (ours, vanilla)",0.25959023526197966,1.0625815391540527,5.519037485122681,binary,7332
E-CommereShippingData,0,0,TabICLv2+anchor (ours),0.26846617421475294,1.0625815391540527,3.337648630142212,binary,7332
E-CommereShippingData,0,1,"TabICLv2 (ours, vanilla)",0.2532618873273582,0.9609222412109375,5.118772745132446,binary,7333
E-CommereShippingData,0,1,TabICLv2+anchor (ours),0.2547650426857777,0.9609222412109375,3.225593328475952,binary,7333
E-CommereShippingData,0,2,"TabICLv2 (ours, vanilla)",0.2552981490910855,1.0698843002319336,5.125836133956909,binary,7333
E-CommereShippingData,0,2,TabICLv2+anchor (ours),0.26034379190081647,1.0698843002319336,3.237518787384033,binary,7333
E-CommereShippingData,1,0,"TabICLv2 (ours, vanilla)",0.247214043532057,0.9080851078033447,5.132925748825073,binary,7332
E-CommereShippingData,1,0,TabICLv2+anchor (ours),0.24818899696296604,0.9080851078033447,3.2319889068603516,binary,7332
E-CommereShippingData,1,1,"TabICLv2 (ours, vanilla)",0.2493994800028696,1.1003689765930176,5.184540748596191,binary,7333
E-CommereShippingData,1,1,TabICLv2+anchor (ours),0.2577841863479726,1.1003689765930176,3.2388834953308105,binary,7333
E-CommereShippingData,1,2,"TabICLv2 (ours, vanilla)",0.2652810741943372,1.1104719638824463,5.125322341918945,binary,7333
E-CommereShippingData,1,2,TabICLv2+anchor (ours),0.270645615356339,1.1104719638824463,3.2224857807159424,binary,7333
E-CommereShippingData,2,0,"TabICLv2 (ours, vanilla)",0.25436334150378304,0.9525866508483887,5.138000249862671,binary,7332
E-CommereShippingData,2,0,TabICLv2+anchor (ours),0.2630345556869914,0.9525866508483887,3.2282207012176514,binary,7332
E-CommereShippingData,2,1,"TabICLv2 (ours, vanilla)",0.25745887891389363,1.0455267429351807,5.15112566947937,binary,7333
E-CommereShippingData,2,1,TabICLv2+anchor (ours),0.25635663713749235,1.0455267429351807,3.217589855194092,binary,7333
E-CommereShippingData,2,2,"TabICLv2 (ours, vanilla)",0.26184909105467713,0.9039678573608398,5.136784791946411,binary,7333
E-CommereShippingData,2,2,TabICLv2+anchor (ours),0.2593374766932143,0.9039678573608398,3.2196898460388184,binary,7333
online_shoppers_intention,0,0,"TabICLv2 (ours, vanilla)",0.06892440881589379,1.342714548110962,7.352734804153442,binary,8220
online_shoppers_intention,0,0,TabICLv2+anchor (ours),0.09926185717440983,1.342714548110962,4.639380216598511,binary,8220
online_shoppers_intention,0,1,"TabICLv2 (ours, vanilla)",0.06236693605326904,1.1240215301513672,7.0217719078063965,binary,8220
online_shoppers_intention,0,1,TabICLv2+anchor (ours),0.08496065109003803,1.1240215301513672,4.4688074588775635,binary,8220
online_shoppers_intention,0,2,"TabICLv2 (ours, vanilla)",0.057506707509151544,1.4072442054748535,7.000545024871826,binary,8220
online_shoppers_intention,0,2,TabICLv2+anchor (ours),0.0848391284039931,1.4072442054748535,4.4580607414245605,binary,8220
online_shoppers_intention,1,0,"TabICLv2 (ours, vanilla)",0.06297296538889063,1.432488203048706,7.02020263671875,binary,8220
online_shoppers_intention,1,0,TabICLv2+anchor (ours),0.08695842068483572,1.432488203048706,4.457913398742676,binary,8220
online_shoppers_intention,1,1,"TabICLv2 (ours, vanilla)",0.06246175543027632,1.2354066371917725,6.951862335205078,binary,8220
online_shoppers_intention,1,1,TabICLv2+anchor (ours),0.08652890474793884,1.2354066371917725,4.4426233768463135,binary,8220
online_shoppers_intention,1,2,"TabICLv2 (ours, vanilla)",0.06157262575900757,1.1856739521026611,6.968050718307495,binary,8220
online_shoppers_intention,1,2,TabICLv2+anchor (ours),0.09500448977670606,1.1856739521026611,4.430806398391724,binary,8220
online_shoppers_intention,2,0,"TabICLv2 (ours, vanilla)",0.06576006669490886,1.2506077289581299,6.957831859588623,binary,8220
online_shoppers_intention,2,0,TabICLv2+anchor (ours),0.0962511722300069,1.2506077289581299,4.449681758880615,binary,8220
online_shoppers_intention,2,1,"TabICLv2 (ours, vanilla)",0.05958662372412493,1.1737680435180664,6.984120845794678,binary,8220
online_shoppers_intention,2,1,TabICLv2+anchor (ours),0.07994586017242189,1.1737680435180664,4.423753023147583,binary,8220
online_shoppers_intention,2,2,"TabICLv2 (ours, vanilla)",0.06258463591169638,1.2827181816101074,6.923065900802612,binary,8220
online_shoppers_intention,2,2,TabICLv2+anchor (ours),0.09233121698294244,1.2827181816101074,4.408527612686157,binary,8220
in_vehicle_coupon_recommendation,0,0,"TabICLv2 (ours, vanilla)",0.14944995274688389,1.697646141052246,8.502803564071655,binary,8456
in_vehicle_coupon_recommendation,0,0,TabICLv2+anchor (ours),0.2716476057813001,1.697646141052246,5.515293121337891,binary,8456
in_vehicle_coupon_recommendation,0,1,"TabICLv2 (ours, vanilla)",0.15673798163254837,1.5218274593353271,8.157360076904297,binary,8456
in_vehicle_coupon_recommendation,0,1,TabICLv2+anchor (ours),0.27874072933946725,1.5218274593353271,5.428138732910156,binary,8456
in_vehicle_coupon_recommendation,0,2,"TabICLv2 (ours, vanilla)",0.16345401581356644,1.7159864902496338,8.145689249038696,binary,8456
in_vehicle_coupon_recommendation,0,2,TabICLv2+anchor (ours),0.2810328413683809,1.7159864902496338,5.469068288803101,binary,8456
in_vehicle_coupon_recommendation,1,0,"TabICLv2 (ours, vanilla)",0.1515285653297136,1.371819019317627,8.124745607376099,binary,8456
in_vehicle_coupon_recommendation,1,0,TabICLv2+anchor (ours),0.29380685425606445,1.371819019317627,5.499149799346924,binary,8456
in_vehicle_coupon_recommendation,1,1,"TabICLv2 (ours, vanilla)",0.15552990269013045,1.5622375011444092,8.136208534240723,binary,8456
in_vehicle_coupon_recommendation,1,1,TabICLv2+anchor (ours),0.272269480500972,1.5622375011444092,5.438701391220093,binary,8456
in_vehicle_coupon_recommendation,1,2,"TabICLv2 (ours, vanilla)",0.15425067980093377,1.545503854751587,8.121245384216309,binary,8456
in_vehicle_coupon_recommendation,1,2,TabICLv2+anchor (ours),0.2625339330403206,1.545503854751587,5.452203989028931,binary,8456
in_vehicle_coupon_recommendation,2,0,"TabICLv2 (ours, vanilla)",0.1585491423285752,1.5761117935180664,8.171633958816528,binary,8456
in_vehicle_coupon_recommendation,2,0,TabICLv2+anchor (ours),0.26695593236418835,1.5761117935180664,5.465313673019409,binary,8456
in_vehicle_coupon_recommendation,2,1,"TabICLv2 (ours, vanilla)",0.15543002753407553,1.5149033069610596,8.125592947006226,binary,8456
in_vehicle_coupon_recommendation,2,1,TabICLv2+anchor (ours),0.28298143302606904,1.5149033069610596,5.430833101272583,binary,8456
in_vehicle_coupon_recommendation,2,2,"TabICLv2 (ours, vanilla)",0.15532342562664248,1.5253143310546875,8.114282131195068,binary,8456
in_vehicle_coupon_recommendation,2,2,TabICLv2+anchor (ours),0.27804559369281545,1.5253143310546875,5.515822172164917,binary,8456
HR_Analytics_Job_Change_of_Data_Scientists,0,0,"TabICLv2 (ours, vanilla)",0.1835848647702426,1.3545701503753662,13.076664924621582,binary,12772
HR_Analytics_Job_Change_of_Data_Scientists,0,0,TabICLv2+anchor (ours),0.2016716875994491,1.3545701503753662,6.0705766677856445,binary,12772
HR_Analytics_Job_Change_of_Data_Scientists,0,1,"TabICLv2 (ours, vanilla)",0.19946526803814646,1.1855266094207764,13.204223155975342,binary,12772
HR_Analytics_Job_Change_of_Data_Scientists,0,1,TabICLv2+anchor (ours),0.2162486399456608,1.1855266094207764,5.9090752601623535,binary,12772
HR_Analytics_Job_Change_of_Data_Scientists,0,2,"TabICLv2 (ours, vanilla)",0.19549048105700284,1.482994556427002,13.252567052841187,binary,12772
HR_Analytics_Job_Change_of_Data_Scientists,0,2,TabICLv2+anchor (ours),0.212849312445475,1.482994556427002,5.890170574188232,binary,12772
HR_Analytics_Job_Change_of_Data_Scientists,1,0,"TabICLv2 (ours, vanilla)",0.18445088395670473,1.400562047958374,13.21193552017212,binary,12772
HR_Analytics_Job_Change_of_Data_Scientists,1,0,TabICLv2+anchor (ours),0.20495016540776456,1.400562047958374,5.866491079330444,binary,12772
HR_Analytics_Job_Change_of_Data_Scientists,1,1,"TabICLv2 (ours, vanilla)",0.1993707324691878,1.337867259979248,13.211409091949463,binary,12772
HR_Analytics_Job_Change_of_Data_Scientists,1,1,TabICLv2+anchor (ours),0.21169809204554257,1.337867259979248,5.913130044937134,binary,12772
HR_Analytics_Job_Change_of_Data_Scientists,1,2,"TabICLv2 (ours, vanilla)",0.1966937816959211,1.3901925086975098,13.443032264709473,binary,12772
HR_Analytics_Job_Change_of_Data_Scientists,1,2,TabICLv2+anchor (ours),0.2137727269929246,1.3901925086975098,5.911419153213501,binary,12772
HR_Analytics_Job_Change_of_Data_Scientists,2,0,"TabICLv2 (ours, vanilla)",0.19773277107271858,1.3461968898773193,13.30099868774414,binary,12772
HR_Analytics_Job_Change_of_Data_Scientists,2,0,TabICLv2+anchor (ours),0.21061974452990861,1.3461968898773193,5.920000791549683,binary,12772
HR_Analytics_Job_Change_of_Data_Scientists,2,1,"TabICLv2 (ours, vanilla)",0.19360013196981996,1.2536847591400146,13.328743934631348,binary,12772
HR_Analytics_Job_Change_of_Data_Scientists,2,1,TabICLv2+anchor (ours),0.20793979545202024,1.2536847591400146,5.897634983062744,binary,12772
HR_Analytics_Job_Change_of_Data_Scientists,2,2,"TabICLv2 (ours, vanilla)",0.1905156596726577,1.5036182403564453,13.361966133117676,binary,12772
HR_Analytics_Job_Change_of_Data_Scientists,2,2,TabICLv2+anchor (ours),0.20903594630640077,1.5036182403564453,5.849809169769287,binary,12772
credit_card_clients_default,0,0,"TabICLv2 (ours, vanilla)",0.20516395836874268,2.8888630867004395,34.48831534385681,binary,20000
credit_card_clients_default,0,0,TabICLv2+anchor (ours),0.23343495255370383,2.8888630867004395,13.694341897964478,binary,20000
credit_card_clients_default,0,1,"TabICLv2 (ours, vanilla)",0.21394920873305345,3.317631483078003,21.36467218399048,binary,20000
credit_card_clients_default,0,1,TabICLv2+anchor (ours),0.24155706001071808,3.317631483078003,9.627922296524048,binary,20000
credit_card_clients_default,0,2,"TabICLv2 (ours, vanilla)",0.20761208415413523,4.577091455459595,19.401504516601562,binary,20000
credit_card_clients_default,0,2,TabICLv2+anchor (ours),0.237745439499355,4.577091455459595,9.452311992645264,binary,20000
credit_card_clients_default,1,0,"TabICLv2 (ours, vanilla)",0.2074922435963522,2.6385281085968018,19.47562074661255,binary,20000
credit_card_clients_default,1,0,TabICLv2+anchor (ours),0.23273564560305604,2.6385281085968018,9.913824796676636,binary,20000
credit_card_clients_default,1,1,"TabICLv2 (ours, vanilla)",0.20954799241379374,2.270190954208374,19.398741006851196,binary,20000
credit_card_clients_default,1,1,TabICLv2+anchor (ours),0.24287472566409485,2.270190954208374,9.613544940948486,binary,20000
credit_card_clients_default,1,2,"TabICLv2 (ours, vanilla)",0.21055913442203944,2.6262478828430176,20.097848176956177,binary,20000
credit_card_clients_default,1,2,TabICLv2+anchor (ours),0.23724303212342257,2.6262478828430176,9.677093267440796,binary,20000
credit_card_clients_default,2,0,"TabICLv2 (ours, vanilla)",0.21513156397703703,2.5212132930755615,19.37682795524597,binary,20000
credit_card_clients_default,2,0,TabICLv2+anchor (ours),0.24259655857623041,2.5212132930755615,9.406709432601929,binary,20000
credit_card_clients_default,2,1,"TabICLv2 (ours, vanilla)",0.20358542399815727,2.789550304412842,19.405242204666138,binary,20000
credit_card_clients_default,2,1,TabICLv2+anchor (ours),0.23185760817170387,2.789550304412842,9.638448715209961,binary,20000
credit_card_clients_default,2,2,"TabICLv2 (ours, vanilla)",0.20963129161477156,2.6083261966705322,19.655021905899048,binary,20000
credit_card_clients_default,2,2,TabICLv2+anchor (ours),0.2384652374729611,2.6083261966705322,10.000300645828247,binary,20000
Amazon_employee_access,0,0,"TabICLv2 (ours, vanilla)",0.1529289602934356,2.1117072105407715,18.668798208236694,binary,21846
Amazon_employee_access,0,0,TabICLv2+anchor (ours),0.3624877612120213,2.1117072105407715,7.116390228271484,binary,21846
Amazon_employee_access,0,1,"TabICLv2 (ours, vanilla)",0.1488053651402419,2.0079898834228516,18.09894895553589,binary,21846
Amazon_employee_access,0,1,TabICLv2+anchor (ours),0.365185599067146,2.0079898834228516,6.877173900604248,binary,21846
Amazon_employee_access,0,2,"TabICLv2 (ours, vanilla)",0.14347677233836442,2.3738203048706055,18.258673667907715,binary,21846
Amazon_employee_access,0,2,TabICLv2+anchor (ours),0.3606713369166217,2.3738203048706055,6.677988767623901,binary,21846
Amazon_employee_access,1,0,"TabICLv2 (ours, vanilla)",0.1543271188171058,2.208948850631714,18.281153678894043,binary,21846
Amazon_employee_access,1,0,TabICLv2+anchor (ours),0.3465998617447468,2.208948850631714,6.894490718841553,binary,21846
Amazon_employee_access,1,1,"TabICLv2 (ours, vanilla)",0.1444577509658802,2.0446882247924805,18.3988196849823,binary,21846
Amazon_employee_access,1,1,TabICLv2+anchor (ours),0.3680563328655123,2.0446882247924805,6.794217109680176,binary,21846
Amazon_employee_access,1,2,"TabICLv2 (ours, vanilla)",0.15593261452628893,2.41821551322937,18.22679042816162,binary,21846
Amazon_employee_access,1,2,TabICLv2+anchor (ours),0.3716451961059757,2.41821551322937,6.683800220489502,binary,21846
Amazon_employee_access,2,0,"TabICLv2 (ours, vanilla)",0.1619782832240042,4.134518623352051,19.51965308189392,binary,21846
Amazon_employee_access,2,0,TabICLv2+anchor (ours),0.37434516334169343,4.134518623352051,6.715710878372192,binary,21846
Amazon_employee_access,2,1,"TabICLv2 (ours, vanilla)",0.15701749962176625,2.149008274078369,20.75648021697998,binary,21846
Amazon_employee_access,2,1,TabICLv2+anchor (ours),0.34847557900537407,2.149008274078369,6.670828580856323,binary,21846
Amazon_employee_access,2,2,"TabICLv2 (ours, vanilla)",0.145424245076049,1.9374566078186035,18.64971423149109,binary,21846
Amazon_employee_access,2,2,TabICLv2+anchor (ours),0.3570561151565117,1.9374566078186035,6.628216028213501,binary,21846
bank-marketing,0,0,"TabICLv2 (ours, vanilla)",0.2240991434491274,2.9188618659973145,33.23811197280884,binary,30140
bank-marketing,0,0,TabICLv2+anchor (ours),0.248564338323359,2.9188618659973145,10.325701713562012,binary,30140
bank-marketing,0,1,"TabICLv2 (ours, vanilla)",0.26215118591492725,2.4268319606781006,37.123591899871826,binary,30141
bank-marketing,0,1,TabICLv2+anchor (ours),0.26753898222955175,2.4268319606781006,11.003734350204468,binary,30141
bank-marketing,0,2,"TabICLv2 (ours, vanilla)",0.2379482589287979,3.1663148403167725,34.501482248306274,binary,30141
bank-marketing,0,2,TabICLv2+anchor (ours),0.2606439976469125,3.1663148403167725,11.098763704299927,binary,30141
bank-marketing,1,0,"TabICLv2 (ours, vanilla)",0.24219499749467266,2.6600985527038574,33.818193435668945,binary,30140
bank-marketing,1,0,TabICLv2+anchor (ours),0.259274186467618,2.6600985527038574,11.053788423538208,binary,30140
bank-marketing,1,1,"TabICLv2 (ours, vanilla)",0.23077640165759594,4.302745342254639,33.71161198616028,binary,30141
bank-marketing,1,1,TabICLv2+anchor (ours),0.2525614719814686,4.302745342254639,12.254283666610718,binary,30141
bank-marketing,1,2,"TabICLv2 (ours, vanilla)",0.24442436460904216,2.1011006832122803,32.62945485115051,binary,30141
bank-marketing,1,2,TabICLv2+anchor (ours),0.2643645263490686,2.1011006832122803,13.111754655838013,binary,30141
bank-marketing,2,0,"TabICLv2 (ours, vanilla)",0.24514457503289144,2.1930510997772217,32.757726192474365,binary,30140
bank-marketing,2,0,TabICLv2+anchor (ours),0.25433515824138464,2.1930510997772217,11.910850048065186,binary,30140
bank-marketing,2,1,"TabICLv2 (ours, vanilla)",0.24098290379881426,1.5637285709381104,32.464476585388184,binary,30141
bank-marketing,2,1,TabICLv2+anchor (ours),0.26241891547490925,1.5637285709381104,12.804040431976318,binary,30141
bank-marketing,2,2,"TabICLv2 (ours, vanilla)",0.23682188516307234,2.5965497493743896,33.01832842826843,binary,30141
bank-marketing,2,2,TabICLv2+anchor (ours),0.2629984917887246,2.5965497493743896,10.930833339691162,binary,30141
